weather_id,city,country_code,date,continent,climate_zone,year,month_number,month_name,day_of_week,season,temp_max_celsius,temp_min_celsius,temp_mean_celsius,temp_range_celsius,precipitation_mm,rain_mm,snowfall_mm,precipitation_category,is_rainy_day,wind_max_kmh,humidity_pct,daylight_hours
a12f2d2e1c6098cc407951b8d7b86039,Berlin,DE,2025-07-23,Europe,Temperate,2025,7,July,Wednesday,Summer,19.7,15.6,17.6,4.1,25.3,25.3,0.0,heavy,True,20.2,87.0,16.0
7354299456f27cd182decfedffbc95e3,Berlin,DE,2025-07-24,Europe,Temperate,2025,7,July,Thursday,Summer,22.4,16.2,19.5,6.2,1.4,1.4,0.0,light,True,13.3,81.0,15.95
99e72ce741c0b87102c095e3e9023360,Berlin,DE,2025-07-25,Europe,Temperate,2025,7,July,Friday,Summer,23.6,17.9,19.9,5.7,7.6,7.6,0.0,moderate,True,15.9,84.0,15.9
689992012d461399c22d9426917c9e3a,Berlin,DE,2025-07-26,Europe,Temperate,2025,7,July,Saturday,Summer,20.8,17.2,18.8,3.6,0.8,0.8,0.0,light,True,9.5,82.0,15.85
5fdaeeb92b003ec2e0472f8604d213cc,Berlin,DE,2025-07-27,Europe,Temperate,2025,7,July,Sunday,Summer,23.8,15.2,19.7,8.6,0.7,0.7,0.0,light,True,7.6,73.0,15.8
40fc996c92ba178e0cd76d331a91eeee,Berlin,DE,2025-07-28,Europe,Temperate,2025,7,July,Monday,Summer,22.3,15.5,18.3,6.8,4.4,4.4,0.0,moderate,True,17.7,80.0,15.75
47233e30a1ef8401893d612f5526a581,Berlin,DE,2025-07-29,Europe,Temperate,2025,7,July,Tuesday,Summer,20.2,14.1,17.1,6.1,1.1,1.1,0.0,light,True,18.2,75.0,15.7
81432279314ca61bdd0e41466e3ba8c0,Berlin,DE,2025-07-30,Europe,Temperate,2025,7,July,Wednesday,Summer,21.4,13.0,17.2,8.4,0.1,0.1,0.0,light,True,13.4,68.0,15.65
41c40e4da07bca2b8722924ecf3823c0,Berlin,DE,2025-07-31,Europe,Temperate,2025,7,July,Thursday,Summer,19.4,14.1,16.4,5.3,3.1,3.1,0.0,moderate,True,18.4,77.0,15.59
dfad97c0758842afae1f0649181f5f32,Berlin,DE,2025-08-01,Europe,Temperate,2025,8,August,Friday,Summer,20.8,14.5,17.2,6.3,5.5,5.5,0.0,moderate,True,14.0,82.0,15.54
117a09679c3a0a50d8a9059dd281851e,Berlin,DE,2025-08-02,Europe,Temperate,2025,8,August,Saturday,Summer,21.6,13.9,17.4,7.7,3.1,3.1,0.0,moderate,True,13.3,80.0,15.48
54633c8b5ef4b908add09faefb78c38e,Berlin,DE,2025-08-03,Europe,Temperate,2025,8,August,Sunday,Summer,18.9,13.8,16.3,5.1,1.0,1.0,0.0,light,True,16.9,81.0,15.43
2bf00ead3e975b610f8bae7ada206c52,Berlin,DE,2025-08-04,Europe,Temperate,2025,8,August,Monday,Summer,22.2,14.7,17.6,7.5,8.5,8.5,0.0,heavy,True,15.6,80.0,15.37
bd0c853695e96105d51140c5a30d91e8,Berlin,DE,2025-08-05,Europe,Temperate,2025,8,August,Tuesday,Summer,19.2,15.5,17.9,3.7,7.9,7.9,0.0,heavy,True,16.0,81.0,15.31
8fb7f315a6011178bc4dc1b89c3b3f7e,Berlin,DE,2025-08-06,Europe,Temperate,2025,8,August,Wednesday,Summer,20.4,12.0,16.2,8.4,0.7,0.7,0.0,light,True,17.8,69.0,15.25
0dba93460456a626c21fe8171eea7d9f,Berlin,DE,2025-08-07,Europe,Temperate,2025,8,August,Thursday,Summer,24.1,12.7,18.4,11.4,0.0,0.0,0.0,dry,False,10.9,68.0,15.2
81fa43fa93335b2ccb4b910aa4ebdcc1,Berlin,DE,2025-08-08,Europe,Temperate,2025,8,August,Friday,Summer,26.8,15.5,20.7,11.3,0.0,0.0,0.0,dry,False,15.5,67.0,15.14
f0c7f3cafab1716ee311258028ad6073,Berlin,DE,2025-08-09,Europe,Temperate,2025,8,August,Saturday,Summer,28.5,14.9,21.8,13.6,0.0,0.0,0.0,dry,False,10.9,70.0,15.08
0fb96b687ba507b77e473daf49c38c8b,Berlin,DE,2025-08-10,Europe,Temperate,2025,8,August,Sunday,Summer,23.5,16.2,19.8,7.3,0.0,0.0,0.0,dry,False,18.5,62.0,15.02
acf580615380f249a7a1af6745e3816a,Berlin,DE,2025-08-11,Europe,Temperate,2025,8,August,Monday,Summer,25.2,12.1,19.2,13.1,0.0,0.0,0.0,dry,False,6.5,62.0,14.96
61629da9011e6f7df791bd63bfabcf50,Berlin,DE,2025-08-12,Europe,Temperate,2025,8,August,Tuesday,Summer,28.8,14.1,21.8,14.7,0.0,0.0,0.0,dry,False,11.4,57.0,14.9
bec040dd066221a8b59563d8de1d7121,Berlin,DE,2025-08-13,Europe,Temperate,2025,8,August,Wednesday,Summer,31.5,16.7,23.8,14.8,0.0,0.0,0.0,dry,False,12.2,52.0,14.84
9df87be11668a9a0236206368143f389,Berlin,DE,2025-08-14,Europe,Temperate,2025,8,August,Thursday,Summer,32.8,17.8,25.5,15.0,0.0,0.0,0.0,dry,False,9.1,55.0,14.77
dc30774652d33dab3c5a965aa768c171,Berlin,DE,2025-08-15,Europe,Temperate,2025,8,August,Friday,Summer,33.0,20.2,26.4,12.8,0.5,0.5,0.0,light,True,16.7,56.0,14.71
83e0fb0943600424a00dfd170c71754d,Berlin,DE,2025-08-16,Europe,Temperate,2025,8,August,Saturday,Summer,24.7,17.4,20.8,7.3,0.0,0.0,0.0,dry,False,16.0,66.0,14.65
2f6c79f81afacf50692019503e86fc83,Berlin,DE,2025-08-17,Europe,Temperate,2025,8,August,Sunday,Summer,23.4,12.2,17.9,11.2,0.2,0.2,0.0,light,True,10.6,62.0,14.59
b40fedf2541bb4adb2a3e52349ec997a,Berlin,DE,2025-08-18,Europe,Temperate,2025,8,August,Monday,Summer,24.1,11.6,18.4,12.5,0.0,0.0,0.0,dry,False,9.9,61.0,14.53
1a1ea9447b01916594a6a554ede1ea25,Berlin,DE,2025-08-19,Europe,Temperate,2025,8,August,Tuesday,Summer,26.6,14.0,20.8,12.6,0.0,0.0,0.0,dry,False,9.0,58.0,14.46
1c83489763b5b39fbfb4e644698744a0,Berlin,DE,2025-08-20,Europe,Temperate,2025,8,August,Wednesday,Summer,24.0,14.8,19.5,9.2,0.0,0.0,0.0,dry,False,15.5,62.0,14.4
8aa680c69c6335850fb3b87b4d43ba82,Berlin,DE,2025-08-21,Europe,Temperate,2025,8,August,Thursday,Summer,23.6,11.5,17.7,12.1,0.0,0.0,0.0,dry,False,17.8,55.0,14.34
b9a403a39cf1fb5fe3685c2c1a5cbb7c,Berlin,DE,2025-08-22,Europe,Temperate,2025,8,August,Friday,Summer,19.6,11.1,15.6,8.5,0.1,0.1,0.0,light,True,21.4,61.0,14.27
9a791da9b5a191fc53376ab7f581f90e,Berlin,DE,2025-08-23,Europe,Temperate,2025,8,August,Saturday,Summer,17.5,11.9,14.2,5.6,1.1,1.1,0.0,light,True,23.9,62.0,14.21
f9bf375f19bbe6429a09d6b82f6599ce,Berlin,DE,2025-08-24,Europe,Temperate,2025,8,August,Sunday,Summer,18.3,8.4,13.8,9.9,0.0,0.0,0.0,dry,False,17.9,67.0,14.14
761c0be0d834ceb0424392da0f9170c6,Berlin,DE,2025-08-25,Europe,Temperate,2025,8,August,Monday,Summer,18.7,10.0,14.6,8.7,0.1,0.1,0.0,light,True,17.3,69.0,14.08
a08e01c10eade3bf046b6aefc219dc51,Berlin,DE,2025-08-26,Europe,Temperate,2025,8,August,Tuesday,Summer,21.0,9.0,15.5,12.0,0.0,0.0,0.0,dry,False,8.8,68.0,14.01
5188245cf0df17787c7118a46c1aee22,Berlin,DE,2025-08-27,Europe,Temperate,2025,8,August,Wednesday,Summer,27.9,13.3,20.2,14.6,0.0,0.0,0.0,dry,False,11.8,61.0,13.95
e9ef76a1303523f8c029596bbb632c48,Berlin,DE,2025-08-28,Europe,Temperate,2025,8,August,Thursday,Summer,21.7,17.6,19.6,4.1,9.2,9.2,0.0,heavy,True,11.5,89.0,13.88
4dcd22fa70131bc95f19d5cf1ecf64a0,Berlin,DE,2025-08-29,Europe,Temperate,2025,8,August,Friday,Summer,20.5,16.8,18.5,3.7,2.3,2.3,0.0,light,True,8.6,91.0,13.81
1fc5e065ffa3fa148f5810ae760180e7,Berlin,DE,2025-08-30,Europe,Temperate,2025,8,August,Saturday,Summer,22.4,14.8,18.4,7.6,0.2,0.2,0.0,light,True,10.4,81.0,13.75
79499812a2ff451101b583661ba2a12f,Berlin,DE,2025-08-31,Europe,Temperate,2025,8,August,Sunday,Summer,24.7,12.7,19.0,12.0,0.0,0.0,0.0,dry,False,9.3,71.0,13.68
bc839c6a0691ef23413fb1ccc78fa8c1,Berlin,DE,2025-09-01,Europe,Temperate,2025,9,September,Monday,Autumn,26.5,14.8,20.3,11.7,0.0,0.0,0.0,dry,False,17.4,68.0,13.62
49db21b43a92536fe54a65d21fa0a4e1,Berlin,DE,2025-09-02,Europe,Temperate,2025,9,September,Tuesday,Autumn,20.4,15.8,17.4,4.6,14.1,14.1,0.0,heavy,True,9.8,90.0,13.55
565b81b47d9b8f161475043a038580ff,Berlin,DE,2025-09-03,Europe,Temperate,2025,9,September,Wednesday,Autumn,23.4,14.0,18.6,9.4,0.0,0.0,0.0,dry,False,17.9,73.0,13.48
f7355179940f54dcdbc142e7826149eb,Berlin,DE,2025-09-04,Europe,Temperate,2025,9,September,Thursday,Autumn,26.4,15.9,20.8,10.5,0.0,0.0,0.0,dry,False,12.5,70.0,13.42
e3932b1cb71e6ce282c4d3146c93ef77,Berlin,DE,2025-09-05,Europe,Temperate,2025,9,September,Friday,Autumn,20.0,16.0,17.9,4.0,5.3,5.3,0.0,moderate,True,15.0,84.0,13.35
cc0944d69028293b52c497f717c8d083,Berlin,DE,2025-09-06,Europe,Temperate,2025,9,September,Saturday,Autumn,20.4,13.0,16.7,7.4,0.1,0.1,0.0,light,True,10.2,77.0,13.29
999e99e983eb4f9791a9a0ea01d87792,Berlin,DE,2025-09-07,Europe,Temperate,2025,9,September,Sunday,Autumn,21.3,11.9,16.4,9.4,0.0,0.0,0.0,dry,False,10.9,76.0,13.22
9adb7cd639dc5490be6f457a11bcd80a,Berlin,DE,2025-09-08,Europe,Temperate,2025,9,September,Monday,Autumn,21.9,11.9,16.9,10.0,0.0,0.0,0.0,dry,False,9.7,74.0,13.15
828cd2e7c13eab98e369bc401e9120fa,Berlin,DE,2025-09-09,Europe,Temperate,2025,9,September,Tuesday,Autumn,24.2,12.6,18.4,11.6,0.0,0.0,0.0,dry,False,11.0,79.0,13.09
4d5a7151a5ab160f827eaf29db2426a3,Berlin,DE,2025-09-10,Europe,Temperate,2025,9,September,Wednesday,Autumn,22.1,15.1,18.6,7.0,4.9,4.9,0.0,moderate,True,10.3,80.0,13.02
b4bbe860660be17fce8caa9238bf783e,Berlin,DE,2025-09-11,Europe,Temperate,2025,9,September,Thursday,Autumn,22.1,13.6,17.1,8.5,10.1,10.1,0.0,heavy,True,17.3,85.0,12.95
1fd93061925394d479cf722ac03b83ec,Berlin,DE,2025-09-12,Europe,Temperate,2025,9,September,Friday,Autumn,19.0,12.5,15.4,6.5,5.5,5.5,0.0,moderate,True,16.9,75.0,12.88
b1b6cd5ceeef7399929785ddb0db081a,Berlin,DE,2025-09-13,Europe,Temperate,2025,9,September,Saturday,Autumn,21.0,10.3,14.8,10.7,3.3,3.3,0.0,moderate,True,16.0,76.0,12.81
605c0672d604c88c9252c9c248ce9e2d,Berlin,DE,2025-09-14,Europe,Temperate,2025,9,September,Sunday,Autumn,18.0,12.9,15.2,5.1,0.9,0.9,0.0,light,True,13.4,77.0,12.75
0189f7aac7b199912677780e1689a194,Berlin,DE,2025-09-15,Europe,Temperate,2025,9,September,Monday,Autumn,21.3,11.5,16.1,9.8,5.9,5.9,0.0,moderate,True,19.0,79.0,12.68
a44992af36959283120d0121f40a6c78,Berlin,DE,2025-09-16,Europe,Temperate,2025,9,September,Tuesday,Autumn,17.8,13.2,15.6,4.6,0.3,0.3,0.0,light,True,28.9,64.0,12.61
fa246711cb07d11a493f782c6b37d7cd,Berlin,DE,2025-09-17,Europe,Temperate,2025,9,September,Wednesday,Autumn,17.8,11.4,14.2,6.4,0.5,0.5,0.0,light,True,22.2,78.0,12.54
a85ed5d83532442f6d2309cf58bd4c22,Berlin,DE,2025-09-18,Europe,Temperate,2025,9,September,Thursday,Autumn,19.4,13.0,16.9,6.4,0.5,0.5,0.0,light,True,21.4,81.0,12.47
a6363e61375df31fad9c0c7232c5e71f,Berlin,DE,2025-09-19,Europe,Temperate,2025,9,September,Friday,Autumn,22.9,15.8,19.2,7.1,0.0,0.0,0.0,dry,False,15.5,79.0,12.41
4e4e0234b1f6af8f763534504275bb69,Berlin,DE,2025-09-20,Europe,Temperate,2025,9,September,Saturday,Autumn,27.2,15.2,20.4,12.0,0.0,0.0,0.0,dry,False,12.3,72.0,12.34
9ccd599d1617aa5b4ae142e729be354f,Berlin,DE,2025-09-21,Europe,Temperate,2025,9,September,Sunday,Autumn,25.4,15.1,19.9,10.3,0.0,0.0,0.0,dry,False,19.7,73.0,12.27
78893f97ee2aa7c1c891810528321a05,Berlin,DE,2025-09-22,Europe,Temperate,2025,9,September,Monday,Autumn,15.1,10.5,12.9,4.6,2.0,2.0,0.0,light,True,13.6,76.0,12.2
964ac7a9350e721b37fdc090ae32287a,Berlin,DE,2025-09-23,Europe,Temperate,2025,9,September,Tuesday,Autumn,15.6,6.2,10.9,9.4,0.1,0.1,0.0,light,True,11.2,75.0,12.14
75b6ea31d8c83eb0a8cac7e6a0f4d7d3,Berlin,DE,2025-09-24,Europe,Temperate,2025,9,September,Wednesday,Autumn,15.5,6.4,10.8,9.1,0.0,0.0,0.0,dry,False,19.2,69.0,12.07
5f3a40f074cb50f2ee8168192d6c5da9,Berlin,DE,2025-09-25,Europe,Temperate,2025,9,September,Thursday,Autumn,14.3,7.7,11.1,6.6,0.2,0.2,0.0,light,True,23.7,62.0,12.0
be0ea210e98c3192b95191340d232d99,Berlin,DE,2025-09-26,Europe,Temperate,2025,9,September,Friday,Autumn,15.1,10.3,12.1,4.8,0.2,0.2,0.0,light,True,19.2,64.0,11.94
0095a844589330bc6920271aceaca9e4,Berlin,DE,2025-09-27,Europe,Temperate,2025,9,September,Saturday,Autumn,17.8,9.5,13.1,8.3,0.0,0.0,0.0,dry,False,16.1,66.0,11.87
532444cfb15ea7621e8a49d7c37eadfc,Berlin,DE,2025-09-28,Europe,Temperate,2025,9,September,Sunday,Autumn,17.7,7.6,12.2,10.1,0.0,0.0,0.0,dry,False,11.4,68.0,11.8
8f650a224bd5b141ec0ca7ec8f88a0fe,Berlin,DE,2025-09-29,Europe,Temperate,2025,9,September,Monday,Autumn,16.1,7.0,11.2,9.1,0.0,0.0,0.0,dry,False,13.5,75.0,11.73
7b24fe69faef0c1992e672bdb2a17dfb,Berlin,DE,2025-09-30,Europe,Temperate,2025,9,September,Tuesday,Autumn,13.0,5.5,9.4,7.5,0.0,0.0,0.0,dry,False,12.4,74.0,11.67
1731b3ecee9cca1fa387c183a5ef37e8,Berlin,DE,2025-10-01,Europe,Temperate,2025,10,October,Wednesday,Autumn,12.4,5.3,8.7,7.1,0.1,0.1,0.0,light,True,12.6,80.0,11.6
fa80a939d00136735c2c64d421a520c5,Berlin,DE,2025-10-02,Europe,Temperate,2025,10,October,Thursday,Autumn,14.3,3.9,8.6,10.4,0.0,0.0,0.0,dry,False,6.0,77.0,11.53
3c638fc81c9d06b014d33f6deb6e7098,Berlin,DE,2025-10-03,Europe,Temperate,2025,10,October,Friday,Autumn,13.9,2.5,8.2,11.4,0.0,0.0,0.0,dry,False,11.9,81.0,11.46
6e695e55041bbc5e809bde7ec8730bf0,Berlin,DE,2025-10-04,Europe,Temperate,2025,10,October,Saturday,Autumn,13.0,6.5,9.4,6.5,7.9,7.9,0.0,heavy,True,24.2,81.0,11.39
72b710c34b93f592d344b47e35286861,Berlin,DE,2025-10-05,Europe,Temperate,2025,10,October,Sunday,Autumn,13.9,8.9,11.2,5.0,0.6,0.6,0.0,light,True,25.7,75.0,11.32
a4bcb998c62812b34067a707831d75a7,Berlin,DE,2025-10-06,Europe,Temperate,2025,10,October,Monday,Autumn,14.9,10.2,12.0,4.7,2.6,2.6,0.0,moderate,True,29.3,78.0,11.26
d82312278711076ad413fd448cb2457a,Berlin,DE,2025-10-07,Europe,Temperate,2025,10,October,Tuesday,Autumn,14.9,8.6,11.7,6.3,1.1,1.1,0.0,light,True,10.8,93.0,11.19
855b8e51d63d396209ffbaa563b84e11,Berlin,DE,2025-10-08,Europe,Temperate,2025,10,October,Wednesday,Autumn,15.8,12.7,14.0,3.1,3.6,3.6,0.0,moderate,True,11.7,95.0,11.12
a5b77689496fd6efb706d50da503f78c,Berlin,DE,2025-10-09,Europe,Temperate,2025,10,October,Thursday,Autumn,14.7,11.6,12.9,3.1,0.7,0.7,0.0,light,True,15.7,84.0,11.05
b300e7582aae9f2c2894cf5f6f6ee73c,Berlin,DE,2025-10-10,Europe,Temperate,2025,10,October,Friday,Autumn,14.7,11.6,13.4,3.1,1.4,1.4,0.0,light,True,25.6,83.0,10.99
f12ff0b362660d9bb92f20f2a5a9e772,Berlin,DE,2025-10-11,Europe,Temperate,2025,10,October,Saturday,Autumn,16.3,12.4,14.1,3.9,0.4,0.4,0.0,light,True,22.5,80.0,10.92
008e9494b0292a80c451229bc274a858,Berlin,DE,2025-10-12,Europe,Temperate,2025,10,October,Sunday,Autumn,13.9,11.5,12.6,2.4,0.8,0.8,0.0,light,True,18.7,86.0,10.85
a8b7d51da5f40d30ba4efdef98cdbbab,Berlin,DE,2025-10-13,Europe,Temperate,2025,10,October,Monday,Autumn,14.0,8.1,11.1,5.9,0.1,0.1,0.0,light,True,8.8,84.0,10.79
2c5c53fc8538f897b10ca4e54b4f65fe,Berlin,DE,2025-10-14,Europe,Temperate,2025,10,October,Tuesday,Autumn,12.7,6.8,9.8,5.9,2.3,2.3,0.0,light,True,13.6,93.0,10.72
63a978864717a260456ae3893b1bb2fe,Berlin,DE,2025-10-15,Europe,Temperate,2025,10,October,Wednesday,Autumn,13.7,9.0,11.1,4.7,0.2,0.2,0.0,light,True,10.8,89.0,10.66
eed45dcd80c148cfaa6326df25adee16,Berlin,DE,2025-10-16,Europe,Temperate,2025,10,October,Thursday,Autumn,13.2,9.7,11.3,3.5,0.7,0.7,0.0,light,True,16.4,89.0,10.59
a8cb288bbb5f045887e81cc85b2227f0,Berlin,DE,2025-10-17,Europe,Temperate,2025,10,October,Friday,Autumn,12.5,8.5,10.5,4.0,0.4,0.4,0.0,light,True,19.3,83.0,10.52
411ebb1601b2d0b77d4d276524254275,Berlin,DE,2025-10-18,Europe,Temperate,2025,10,October,Saturday,Autumn,10.3,3.2,6.8,7.1,0.1,0.1,0.0,light,True,15.5,76.0,10.46
db734c2a99881212ebf36fd7b441bf15,Berlin,DE,2025-10-19,Europe,Temperate,2025,10,October,Sunday,Autumn,10.5,0.4,4.8,10.1,0.0,0.0,0.0,dry,False,15.6,79.0,10.39
1f785397ce6c976d1e3e32bb72d936c9,Berlin,DE,2025-10-20,Europe,Temperate,2025,10,October,Monday,Autumn,12.9,3.3,7.8,9.6,0.0,0.0,0.0,dry,False,16.8,76.0,10.33
78b35e55e769649e57a2b68f53d2a9ad,Berlin,DE,2025-10-21,Europe,Temperate,2025,10,October,Tuesday,Autumn,15.6,8.6,11.6,7.0,1.5,1.5,0.0,light,True,17.0,81.0,10.26
33ecb716148fc111163c9e7013002a4c,Berlin,DE,2025-10-22,Europe,Temperate,2025,10,October,Wednesday,Autumn,16.1,9.8,12.2,6.3,0.4,0.4,0.0,light,True,13.4,87.0,10.19
74c3df5370fe5fb29a2a01111d8f1ff1,Berlin,DE,2025-10-23,Europe,Temperate,2025,10,October,Thursday,Autumn,16.1,9.9,12.5,6.2,3.5,3.5,0.0,moderate,True,19.5,88.0,10.13
223f1ff65da07aa0ffb9470a5b1792c2,Berlin,DE,2025-10-24,Europe,Temperate,2025,10,October,Friday,Autumn,12.0,8.5,10.8,3.5,0.1,0.1,0.0,light,True,25.5,70.0,10.06
99be0b2b9e5fe3e4373198791c87e665,Berlin,DE,2025-10-25,Europe,Temperate,2025,10,October,Saturday,Autumn,12.0,6.8,9.1,5.2,1.5,1.5,0.0,light,True,22.2,77.0,10.0
5ba6553bc094eab763e36cba57d26a95,Berlin,DE,2025-10-26,Europe,Temperate,2025,10,October,Sunday,Autumn,9.3,4.8,7.8,4.5,5.9,5.7,0.1,moderate,True,33.2,82.0,9.93
9e5865613e586cf4148152a2549cad28,Berlin,DE,2025-10-27,Europe,Temperate,2025,10,October,Monday,Autumn,9.4,5.4,7.0,4.0,2.7,2.7,0.0,moderate,True,23.8,85.0,9.87
80664327dccd4a63f68cb109000a76ce,Berlin,DE,2025-10-28,Europe,Temperate,2025,10,October,Tuesday,Autumn,10.0,7.0,8.4,3.0,7.8,7.8,0.0,heavy,True,23.2,85.0,9.8
31ee19b675fef607485d405bc6381efb,Berlin,DE,2025-10-29,Europe,Temperate,2025,10,October,Wednesday,Autumn,13.6,7.4,10.2,6.2,0.0,0.0,0.0,dry,False,18.7,81.0,9.74
71788efbcf862469e74f2766002681cd,Berlin,DE,2025-10-30,Europe,Temperate,2025,10,October,Thursday,Autumn,11.7,8.5,10.3,3.2,7.9,7.9,0.0,heavy,True,32.2,79.0,9.68
6dead9559d1880388e87e5c54a87ae5f,Berlin,DE,2025-10-31,Europe,Temperate,2025,10,October,Friday,Autumn,12.0,4.1,7.9,7.9,0.0,0.0,0.0,dry,False,14.3,82.0,9.61
ba82981d8fec28ed435d5950825953c5,Berlin,DE,2025-11-01,Europe,Temperate,2025,11,November,Saturday,Autumn,15.1,6.2,10.4,8.9,4.7,4.7,0.0,moderate,True,15.7,82.0,9.55
3c7a8867c0abf4e6a20364b592c11950,Berlin,DE,2025-11-02,Europe,Temperate,2025,11,November,Sunday,Autumn,12.7,9.3,11.0,3.4,0.2,0.2,0.0,light,True,12.5,93.0,9.49
7dc170729be457982209b808fc7bdab7,Berlin,DE,2025-11-03,Europe,Temperate,2025,11,November,Monday,Autumn,12.0,8.2,9.6,3.8,0.9,0.9,0.0,light,True,17.5,83.0,9.43
d4c94558b9626751c56272c65daee74e,Berlin,DE,2025-11-04,Europe,Temperate,2025,11,November,Tuesday,Autumn,14.1,7.9,10.5,6.2,0.0,0.0,0.0,dry,False,13.0,84.0,9.37
b6600bd6b93b9a0c6bd7d3ba5da6cea2,Berlin,DE,2025-11-05,Europe,Temperate,2025,11,November,Wednesday,Autumn,14.8,6.3,9.5,8.5,0.0,0.0,0.0,dry,False,11.9,81.0,9.31
16e72923daf089f194cbb4ffd08a759f,Berlin,DE,2025-11-06,Europe,Temperate,2025,11,November,Thursday,Autumn,13.7,5.4,8.4,8.3,0.0,0.0,0.0,dry,False,13.0,80.0,9.25
c589a1c686ed7882094af3b8f01a549e,Berlin,DE,2025-11-07,Europe,Temperate,2025,11,November,Friday,Autumn,11.9,5.1,7.5,6.8,0.0,0.0,0.0,dry,False,13.1,83.0,9.19
5764f1f7115c9c01b198cbc9cfef02cf,Berlin,DE,2025-11-08,Europe,Temperate,2025,11,November,Saturday,Autumn,8.3,1.5,4.6,6.8,0.0,0.0,0.0,dry,False,9.7,91.0,9.13
29ded871f97202b261334bfc78ec8c53,Berlin,DE,2025-11-09,Europe,Temperate,2025,11,November,Sunday,Autumn,7.6,1.3,4.6,6.3,0.0,0.0,0.0,dry,False,5.1,95.0,9.08
28b4c98a22ac0a383efeec485ad19e22,Berlin,DE,2025-11-10,Europe,Temperate,2025,11,November,Monday,Autumn,10.3,6.1,7.7,4.2,0.2,0.2,0.0,light,True,10.0,95.0,9.02
4a5baf6954016e3b5dcf9b2add6bde44,Berlin,DE,2025-11-11,Europe,Temperate,2025,11,November,Tuesday,Autumn,9.8,3.9,6.5,5.9,1.3,1.3,0.0,light,True,11.6,95.0,8.96
62d20c96a2f85a544263b709203eacb5,Berlin,DE,2025-11-12,Europe,Temperate,2025,11,November,Wednesday,Autumn,11.4,4.3,7.6,7.1,0.0,0.0,0.0,dry,False,13.0,90.0,8.9
e77c3458838191b2efe8e3da60a8a4ef,Berlin,DE,2025-11-13,Europe,Temperate,2025,11,November,Thursday,Autumn,14.9,7.8,10.8,7.1,0.0,0.0,0.0,dry,False,15.4,76.0,8.85
3a84c7969c2793dd7bf9a9bc5d637868,Berlin,DE,2025-11-14,Europe,Temperate,2025,11,November,Friday,Autumn,11.3,7.4,9.8,3.9,4.1,4.1,0.0,moderate,True,12.6,92.0,8.79
69491a63e41f3418a34cf7289cea4ff2,Berlin,DE,2025-11-15,Europe,Temperate,2025,11,November,Saturday,Autumn,7.0,4.6,5.3,2.4,11.4,11.4,0.0,heavy,True,19.1,93.0,8.74
35c757adf119a4c715e06be3bc1cdef5,Berlin,DE,2025-11-16,Europe,Temperate,2025,11,November,Sunday,Autumn,9.2,4.9,6.2,4.3,5.7,5.7,0.0,moderate,True,13.7,96.0,8.68
826c7ed0e31f7ee4b6b2a778d27317c5,Berlin,DE,2025-11-17,Europe,Temperate,2025,11,November,Monday,Autumn,5.5,0.8,3.3,4.7,7.2,2.6,3.2,moderate,True,14.9,92.0,8.63
424f1eeb4cb251b650d018d8e4e919d3,Berlin,DE,2025-11-18,Europe,Temperate,2025,11,November,Tuesday,Autumn,5.7,0.4,2.9,5.3,0.0,0.0,0.0,dry,False,21.5,87.0,8.58
89ab19649d44d1a7bae51594d7b84dc7,Berlin,DE,2025-11-19,Europe,Temperate,2025,11,November,Wednesday,Autumn,5.0,1.2,2.9,3.8,2.0,1.9,0.1,light,True,17.2,87.0,8.53
578b2f7994140fa789f597d2f60a240b,Berlin,DE,2025-11-20,Europe,Temperate,2025,11,November,Thursday,Autumn,3.8,-0.3,1.9,4.1,7.7,3.5,2.9,heavy,True,18.6,90.0,8.48
f401e117ddb25397c87f78677cf9e985,Berlin,DE,2025-11-21,Europe,Temperate,2025,11,November,Friday,Autumn,1.6,-3.6,-1.3,5.2,0.0,0.0,0.0,dry,False,12.1,87.0,8.43
a28d9a26271753ceb5a0a2fa69c760a6,Berlin,DE,2025-11-22,Europe,Temperate,2025,11,November,Saturday,Autumn,1.7,-5.4,-2.1,7.1,0.0,0.0,0.0,dry,False,10.0,87.0,8.39
92fb8823d602c44197cc23c9c6786144,Berlin,DE,2025-11-23,Europe,Temperate,2025,11,November,Sunday,Autumn,0.3,-5.2,-2.9,5.5,0.0,0.0,0.0,dry,False,13.8,80.0,8.34
c597e65cff2ba2589d2d4c83ca80264e,Berlin,DE,2025-11-24,Europe,Temperate,2025,11,November,Monday,Autumn,2.8,-4.2,-0.1,7.0,0.7,0.0,0.5,light,True,17.8,81.0,8.3
995e4ac92f2aab332c255d7bebd73645,Berlin,DE,2025-11-25,Europe,Temperate,2025,11,November,Tuesday,Autumn,3.3,0.1,1.4,3.2,0.0,0.0,0.0,dry,False,8.9,92.0,8.25
477e63f12276d58704b21f5b80384fb9,Berlin,DE,2025-11-26,Europe,Temperate,2025,11,November,Wednesday,Autumn,4.6,-1.0,1.3,5.6,0.0,0.0,0.0,dry,False,15.2,92.0,8.21
b4f6bc299afaf4e1db36029f3cb47cc8,Berlin,DE,2025-11-27,Europe,Temperate,2025,11,November,Thursday,Autumn,3.9,-0.3,2.1,4.2,0.0,0.0,0.0,dry,False,15.5,88.0,8.17
b1664dc2d4cc05f7d689dd0806c5dae5,Berlin,DE,2025-11-28,Europe,Temperate,2025,11,November,Friday,Autumn,5.8,3.7,4.8,2.1,0.6,0.6,0.0,light,True,13.3,85.0,8.13
f3f7831971d35bb59f335ccc94686906,Berlin,DE,2025-11-29,Europe,Temperate,2025,11,November,Saturday,Autumn,7.5,5.1,6.2,2.4,1.8,1.8,0.0,light,True,13.0,95.0,8.09
47c213258d74e5556679073ea14a6911,Berlin,DE,2025-11-30,Europe,Temperate,2025,11,November,Sunday,Autumn,7.9,4.5,6.0,3.4,0.9,0.9,0.0,light,True,13.0,92.0,8.06
60543549ac53691bfda3f82bd2bef1da,Berlin,DE,2025-12-01,Europe,Temperate,2025,12,December,Monday,Winter,6.1,1.4,3.5,4.7,0.0,0.0,0.0,dry,False,11.7,90.0,8.02
f53699ae258bf741addc0c70461fc2c8,Berlin,DE,2025-12-02,Europe,Temperate,2025,12,December,Tuesday,Winter,4.2,-0.8,0.9,5.0,0.0,0.0,0.0,dry,False,13.5,91.0,7.98
14547ca2c98ebb6e81434528e7bd56a8,Berlin,DE,2025-12-03,Europe,Temperate,2025,12,December,Wednesday,Winter,3.9,-0.8,1.9,4.7,0.0,0.0,0.0,dry,False,10.3,94.0,7.95
1f555d4b26b4b1c034e743e3c6bd02b9,Berlin,DE,2025-12-04,Europe,Temperate,2025,12,December,Thursday,Winter,4.1,-0.4,1.7,4.5,0.0,0.0,0.0,dry,False,12.1,92.0,7.92
67867e119718c3ae3588a064b48ddc2c,Berlin,DE,2025-12-05,Europe,Temperate,2025,12,December,Friday,Winter,4.4,2.1,3.2,2.3,3.0,3.0,0.0,moderate,True,10.0,96.0,7.89
159df458b8f21133ffbe226d010aea6d,Berlin,DE,2025-12-06,Europe,Temperate,2025,12,December,Saturday,Winter,4.4,-0.2,2.2,4.6,0.0,0.0,0.0,dry,False,13.6,94.0,7.86
bf973dad595f40c058a20453349a3cf7,Berlin,DE,2025-12-07,Europe,Temperate,2025,12,December,Sunday,Winter,9.1,3.7,5.7,5.4,0.2,0.2,0.0,light,True,12.9,95.0,7.83
1503edce5c570bcbc7abe9ce5318c680,Berlin,DE,2025-12-08,Europe,Temperate,2025,12,December,Monday,Winter,12.7,5.6,9.8,7.1,5.6,5.6,0.0,moderate,True,17.1,91.0,7.81
b39d4823191225e0f071ce0db868890f,Berlin,DE,2025-12-09,Europe,Temperate,2025,12,December,Tuesday,Winter,11.7,10.1,10.9,1.6,5.3,5.3,0.0,moderate,True,15.4,97.0,7.78
5835a81cc5c30ab0a5bc73b4e994322a,Berlin,DE,2025-12-10,Europe,Temperate,2025,12,December,Wednesday,Winter,11.5,8.5,10.1,3.0,0.7,0.7,0.0,light,True,15.6,94.0,7.76
d067808a3aa96173ffcb4fa0ec1f5f18,Berlin,DE,2025-12-11,Europe,Temperate,2025,12,December,Thursday,Winter,10.3,6.1,8.6,4.2,0.0,0.0,0.0,dry,False,16.6,89.0,7.74
ae4484327c45df3ff9b6c1bd3f524508,Berlin,DE,2025-12-12,Europe,Temperate,2025,12,December,Friday,Winter,6.2,2.7,4.5,3.5,0.0,0.0,0.0,dry,False,12.3,93.0,7.72
4134e8afb1deb646bd22b5ba827eaefd,Berlin,DE,2025-12-13,Europe,Temperate,2025,12,December,Saturday,Winter,7.9,3.2,5.6,4.7,0.0,0.0,0.0,dry,False,13.3,98.0,7.71
2c781aec540aa65655a3e33412f6f196,Berlin,DE,2025-12-14,Europe,Temperate,2025,12,December,Sunday,Winter,6.8,3.4,4.7,3.4,0.0,0.0,0.0,dry,False,13.5,93.0,7.69
46413cc89c26f747a8c515542e6d4364,Berlin,DE,2025-12-15,Europe,Temperate,2025,12,December,Monday,Winter,6.4,2.9,4.2,3.5,0.0,0.0,0.0,dry,False,13.7,92.0,7.68
fb020142cff8ab9f10f6fca7d802dd85,Berlin,DE,2025-12-16,Europe,Temperate,2025,12,December,Tuesday,Winter,5.1,0.8,2.5,4.3,0.0,0.0,0.0,dry,False,11.2,87.0,7.67
0eff14f2279c6fad58380cde0452ceb5,Berlin,DE,2025-12-17,Europe,Temperate,2025,12,December,Wednesday,Winter,4.1,-2.1,0.6,6.2,0.0,0.0,0.0,dry,False,11.4,90.0,7.66
6a8a911bad8302b65da09a5d84f0b098,Berlin,DE,2025-12-18,Europe,Temperate,2025,12,December,Thursday,Winter,8.7,2.1,5.2,6.6,0.1,0.1,0.0,light,True,15.2,92.0,7.66
1c6df019d09cd1e476d3c1d1a9a8371d,Berlin,DE,2025-12-19,Europe,Temperate,2025,12,December,Friday,Winter,9.2,4.7,6.7,4.5,0.2,0.2,0.0,light,True,15.5,83.0,7.65
f24e7396a65bc050d1eb3802839562db,Berlin,DE,2025-12-20,Europe,Temperate,2025,12,December,Saturday,Winter,7.9,4.0,6.3,3.9,0.4,0.4,0.0,light,True,9.7,96.0,7.65
b69fb8d1430b12b12f600bc44a4b0552,Berlin,DE,2025-12-21,Europe,Temperate,2025,12,December,Sunday,Winter,7.1,4.9,6.1,2.2,0.0,0.0,0.0,dry,False,14.2,97.0,7.65
b3c89c63b1e7bdad7586f4dc0931e0c8,Berlin,DE,2025-12-22,Europe,Temperate,2025,12,December,Monday,Winter,4.8,1.4,3.1,3.4,0.0,0.0,0.0,dry,False,14.8,89.0,7.65
41d101ee423180d9ed43533cbf9758db,Berlin,DE,2025-12-23,Europe,Temperate,2025,12,December,Tuesday,Winter,2.6,1.1,1.8,1.5,0.0,0.0,0.0,dry,False,19.0,81.0,7.65
9dac2bee1fb7670b8b0f5954ac1077c0,Berlin,DE,2025-12-24,Europe,Temperate,2025,12,December,Wednesday,Winter,1.2,-6.0,-2.6,7.2,0.0,0.0,0.0,dry,False,15.2,80.0,7.65
11ba50242c4a16e89f1314bee262a188,Berlin,DE,2025-12-25,Europe,Temperate,2025,12,December,Thursday,Winter,-4.3,-9.2,-7.0,4.9,0.0,0.0,0.0,dry,False,12.8,74.0,7.66
3f1e3aabcd4d5e64ef5c118f8efbbe1a,Berlin,DE,2025-12-26,Europe,Temperate,2025,12,December,Friday,Winter,-0.9,-8.6,-4.6,7.7,0.0,0.0,0.0,dry,False,6.2,75.0,7.67
318a7df91b21b8974a015c012c94fb6d,Berlin,DE,2025-12-27,Europe,Temperate,2025,12,December,Saturday,Winter,3.5,-1.5,0.3,5.0,0.0,0.0,0.0,dry,False,17.6,93.0,7.68
15a217fcd7253f1896d3ef54ddf1edd3,Berlin,DE,2025-12-28,Europe,Temperate,2025,12,December,Sunday,Winter,1.8,-2.2,-0.6,4.0,0.0,0.0,0.0,dry,False,15.6,93.0,7.69
4a9bfbeca83e776b7a3e41448afc8007,Berlin,DE,2025-12-29,Europe,Temperate,2025,12,December,Monday,Winter,3.8,-2.0,1.7,5.8,0.9,0.9,0.0,light,True,24.1,95.0,7.7
5387eff678328c2c141e08b25e3c2b30,Berlin,DE,2025-12-30,Europe,Temperate,2025,12,December,Tuesday,Winter,2.2,-1.8,-0.3,4.0,0.6,0.0,0.4,light,True,19.5,73.0,7.72
2a4edc832d1cbb0adb8acf79e50d4ec1,Berlin,DE,2025-12-31,Europe,Temperate,2025,12,December,Wednesday,Winter,2.8,-3.7,-0.1,6.5,2.5,0.6,1.3,light,True,17.8,88.0,7.73
cfa26e3c59148912220a3c124a6540d2,Berlin,DE,2026-01-01,Europe,Temperate,2026,1,January,Thursday,Winter,3.0,1.5,2.2,1.5,1.9,1.1,0.6,light,True,24.8,85.0,7.75
ea7d531c18d861375d36bb3ab80d1073,Berlin,DE,2026-01-02,Europe,Temperate,2026,1,January,Friday,Winter,2.5,0.1,1.3,2.4,4.0,0.2,2.8,moderate,True,24.8,81.0,7.77
b3f2b897a9a720e88bfc73c06804fe81,Berlin,DE,2026-01-03,Europe,Temperate,2026,1,January,Saturday,Winter,0.9,-1.8,-0.6,2.7,7.3,0.0,5.1,moderate,True,22.5,83.0,7.8
dfe92017a4dcc50149a6a8f097953369,Berlin,DE,2026-01-04,Europe,Temperate,2026,1,January,Sunday,Winter,-0.4,-5.2,-2.7,4.8,0.4,0.0,0.3,light,True,27.5,86.0,7.82
b0e246e238b670f197778bb0f33de309,Berlin,DE,2026-01-05,Europe,Temperate,2026,1,January,Monday,Winter,-0.2,-6.4,-3.3,6.2,0.0,0.0,0.0,dry,False,13.2,86.0,7.85
9698321d6836faea9e3adc7240d73538,Berlin,DE,2026-01-06,Europe,Temperate,2026,1,January,Tuesday,Winter,-2.6,-8.8,-5.5,6.2,0.1,0.0,0.1,light,True,10.0,88.0,7.88
d1de7bf1e5afea585265c01368659968,Berlin,DE,2026-01-07,Europe,Temperate,2026,1,January,Wednesday,Winter,-3.2,-8.9,-6.2,5.7,0.0,0.0,0.0,dry,False,15.5,85.0,7.91
e55c6a8d11d6588d254a5b800c5ecba8,Berlin,DE,2026-01-08,Europe,Temperate,2026,1,January,Thursday,Winter,-4.1,-11.2,-7.6,7.1,0.0,0.0,0.0,dry,False,13.4,84.0,7.94
102743d35ddf28d8c7fc8be3007b609c,Berlin,DE,2026-01-09,Europe,Temperate,2026,1,January,Friday,Winter,-4.6,-9.5,-7.0,4.9,1.5,0.0,1.1,light,True,22.9,83.0,7.97
0551db2d2a5c92e67248a4680fa20554,Berlin,DE,2026-01-10,Europe,Temperate,2026,1,January,Saturday,Winter,-1.2,-7.8,-5.4,6.6,0.0,0.0,0.0,dry,False,22.5,81.0,8.0
1c40e3eabd91407c130cf3b826c4d176,Berlin,DE,2026-01-11,Europe,Temperate,2026,1,January,Sunday,Winter,-3.5,-9.1,-6.5,5.6,0.0,0.0,0.0,dry,False,19.0,84.0,8.04
1205988e602f4c0ebf5fc506b671ae3e,Berlin,DE,2026-01-12,Europe,Temperate,2026,1,January,Monday,Winter,-1.2,-12.9,-7.1,11.7,0.5,0.0,0.4,light,True,15.5,87.0,8.08
e07e0efbd05b706bcf968478f28fd01d,Berlin,DE,2026-01-13,Europe,Temperate,2026,1,January,Tuesday,Winter,2.6,-2.3,0.7,4.9,3.1,3.1,0.0,moderate,True,13.8,96.0,8.12
438ccace8a1b08d442f368ad38b60f90,Berlin,DE,2026-01-14,Europe,Temperate,2026,1,January,Wednesday,Winter,5.6,0.2,2.9,5.4,3.6,3.6,0.0,moderate,True,16.9,97.0,8.16
d85c2108a9d72a20f056c430dd3d8c0d,Berlin,DE,2026-01-15,Europe,Temperate,2026,1,January,Thursday,Winter,5.6,-0.5,2.2,6.1,0.0,0.0,0.0,dry,False,12.9,98.0,8.2
aa834804db729ffb1ee674ead4950514,Berlin,DE,2026-01-16,Europe,Temperate,2026,1,January,Friday,Winter,6.9,0.5,3.2,6.4,0.0,0.0,0.0,dry,False,14.8,94.0,8.24
80ea5b0c8d4a803c77a1039b1dada11b,Berlin,DE,2026-01-17,Europe,Temperate,2026,1,January,Saturday,Winter,3.0,-0.3,1.2,3.3,0.0,0.0,0.0,dry,False,14.8,95.0,8.29
7b083b89f91024cb9c8cdedeee9fda76,Berlin,DE,2026-01-18,Europe,Temperate,2026,1,January,Sunday,Winter,3.7,-0.9,0.9,4.6,0.0,0.0,0.0,dry,False,15.9,90.0,8.33
326292bc4ff56ad6fc056f83be91b5aa,Berlin,DE,2026-01-19,Europe,Temperate,2026,1,January,Monday,Winter,4.3,-2.6,0.1,6.9,0.0,0.0,0.0,dry,False,16.8,62.0,8.38
eb67efaed10dc8585335ebe68cf76acb,Berlin,DE,2026-01-20,Europe,Temperate,2026,1,January,Tuesday,Winter,1.1,-3.8,-1.8,4.9,0.0,0.0,0.0,dry,False,13.9,66.0,8.42
cc1abc65298a63016ef38f235b64cb43,Berlin,DE,2026-01-21,Europe,Temperate,2026,1,January,Wednesday,Winter,0.9,-6.5,-3.3,7.4,0.0,0.0,0.0,dry,False,9.3,73.0,8.47
69d50196101e5af3e0f299c317eaaad3,Berlin,DE,2026-01-22,Europe,Temperate,2026,1,January,Thursday,Winter,-1.0,-6.7,-4.0,5.7,0.0,0.0,0.0,dry,False,10.1,77.0,8.52
66c2265669ad6c7df0dcb7f411783968,Berlin,DE,2026-01-23,Europe,Temperate,2026,1,January,Friday,Winter,-4.3,-7.6,-5.8,3.3,0.0,0.0,0.0,dry,False,14.3,77.0,8.57
2b10b82eedccd9c58c0860f6f44a3f04,Berlin,DE,2026-01-24,Europe,Temperate,2026,1,January,Saturday,Winter,-2.0,-4.6,-3.3,2.6,0.0,0.0,0.0,dry,False,13.9,80.0,8.62
db033462b1210fa14f05a902dcbb07f3,Berlin,DE,2026-01-25,Europe,Temperate,2026,1,January,Sunday,Winter,-1.2,-3.4,-2.4,2.2,0.1,0.0,0.1,light,True,14.4,79.0,8.67
2cfb5dcce374893a331fce741810c436,Berlin,DE,2026-01-26,Europe,Temperate,2026,1,January,Monday,Winter,0.8,-2.0,-0.7,2.8,9.0,9.0,0.0,heavy,True,17.9,93.0,8.72
bf6f62b134e1d8dcc7c7d4aebf66fafe,Berlin,DE,2026-01-27,Europe,Temperate,2026,1,January,Tuesday,Winter,0.9,-1.9,-0.8,2.8,0.3,0.0,0.2,light,True,6.1,86.0,8.78
f5b5d066be820773ce6464ca94b4eec2,Berlin,DE,2026-01-28,Europe,Temperate,2026,1,January,Wednesday,Winter,1.0,-1.6,-0.5,2.6,0.0,0.0,0.0,dry,False,16.4,83.0,8.83
ec386b5eb154c89f06eb27951b7f2d03,Berlin,DE,2026-01-29,Europe,Temperate,2026,1,January,Thursday,Winter,-0.6,-3.5,-1.3,2.9,0.0,0.0,0.0,dry,False,17.1,81.0,8.89
8cc2c58787ecf414b3f18dad0e32624f,Berlin,DE,2026-01-30,Europe,Temperate,2026,1,January,Friday,Winter,-1.3,-4.0,-2.7,2.7,2.7,0.1,1.8,moderate,True,16.6,82.0,8.95
22014e6dd5d569249b7a33ad09600027,Berlin,DE,2026-01-31,Europe,Temperate,2026,1,January,Saturday,Winter,-1.9,-6.4,-4.3,4.5,0.2,0.0,0.1,light,True,17.4,76.0,9.0
9e0e4f019420f4e45c2af12721a6e3b2,Berlin,DE,2026-02-01,Europe,Temperate,2026,2,February,Sunday,Winter,-6.3,-8.1,-7.2,1.8,0.0,0.0,0.0,dry,False,16.5,67.0,9.06
750cc1669ea5836cb7555a616a88ba5b,Berlin,DE,2026-02-02,Europe,Temperate,2026,2,February,Monday,Winter,-7.4,-10.0,-8.7,2.6,0.0,0.0,0.0,dry,False,18.4,65.0,9.12
8c3a50cc3f09d7de5fd2f14d820e9988,Berlin,DE,2026-02-03,Europe,Temperate,2026,2,February,Tuesday,Winter,-5.3,-8.9,-7.0,3.6,0.0,0.0,0.0,dry,False,19.5,46.0,9.18
cc89d1f6dd6a539fd0d36c333c12b3ae,Berlin,DE,2026-02-04,Europe,Temperate,2026,2,February,Wednesday,Winter,-4.7,-7.5,-5.8,2.8,1.7,0.0,1.2,light,True,14.9,73.0,9.24
0be7d117e4ce34760c681321378c2edc,Berlin,DE,2026-02-05,Europe,Temperate,2026,2,February,Thursday,Winter,-1.7,-5.8,-3.5,4.1,6.7,3.8,2.0,moderate,True,19.9,90.0,9.3
db8dd8bd83c8745377dd0c9a72da0401,Berlin,DE,2026-02-06,Europe,Temperate,2026,2,February,Friday,Winter,1.8,-1.5,0.2,3.3,2.7,2.7,0.0,moderate,True,13.5,96.0,9.36
c0dae0382ecf81b3d38332c008cb0c6f,Berlin,DE,2026-02-07,Europe,Temperate,2026,2,February,Saturday,Winter,2.9,0.4,1.2,2.5,0.4,0.4,0.0,light,True,8.4,98.0,9.43
e393d989b0a4745daac8146f1db43d5a,Berlin,DE,2026-02-08,Europe,Temperate,2026,2,February,Sunday,Winter,1.1,-0.4,0.4,1.5,0.5,0.2,0.2,light,True,9.0,91.0,9.49
6a7062ff1c33b2e3c473be8a593cbb5d,Berlin,DE,2026-02-09,Europe,Temperate,2026,2,February,Monday,Winter,1.6,-0.7,0.2,2.3,0.0,0.0,0.0,dry,False,13.0,86.0,9.55
ebd3a3b0e7eee4a3b76948a6966f8637,Berlin,DE,2026-02-10,Europe,Temperate,2026,2,February,Tuesday,Winter,4.4,-0.1,1.4,4.5,0.2,0.2,0.0,light,True,13.4,87.0,9.61
e3ec9c2e55f5669a19b927daa6a8b05a,Berlin,DE,2026-02-11,Europe,Temperate,2026,2,February,Wednesday,Winter,8.2,1.9,4.1,6.3,1.8,1.8,0.0,light,True,12.2,91.0,9.67
50b61268c22e5fff6c7af340b78f837a,Berlin,DE,2026-02-12,Europe,Temperate,2026,2,February,Thursday,Winter,7.9,3.0,5.2,4.9,10.2,10.2,0.0,heavy,True,18.3,98.0,9.74
994c1259df692cc26cb01f7dbbd29057,Berlin,DE,2026-02-13,Europe,Temperate,2026,2,February,Friday,Winter,2.9,0.3,1.0,2.6,4.3,1.4,2.0,moderate,True,21.0,96.0,9.8
132e538e43cc596935d3ce97857e4a11,Berlin,DE,2026-02-14,Europe,Temperate,2026,2,February,Saturday,Winter,1.1,-1.6,-0.0,2.7,0.3,0.0,0.2,light,True,12.5,85.0,9.86
ebe60663476d61bbd3666e4aeffa0331,Berlin,DE,2026-02-15,Europe,Temperate,2026,2,February,Sunday,Winter,0.1,-3.9,-2.3,4.0,0.0,0.0,0.0,dry,False,14.6,70.0,9.93
33f69a2e95f3a523b61da267d86eb9c7,Berlin,DE,2026-02-16,Europe,Temperate,2026,2,February,Monday,Winter,-2.1,-5.0,-3.8,2.9,0.8,0.1,0.6,light,True,20.8,71.0,9.99
1fdacf5cb93b506ef9ecb4367a78e219,Berlin,DE,2026-02-17,Europe,Temperate,2026,2,February,Tuesday,Winter,-0.9,-4.1,-2.5,3.2,1.5,0.3,0.8,light,True,9.5,81.0,10.06
7d7d19bcac1f04993aaa82a88255fecf,Berlin,DE,2026-02-18,Europe,Temperate,2026,2,February,Wednesday,Winter,-0.4,-4.9,-2.2,4.5,0.7,0.0,0.6,light,True,9.0,79.0,10.13
ebc3ad1c7908bef7780a0c2f30ad91a3,Berlin,DE,2026-02-19,Europe,Temperate,2026,2,February,Thursday,Winter,0.2,-7.8,-4.3,8.0,0.0,0.0,0.0,dry,False,12.8,68.0,10.19
c69916c1fcf8977a364758e75028291b,Berlin,DE,2026-02-20,Europe,Temperate,2026,2,February,Friday,Winter,0.6,-8.0,-3.7,8.6,0.0,0.0,0.0,dry,False,16.3,73.0,10.26
6e6224617d94362d3957a34c5cb22869,Berlin,DE,2026-02-21,Europe,Temperate,2026,2,February,Saturday,Winter,8.4,-1.8,3.9,10.2,2.2,1.9,0.2,light,True,20.9,88.0,10.33
46afb62164f5b1a1f6cb8ea48b1e6cc4,Berlin,DE,2026-02-22,Europe,Temperate,2026,2,February,Sunday,Winter,10.2,3.8,7.3,6.4,10.0,10.0,0.0,heavy,True,20.6,97.0,10.39
c8eb87b9689cd69210174b755fa66b4d,Berlin,DE,2026-02-23,Europe,Temperate,2026,2,February,Monday,Winter,10.6,3.8,7.0,6.8,5.6,5.6,0.0,moderate,True,23.1,90.0,10.46
443cf35dc7da789fca6fad795d7e56fa,Berlin,DE,2026-02-24,Europe,Temperate,2026,2,February,Tuesday,Winter,8.2,3.3,5.7,4.9,0.8,0.8,0.0,light,True,17.2,87.0,10.53
b4e1caaae8fc28a779b4f62bd7fa3b1f,Berlin,DE,2026-02-25,Europe,Temperate,2026,2,February,Wednesday,Winter,9.2,0.1,4.6,9.1,0.0,0.0,0.0,dry,False,12.9,88.0,10.6
66d45f6dfb3b638331323cab14e7ba2d,Berlin,DE,2026-02-26,Europe,Temperate,2026,2,February,Thursday,Winter,13.6,2.0,7.1,11.6,0.0,0.0,0.0,dry,False,14.0,86.0,10.66
4d83a8d7d07ebbd4e445a9f27c6f6cb0,Berlin,DE,2026-02-27,Europe,Temperate,2026,2,February,Friday,Winter,17.5,5.8,10.9,11.7,0.0,0.0,0.0,dry,False,13.2,82.0,10.73
fed575b5fdf0eb9d17a5944e6da8010e,Berlin,DE,2026-02-28,Europe,Temperate,2026,2,February,Saturday,Winter,17.7,8.0,12.2,9.7,0.0,0.0,0.0,dry,False,17.1,70.0,10.8
9f851863a63275211b376cf2c0f24673,Berlin,DE,2026-03-01,Europe,Temperate,2026,3,March,Sunday,Spring,10.9,5.1,8.0,5.8,0.1,0.1,0.0,light,True,18.0,68.0,10.87
8e2ead3867f8af5cf6ea21ccbac5814d,Berlin,DE,2026-03-02,Europe,Temperate,2026,3,March,Monday,Spring,13.8,2.0,6.9,11.8,0.0,0.0,0.0,dry,False,10.9,70.0,10.93
2a88ba8c9417313964f28a160ee49571,Berlin,DE,2026-03-03,Europe,Temperate,2026,3,March,Tuesday,Spring,14.8,1.4,7.2,13.4,0.0,0.0,0.0,dry,False,7.6,74.0,11.0
ed51a4ccc882cc0438076db622fbe3f1,Berlin,DE,2026-03-04,Europe,Temperate,2026,3,March,Wednesday,Spring,10.5,2.3,5.9,8.2,0.0,0.0,0.0,dry,False,10.9,75.0,11.07
193e79479aa5de8610f5bb2c91285824,Berlin,DE,2026-03-05,Europe,Temperate,2026,3,March,Thursday,Spring,11.6,-0.9,4.5,12.5,0.0,0.0,0.0,dry,False,11.5,70.0,11.14
2812dd528f887df10215da4ed2c90215,Berlin,DE,2026-03-06,Europe,Temperate,2026,3,March,Friday,Spring,14.5,0.4,6.5,14.1,0.0,0.0,0.0,dry,False,11.4,66.0,11.2
4382ecabea388094bb047c8194271c6b,Berlin,DE,2026-03-07,Europe,Temperate,2026,3,March,Saturday,Spring,16.3,1.8,8.2,14.5,0.0,0.0,0.0,dry,False,9.9,70.0,11.27
0a54d3d4eca50ef1b9e46d0ba9023926,Berlin,DE,2026-03-08,Europe,Temperate,2026,3,March,Sunday,Spring,14.5,3.9,8.4,10.6,0.0,0.0,0.0,dry,False,13.8,71.0,11.34
862c7bc0e1c264aed60ee375e4fa8579,Berlin,DE,2026-03-09,Europe,Temperate,2026,3,March,Monday,Spring,14.9,3.1,8.5,11.8,0.0,0.0,0.0,dry,False,12.5,64.0,11.41
bef2d6422020765d84519fca436673ac,Berlin,DE,2026-03-10,Europe,Temperate,2026,3,March,Tuesday,Spring,15.3,2.9,8.8,12.4,0.0,0.0,0.0,dry,False,7.7,73.0,11.48
52cd3edf9fafd4ec146a8c888680c34e,Berlin,DE,2026-03-11,Europe,Temperate,2026,3,March,Wednesday,Spring,16.0,7.1,11.0,8.9,0.4,0.4,0.0,light,True,19.2,72.0,11.55
10f04e4e713ef3fccf370c9321c38753,Berlin,DE,2026-03-12,Europe,Temperate,2026,3,March,Thursday,Spring,13.0,5.9,9.5,7.1,0.4,0.4,0.0,light,True,16.2,71.0,11.62
9e90023060e1898819dc4776e65f845d,Berlin,DE,2026-03-13,Europe,Temperate,2026,3,March,Friday,Spring,15.2,4.8,9.8,10.4,0.0,0.0,0.0,dry,False,23.4,62.0,11.69
ed859ab05a2c16bd0a4c712d3e42cef9,Berlin,DE,2026-03-14,Europe,Temperate,2026,3,March,Saturday,Spring,14.0,5.3,9.5,8.7,1.2,1.2,0.0,light,True,18.4,75.0,11.76
d693548908148fecef0fa317e480fa79,Berlin,DE,2026-03-15,Europe,Temperate,2026,3,March,Sunday,Spring,7.3,4.4,5.7,2.9,0.6,0.6,0.0,light,True,9.7,84.0,11.83
7b33c40150ce74c8252fafa27c4c8fac,Berlin,DE,2026-03-16,Europe,Temperate,2026,3,March,Monday,Spring,8.1,3.1,4.9,5.0,5.2,4.4,0.6,moderate,True,23.2,86.0,11.9
28466eed0b7923e3fe236f7b2e020c9e,Berlin,DE,2026-03-17,Europe,Temperate,2026,3,March,Tuesday,Spring,10.4,-0.1,5.1,10.5,0.0,0.0,0.0,dry,False,11.1,75.0,11.96
3ce17318bad8598bf816c13af5e4deb8,Berlin,DE,2026-03-18,Europe,Temperate,2026,3,March,Wednesday,Spring,12.8,0.4,6.3,12.4,0.0,0.0,0.0,dry,False,10.2,69.0,12.03
65571d32b4e62522922e5d5cdd60902e,Berlin,DE,2026-03-19,Europe,Temperate,2026,3,March,Thursday,Spring,13.9,1.3,7.5,12.6,0.0,0.0,0.0,dry,False,7.7,70.0,12.1
b11a1235527e296ad6e94c2c4e06c49b,Berlin,DE,2026-03-20,Europe,Temperate,2026,3,March,Friday,Spring,11.1,4.8,7.4,6.3,0.3,0.3,0.0,light,True,11.2,79.0,12.17
17ebf6f4a1db291e58dd9f02411f8448,Berlin,DE,2026-03-21,Europe,Temperate,2026,3,March,Saturday,Spring,10.2,4.1,6.5,6.1,0.3,0.3,0.0,light,True,12.3,79.0,12.24
8a97ce4c60629a285e7dfa926d08a521,Berlin,DE,2026-03-22,Europe,Temperate,2026,3,March,Sunday,Spring,13.0,1.8,7.2,11.2,0.0,0.0,0.0,dry,False,12.7,62.0,12.31
80e10c76441eb364536a5f6bbb224c52,Berlin,DE,2026-03-23,Europe,Temperate,2026,3,March,Monday,Spring,14.8,3.2,8.6,11.6,0.0,0.0,0.0,dry,False,7.5,63.0,12.38
0f7f0981b8df25218cf0f5f3997b66d7,Berlin,DE,2026-03-24,Europe,Temperate,2026,3,March,Tuesday,Spring,15.4,4.5,10.0,10.9,0.0,0.0,0.0,dry,False,16.9,60.0,12.44
8be8c5a6a80ba89c376d0a36a7662079,Berlin,DE,2026-03-25,Europe,Temperate,2026,3,March,Wednesday,Spring,12.3,5.5,9.9,6.8,1.0,1.0,0.0,light,True,28.7,60.0,12.51
240fbd7e61173f76e125748b33cdcff8,Berlin,DE,2026-03-26,Europe,Temperate,2026,3,March,Thursday,Spring,7.3,1.7,4.4,5.6,1.6,1.6,0.0,light,True,18.9,76.0,12.58
85f83ff0161d71c3d5c449d40fe0687f,Berlin,DE,2026-03-27,Europe,Temperate,2026,3,March,Friday,Spring,7.6,-1.2,3.4,8.8,0.0,0.0,0.0,dry,False,12.7,68.0,12.65
3b241ef9d5b31e208773783fbbe2764d,Berlin,DE,2026-03-28,Europe,Temperate,2026,3,March,Saturday,Spring,10.4,0.7,4.8,9.7,1.1,1.1,0.0,light,True,14.3,69.0,12.72
601c16a78cab0733308b9e964f95d48a,Berlin,DE,2026-03-29,Europe,Temperate,2026,3,March,Sunday,Spring,8.8,2.2,5.6,6.6,1.0,1.0,0.0,light,True,14.8,77.0,12.79
1ff1a921ce5fd08a4b11bf08145acf4a,Berlin,DE,2026-03-30,Europe,Temperate,2026,3,March,Monday,Spring,7.7,3.3,5.2,4.4,4.3,4.2,0.1,moderate,True,19.1,80.0,12.85
4f5fc88e178919b3f29c49bedd2a28c7,Berlin,DE,2026-03-31,Europe,Temperate,2026,3,March,Tuesday,Spring,9.5,2.0,5.0,7.5,2.8,2.6,0.1,moderate,True,17.2,86.0,12.92
b63f0b4b407b1ab06e2e9e4c33c19d90,Berlin,DE,2026-04-01,Europe,Temperate,2026,4,April,Wednesday,Spring,11.2,-0.8,5.4,12.0,0.0,0.0,0.0,dry,False,8.9,79.0,12.99
8b3178896e6e20737b818db8f7b49a16,Berlin,DE,2026-04-02,Europe,Temperate,2026,4,April,Thursday,Spring,11.7,0.2,6.2,11.5,0.0,0.0,0.0,dry,False,9.3,71.0,13.06
a5d9d2dbb9e3e7f00bb25b86ec687c5b,Berlin,DE,2026-04-03,Europe,Temperate,2026,4,April,Friday,Spring,9.5,4.7,7.1,4.8,0.0,0.0,0.0,dry,False,14.6,67.0,13.13
e1c31eb8fd8d38d78dc54ba1aa7a8de2,Berlin,DE,2026-04-04,Europe,Temperate,2026,4,April,Saturday,Spring,14.3,7.7,11.0,6.6,1.4,1.4,0.0,light,True,20.9,61.0,13.2
4d2b62c789966bc232a1ed339a54c910,Berlin,DE,2026-04-05,Europe,Temperate,2026,4,April,Sunday,Spring,17.5,7.6,11.7,9.9,0.3,0.3,0.0,light,True,25.2,67.0,13.27
83ff1b206d73db88ebb5e25dc09080f1,Berlin,DE,2026-04-06,Europe,Temperate,2026,4,April,Monday,Spring,12.6,5.4,8.7,7.2,0.6,0.6,0.0,light,True,27.2,56.0,13.33
5640987930bca61bd1c1c2e5cdf6a3d7,Berlin,DE,2026-04-07,Europe,Temperate,2026,4,April,Tuesday,Spring,12.9,1.6,7.0,11.3,0.0,0.0,0.0,dry,False,18.0,59.0,13.4
2534f147890467bfda2e91eb2b175b94,Berlin,DE,2026-04-08,Europe,Temperate,2026,4,April,Wednesday,Spring,13.1,-0.5,6.7,13.6,0.0,0.0,0.0,dry,False,14.4,52.0,13.47
b87fc74615d378ba21b922f230d7a908,Berlin,DE,2026-04-09,Europe,Temperate,2026,4,April,Thursday,Spring,11.0,0.3,5.8,10.7,0.0,0.0,0.0,dry,False,11.5,57.0,13.54
0d8308feec6e3765d26a5ffd4d0cd790,Berlin,DE,2026-04-10,Europe,Temperate,2026,4,April,Friday,Spring,9.1,0.9,4.7,8.2,0.0,0.0,0.0,dry,False,12.9,56.0,13.6
8b6c9ae4380db461d55563e7656968ef,Berlin,DE,2026-04-11,Europe,Temperate,2026,4,April,Saturday,Spring,13.6,0.1,7.2,13.5,0.0,0.0,0.0,dry,False,17.5,58.0,13.67
707fdb6733f56c6cb853351904bc8b70,Berlin,DE,2026-04-12,Europe,Temperate,2026,4,April,Sunday,Spring,9.7,6.5,8.3,3.2,1.0,1.0,0.0,light,True,17.7,56.0,13.74
630b261b614c6312f56eb9e9b7286099,Berlin,DE,2026-04-13,Europe,Temperate,2026,4,April,Monday,Spring,14.4,7.6,10.4,6.8,0.9,0.9,0.0,light,True,20.0,62.0,13.8
bf15de5ffcdc4de4b8356ed84c99a274,Berlin,DE,2026-04-14,Europe,Temperate,2026,4,April,Tuesday,Spring,13.8,8.7,11.0,5.1,0.0,0.0,0.0,dry,False,14.9,61.0,13.87
bd8ecdc76a757f5dc98c19b6fcd47a1b,Berlin,DE,2026-04-15,Europe,Temperate,2026,4,April,Wednesday,Spring,16.6,3.3,10.4,13.3,0.0,0.0,0.0,dry,False,8.3,65.0,13.93
718045f7bb63eacc7c333c11782dee0a,Berlin,DE,2026-04-16,Europe,Temperate,2026,4,April,Thursday,Spring,19.8,7.7,13.8,12.1,0.0,0.0,0.0,dry,False,10.6,52.0,14.0
b5a8b9a76ce80d3005d6340e73b58522,Berlin,DE,2026-04-17,Europe,Temperate,2026,4,April,Friday,Spring,20.3,7.3,14.2,13.0,0.0,0.0,0.0,dry,False,13.4,58.0,14.07
28c7549f2d4ad556f24bc076f75ad9ab,Berlin,DE,2026-04-18,Europe,Temperate,2026,4,April,Saturday,Spring,21.6,7.8,15.2,13.8,0.0,0.0,0.0,dry,False,10.5,43.0,14.13
ee012c3e56b52259dff65fb55fcd7a85,Berlin,DE,2026-04-19,Europe,Temperate,2026,4,April,Sunday,Spring,16.9,4.6,11.3,12.3,24.9,24.9,0.0,heavy,True,27.4,77.0,14.2
b13f695c21e7944a4b298e31101fdd5f,Berlin,DE,2026-04-20,Europe,Temperate,2026,4,April,Monday,Spring,11.6,3.7,7.2,7.9,11.1,11.1,0.0,heavy,True,18.3,84.0,14.26
38f0dd12f55d06f5db39ea0bff45335a,Berlin,DE,2026-04-21,Europe,Temperate,2026,4,April,Tuesday,Spring,13.0,2.1,7.7,10.9,0.0,0.0,0.0,dry,False,15.6,59.0,14.33
bc775f9ece585d12653536fad8d8ed8a,Berlin,DE,2026-04-22,Europe,Temperate,2026,4,April,Wednesday,Spring,16.4,1.5,9.3,14.9,0.0,0.0,0.0,dry,False,15.6,57.0,14.39
12448d1dea9fdf975bb32716996b07b5,Berlin,DE,2026-04-23,Europe,Temperate,2026,4,April,Thursday,Spring,14.8,4.6,10.1,10.2,0.0,0.0,0.0,dry,False,15.6,69.0,14.46
3f8d659511179b1285d43e93ce288387,Berlin,DE,2026-04-24,Europe,Temperate,2026,4,April,Friday,Spring,15.6,4.6,10.0,11.0,0.0,0.0,0.0,dry,False,17.1,74.0,14.52
2157a2b601b68bcdfdc050f459028f6a,Berlin,DE,2026-04-25,Europe,Temperate,2026,4,April,Saturday,Spring,15.2,4.7,9.7,10.5,0.0,0.0,0.0,dry,False,23.1,71.0,14.59
5301fb2c38e36a2cdda6d8a7e388bbe9,Berlin,DE,2026-04-26,Europe,Temperate,2026,4,April,Sunday,Spring,13.5,3.9,9.0,9.6,0.0,0.0,0.0,dry,False,18.9,53.0,14.65
07b295028ad90305fc6f4090ad83784f,Berlin,DE,2026-04-27,Europe,Temperate,2026,4,April,Monday,Spring,16.3,3.3,10.4,13.0,0.0,0.0,0.0,dry,False,13.6,47.0,14.72
a82ab13d5e9500d26f9e6d40ffd3b4f8,Berlin,DE,2026-04-28,Europe,Temperate,2026,4,April,Tuesday,Spring,15.1,4.4,10.0,10.7,0.0,0.0,0.0,dry,False,16.4,36.0,14.78
628946136d4cb60cdebb8fe4ee985314,Berlin,DE,2026-04-29,Europe,Temperate,2026,4,April,Wednesday,Spring,14.4,3.6,9.4,10.8,0.0,0.0,0.0,dry,False,13.3,36.0,14.84
00d7412ec3b9e30663c214359d326292,Berlin,DE,2026-04-30,Europe,Temperate,2026,4,April,Thursday,Spring,19.7,3.2,12.2,16.5,0.0,0.0,0.0,dry,False,12.3,42.0,14.9
1b3e4fd8a606b78ae371413856b3de0a,Berlin,DE,2026-05-01,Europe,Temperate,2026,5,May,Friday,Spring,23.5,6.1,16.1,17.4,0.0,0.0,0.0,dry,False,6.7,46.0,14.96
8932a8f894dbccaf1a578c539aac63d6,Berlin,DE,2026-05-02,Europe,Temperate,2026,5,May,Saturday,Spring,26.5,10.0,19.7,16.5,0.0,0.0,0.0,dry,False,14.2,38.0,15.02
31ff1471081b5665f3aaf86ee50479ae,Berlin,DE,2026-05-03,Europe,Temperate,2026,5,May,Sunday,Spring,29.2,13.5,22.2,15.7,0.0,0.0,0.0,dry,False,16.6,31.0,15.08
13ecfa9d8a3dce5f62ae09b79356a449,Berlin,DE,2026-05-04,Europe,Temperate,2026,5,May,Monday,Spring,23.1,16.9,20.0,6.2,0.1,0.1,0.0,light,True,16.5,48.0,15.14
3b401991495d36813fad924a2d536fd1,Berlin,DE,2026-05-05,Europe,Temperate,2026,5,May,Tuesday,Spring,19.0,12.6,15.6,6.4,4.3,4.3,0.0,moderate,True,13.6,78.0,15.2
87d828b37bfe724ba69d2ea595b08eee,Berlin,DE,2026-05-06,Europe,Temperate,2026,5,May,Wednesday,Spring,12.7,10.0,11.3,2.7,14.7,14.7,0.0,heavy,True,12.7,89.0,15.26
14cec0f50635ab2c3023126a95cec32f,Berlin,DE,2026-05-07,Europe,Temperate,2026,5,May,Thursday,Spring,10.6,6.4,8.7,4.2,1.6,1.6,0.0,light,True,15.3,81.0,15.32
47e5e902fb727f94927eefc77330539c,Berlin,DE,2026-05-08,Europe,Temperate,2026,5,May,Friday,Spring,13.4,6.1,9.9,7.3,0.1,0.1,0.0,light,True,8.4,75.0,15.37
e380b17f4be7fccf6612714292bbdb66,Berlin,DE,2026-05-09,Europe,Temperate,2026,5,May,Saturday,Spring,15.5,6.0,11.6,9.5,0.0,0.0,0.0,dry,False,8.1,69.0,15.43
859652feef350fc3bfab4a76c9f35d42,Berlin,DE,2026-05-10,Europe,Temperate,2026,5,May,Sunday,Spring,19.4,7.1,13.7,12.3,0.0,0.0,0.0,dry,False,11.6,67.0,15.49
a55d472bdb85b450019d130d555ebdfa,Berlin,DE,2026-05-11,Europe,Temperate,2026,5,May,Monday,Spring,18.0,8.5,12.4,9.5,1.3,1.3,0.0,light,True,21.4,75.0,15.55
2e2dc062a9ee1dd579e9246789151ef3,Berlin,DE,2026-05-12,Europe,Temperate,2026,5,May,Tuesday,Spring,11.7,5.4,8.0,6.3,6.8,6.8,0.0,moderate,True,17.9,73.0,15.6
a475cf93007f3bf9c2c5f5363babf66e,Berlin,DE,2026-05-13,Europe,Temperate,2026,5,May,Wednesday,Spring,13.0,5.6,8.8,7.4,3.0,3.0,0.0,moderate,True,18.8,80.0,15.66
bfa9339405f1c162255e8e6feb47557f,Berlin,DE,2026-05-14,Europe,Temperate,2026,5,May,Thursday,Spring,12.3,6.6,9.0,5.7,7.2,7.2,0.0,moderate,True,18.6,82.0,15.71
915d1e1b79241e5a86a90af5f4ec4e25,Berlin,DE,2026-05-15,Europe,Temperate,2026,5,May,Friday,Spring,14.8,4.8,10.1,10.0,0.9,0.9,0.0,light,True,9.2,75.0,15.76
147c32514f4c5c452fa4c31c8fa351a8,Berlin,DE,2026-05-16,Europe,Temperate,2026,5,May,Saturday,Spring,13.6,6.0,10.4,7.6,0.6,0.6,0.0,light,True,15.3,69.0,15.81
f4a76e47339e24e3bfc996d10c951c43,Berlin,DE,2026-05-17,Europe,Temperate,2026,5,May,Sunday,Spring,17.0,5.2,11.9,11.8,0.0,0.0,0.0,dry,False,10.1,60.0,15.87
93b687cfbf801c25292c89a46eb8ae47,Berlin,DE,2026-05-18,Europe,Temperate,2026,5,May,Monday,Spring,19.1,7.5,13.6,11.6,0.1,0.1,0.0,light,True,13.6,58.0,15.92
c3e0908bed6cb3030cb25038c39f7adb,Berlin,DE,2026-05-19,Europe,Temperate,2026,5,May,Tuesday,Spring,19.9,9.4,14.9,10.5,0.5,0.5,0.0,light,True,10.9,62.0,15.96
7f7b4e94ee479adf7a08fda5eaa277a6,Berlin,DE,2026-05-20,Europe,Temperate,2026,5,May,Wednesday,Spring,21.6,13.0,16.9,8.6,1.2,1.2,0.0,light,True,17.3,63.0,16.01
65d84c5ce6c43d5ceb34238b9a675a7e,Berlin,DE,2026-05-21,Europe,Temperate,2026,5,May,Thursday,Spring,20.8,11.6,16.5,9.2,0.1,0.1,0.0,light,True,12.8,69.0,16.06
1880c5c8908c92cef7b4c69ecbc473a5,Berlin,DE,2026-05-22,Europe,Temperate,2026,5,May,Friday,Spring,22.6,12.8,18.3,9.8,0.1,0.1,0.0,light,True,11.0,66.0,16.1
bd09ba811c3c962872cf7d42c5680302,Berlin,DE,2026-05-23,Europe,Temperate,2026,5,May,Saturday,Spring,27.7,13.5,21.2,14.2,0.0,0.0,0.0,dry,False,10.8,61.0,16.15
2b92d0e509f3441441ca8ebee242d591,Berlin,DE,2026-05-24,Europe,Temperate,2026,5,May,Sunday,Spring,27.6,17.2,22.6,10.4,0.0,0.0,0.0,dry,False,17.3,56.0,16.19
7d9031d4dfd212c311e37b1390ebcd2f,Berlin,DE,2026-05-25,Europe,Temperate,2026,5,May,Monday,Spring,25.4,12.9,19.8,12.5,0.0,0.0,0.0,dry,False,10.4,58.0,16.23
162777419e6696b8c7c40e609668c624,Berlin,DE,2026-05-26,Europe,Temperate,2026,5,May,Tuesday,Spring,28.7,15.0,22.7,13.7,0.0,0.0,0.0,dry,False,16.9,52.0,16.27
d722131d893b3eea4dd73d5a06b1240d,Berlin,DE,2026-05-27,Europe,Temperate,2026,5,May,Wednesday,Spring,22.6,14.9,19.2,7.7,0.0,0.0,0.0,dry,False,15.9,48.0,16.31
3f9ad34cef17b780e36240881cb2f446,Berlin,DE,2026-05-28,Europe,Temperate,2026,5,May,Thursday,Spring,20.9,10.3,16.1,10.6,0.0,0.0,0.0,dry,False,10.4,51.0,16.35
2bb634d149f88317575301199ff2257c,Berlin,DE,2026-05-29,Europe,Temperate,2026,5,May,Friday,Spring,26.5,11.2,19.6,15.3,0.9,0.9,0.0,light,True,12.2,44.0,16.39
bbae27cb56454d250a67eb7ea755cff3,Berlin,DE,2026-05-30,Europe,Temperate,2026,5,May,Saturday,Spring,22.2,17.9,20.1,4.3,0.0,0.0,0.0,dry,False,18.9,60.0,16.43
81cff8dcb1d74fc1b7633b1a0439a480,Berlin,DE,2026-05-31,Europe,Temperate,2026,5,May,Sunday,Spring,22.4,13.2,17.8,9.2,1.1,1.1,0.0,light,True,13.0,65.0,16.46
ce2763162145c53d350d3e631dcbb729,Berlin,DE,2026-06-01,Europe,Temperate,2026,6,June,Monday,Summer,22.4,12.9,17.7,9.5,0.0,0.0,0.0,dry,False,13.1,64.0,16.5
1510a2185389e12622735922d7b980fc,Berlin,DE,2026-06-02,Europe,Temperate,2026,6,June,Tuesday,Summer,27.2,14.3,21.1,12.9,0.0,0.0,0.0,dry,False,12.0,51.0,16.53
db38f64aa47d1066dc27b77e16909821,Berlin,DE,2026-06-03,Europe,Temperate,2026,6,June,Wednesday,Summer,20.9,15.6,18.1,5.3,4.1,4.1,0.0,moderate,True,13.6,68.0,16.56
75fb41f9d0d8bf078e6b43aa9d12987d,Berlin,DE,2026-06-04,Europe,Temperate,2026,6,June,Thursday,Summer,24.1,14.3,18.7,9.8,1.2,1.2,0.0,light,True,18.6,64.0,16.59
f05f2d2a2354837347c48e336bd92e90,Berlin,DE,2026-06-05,Europe,Temperate,2026,6,June,Friday,Summer,20.7,14.1,17.1,6.6,1.1,1.1,0.0,light,True,13.6,68.0,16.62
eeb3168ff4bfab116d4bf4196bb8d76f,Berlin,DE,2026-06-06,Europe,Temperate,2026,6,June,Saturday,Summer,24.1,11.5,18.3,12.6,0.2,0.2,0.0,light,True,10.6,64.0,16.65
de6864f1d8e949d9f4236842bdf96520,Berlin,DE,2026-06-07,Europe,Temperate,2026,6,June,Sunday,Summer,21.6,16.0,18.5,5.6,0.3,0.3,0.0,light,True,18.4,63.0,16.67
5ac06c9cc43ede2f578022da40b4d41f,Berlin,DE,2026-06-08,Europe,Temperate,2026,6,June,Monday,Summer,25.1,13.1,19.5,12.0,0.0,0.0,0.0,dry,False,11.7,59.0,16.69
2ad52c91cbdf3bd05fcc5690d4bcafff,Berlin,DE,2026-06-09,Europe,Temperate,2026,6,June,Tuesday,Summer,20.8,14.8,18.5,6.0,0.5,0.5,0.0,light,True,21.1,56.0,16.72
ce949f2afd66d8abbd86b76a806973ef,Berlin,DE,2026-06-10,Europe,Temperate,2026,6,June,Wednesday,Summer,19.8,11.1,15.6,8.7,1.4,1.4,0.0,light,True,12.5,64.0,16.74
4fe016ea20f5e2c98ae71561e6c07348,Berlin,DE,2026-06-11,Europe,Temperate,2026,6,June,Thursday,Summer,19.3,11.4,15.1,7.9,1.1,1.1,0.0,light,True,14.8,66.0,16.75
a7a56c9851ed336a92b49bad7366d272,Berlin,DE,2026-06-12,Europe,Temperate,2026,6,June,Friday,Summer,18.9,10.8,14.8,8.1,4.4,4.4,0.0,moderate,True,15.7,74.0,16.77
3f7d35b703c6b7f45c4bdbeaacd9fbe0,Berlin,DE,2026-06-13,Europe,Temperate,2026,6,June,Saturday,Summer,20.3,13.2,16.0,7.1,1.6,1.6,0.0,light,True,22.5,74.0,16.78
e2c0901b4e0d91870f668b52535c433d,Berlin,DE,2026-06-14,Europe,Temperate,2026,6,June,Sunday,Summer,17.0,11.7,13.8,5.3,6.5,6.5,0.0,moderate,True,25.6,72.0,16.8
79a7c7ffd93773c7c15dbce1d81ac19c,Berlin,DE,2026-06-15,Europe,Temperate,2026,6,June,Monday,Summer,18.3,11.4,14.4,6.9,0.6,0.6,0.0,light,True,24.7,70.0,16.81
95cf49c40a9162220fa3cf6925ae7e73,Berlin,DE,2026-06-16,Europe,Temperate,2026,6,June,Tuesday,Summer,20.5,9.6,15.4,10.9,0.0,0.0,0.0,dry,False,15.4,64.0,16.82
aeeb7aa8432a943e27d2c457cd88330d,Berlin,DE,2026-06-17,Europe,Temperate,2026,6,June,Wednesday,Summer,23.6,10.3,17.9,13.3,0.1,0.1,0.0,light,True,13.8,63.0,16.82
3f92c127f89d74fbad71816fc2c7bb70,Berlin,DE,2026-06-18,Europe,Temperate,2026,6,June,Thursday,Summer,28.0,18.8,23.5,9.2,1.0,1.0,0.0,light,True,13.5,66.0,16.83
32bf89877e2bc9245d36c9699cf73cc9,Berlin,DE,2026-06-19,Europe,Temperate,2026,6,June,Friday,Summer,34.5,19.6,25.7,14.9,6.2,6.2,0.0,moderate,True,18.8,66.0,16.83
7fb78b934b86fd16011ddf001b34ff62,Berlin,DE,2026-06-20,Europe,Temperate,2026,6,June,Saturday,Summer,30.8,20.2,24.4,10.6,20.3,20.3,0.0,heavy,True,11.8,76.0,16.84
61d1f2c275c6777797321eeba2f972b2,Berlin,DE,2026-06-21,Europe,Temperate,2026,6,June,Sunday,Summer,27.5,20.1,23.7,7.4,3.9,3.9,0.0,moderate,True,9.7,78.0,16.84
e489f61352a5cb15dd5f2bb0b40559e7,Berlin,DE,2026-06-22,Europe,Temperate,2026,6,June,Monday,Summer,26.0,16.8,21.6,9.2,0.6,0.6,0.0,light,True,11.6,61.0,16.84
fe2a659fb5e76f8a7a3a01022cd2883a,Berlin,DE,2026-06-23,Europe,Temperate,2026,6,June,Tuesday,Summer,27.2,15.3,21.5,11.9,0.0,0.0,0.0,dry,False,10.7,59.0,16.83
475fa8e097d15687d02f783abb55fddc,Berlin,DE,2026-06-24,Europe,Temperate,2026,6,June,Wednesday,Summer,31.7,16.3,25.1,15.4,0.0,0.0,0.0,dry,False,8.6,45.0,16.83
c5e6a4941a454a81efefd7d82c806e92,Berlin,DE,2026-06-25,Europe,Temperate,2026,6,June,Thursday,Summer,34.2,21.7,28.6,12.5,0.0,0.0,0.0,dry,False,15.8,43.0,16.82
5b3274259a0d6df71d413943b62b718b,Berlin,DE,2026-06-26,Europe,Temperate,2026,6,June,Friday,Summer,34.9,18.6,27.6,16.3,0.0,0.0,0.0,dry,False,11.8,37.0,16.82
e0333af585f85d3c8356609ddb988437,Berlin,DE,2026-06-27,Europe,Temperate,2026,6,June,Saturday,Summer,39.6,23.8,31.7,15.8,0.6,0.6,0.0,light,True,18.9,34.0,16.81
6ef2a3558bda75344d5df80ee230ff18,Berlin,DE,2026-06-28,Europe,Temperate,2026,6,June,Sunday,Summer,39.8,27.5,32.9,12.3,0.6,0.6,0.0,light,True,18.2,39.0,16.79
ad6f5031bf3ddcb7a6ca6d73fbd2c9a3,Berlin,DE,2026-06-29,Europe,Temperate,2026,6,June,Monday,Summer,29.3,20.9,24.5,8.4,5.0,5.0,0.0,moderate,True,15.7,67.0,16.78
492967d58633a51115b2dbfd52840882,Berlin,DE,2026-06-30,Europe,Temperate,2026,6,June,Tuesday,Summer,30.8,17.6,23.5,13.2,0.0,0.0,0.0,dry,False,16.5,56.0,16.77
2311d477b4896afdb1f75c596750c3a4,Berlin,DE,2026-07-01,Europe,Temperate,2026,7,July,Wednesday,Summer,26.0,19.2,21.9,6.8,0.9,0.9,0.0,light,True,14.0,63.0,16.75
ef50376c9feacc701738c3c45500d9eb,Berlin,DE,2026-07-02,Europe,Temperate,2026,7,July,Thursday,Summer,28.0,15.5,21.4,12.5,0.7,0.7,0.0,light,True,24.3,63.0,16.73
4b01c3510b4ab15566a2ce0df3955114,Berlin,DE,2026-07-03,Europe,Temperate,2026,7,July,Friday,Summer,22.2,14.9,18.7,7.3,0.6,0.6,0.0,light,True,29.3,55.0,16.71
8ff7867c25c9d78fff2d9757688c809a,Berlin,DE,2026-07-04,Europe,Temperate,2026,7,July,Saturday,Summer,19.7,13.2,16.3,6.5,0.9,0.9,0.0,light,True,19.2,68.0,16.69
2862db19c5972ffcbeab626686a3d2ba,Berlin,DE,2026-07-05,Europe,Temperate,2026,7,July,Sunday,Summer,22.6,15.0,18.7,7.6,2.4,2.4,0.0,light,True,23.7,71.0,16.67
7d173732b74a0b2376ac0a21f990206c,Berlin,DE,2026-07-06,Europe,Temperate,2026,7,July,Monday,Summer,19.1,14.2,17.0,4.9,4.3,4.3,0.0,moderate,True,19.9,77.0,16.64
e8bfb767cb20ef1b8792de763e9279bd,Berlin,DE,2026-07-07,Europe,Temperate,2026,7,July,Tuesday,Summer,23.2,16.7,19.4,6.5,3.2,3.2,0.0,moderate,True,26.9,72.0,16.62
ce7656c125bfad64a8fe5a14f889b2f5,Berlin,DE,2026-07-08,Europe,Temperate,2026,7,July,Wednesday,Summer,21.8,11.6,17.0,10.2,0.0,0.0,0.0,dry,False,21.9,61.0,16.59
8485db149cd2f249eddd3f268a78ef94,Berlin,DE,2026-07-09,Europe,Temperate,2026,7,July,Thursday,Summer,23.1,12.8,18.3,10.3,0.0,0.0,0.0,dry,False,15.9,64.0,16.56
5e088b0e2fda825ee30c917d30c601e6,Berlin,DE,2026-07-10,Europe,Temperate,2026,7,July,Friday,Summer,27.3,14.6,21.2,12.7,0.0,0.0,0.0,dry,False,15.6,60.0,16.53
b24bcd7b9f7e06f349dec34cba3342e0,Berlin,DE,2026-07-11,Europe,Temperate,2026,7,July,Saturday,Summer,28.3,15.4,22.0,12.9,0.0,0.0,0.0,dry,False,16.3,48.0,16.49
536a77ec8ae524b1c2c5063115b6f154,Berlin,DE,2026-07-12,Europe,Temperate,2026,7,July,Sunday,Summer,31.0,17.9,24.5,13.1,0.0,0.0,0.0,dry,False,18.4,49.0,16.46
06fe8fbb8b942a5a0e889e5a6d6327b6,Berlin,DE,2026-07-13,Europe,Temperate,2026,7,July,Monday,Summer,28.8,17.7,23.4,11.1,1.2,1.2,0.0,light,True,15.2,59.0,16.43
9f8a0e0303e16d1c33064bcf2540a110,Berlin,DE,2026-07-14,Europe,Temperate,2026,7,July,Tuesday,Summer,24.8,17.5,20.9,7.3,2.1,2.1,0.0,light,True,15.7,64.0,16.39
68446dc6949a4fd88323b42d4f0fc9fa,Berlin,DE,2026-07-15,Europe,Temperate,2026,7,July,Wednesday,Summer,25.3,16.0,21.1,9.3,0.1,0.1,0.0,light,True,12.9,53.0,16.35
20fe21fb32093a7f439d9f4cae062f28,Berlin,DE,2026-07-16,Europe,Temperate,2026,7,July,Thursday,Summer,29.5,16.8,23.3,12.7,2.1,2.1,0.0,light,True,10.7,55.0,16.31
5a37ee2f043ec0720680fb2f7b0fe994,Berlin,DE,2026-07-17,Europe,Temperate,2026,7,July,Friday,Summer,29.4,19.9,23.2,9.5,4.3,4.3,0.0,moderate,True,14.1,68.0,16.27
e4fc713d1101b1c27910cb86d2aeab57,Berlin,DE,2026-07-18,Europe,Temperate,2026,7,July,Saturday,Summer,24.1,17.5,20.4,6.6,0.0,0.0,0.0,dry,False,19.6,69.0,16.23
1b77edb46ad44976916ae300bdc14de6,Berlin,DE,2026-07-19,Europe,Temperate,2026,7,July,Sunday,Summer,20.6,13.9,16.9,6.7,3.7,3.7,0.0,moderate,True,17.7,70.0,16.19
95ae25f5f1adb14ac868d0aec3f9d3e2,Berlin,DE,2026-07-20,Europe,Temperate,2026,7,July,Monday,Summer,18.5,13.1,15.4,5.4,5.0,5.0,0.0,moderate,True,23.3,80.0,16.15
316c711135bb546c185bee24aa9bd031,Berlin,DE,2026-07-21,Europe,Temperate,2026,7,July,Tuesday,Summer,22.1,12.5,17.4,9.6,1.1,1.1,0.0,light,True,15.4,64.0,16.1
9ff95e542ae86ef39d68d27160654646,Berlin,DE,2026-07-22,Europe,Temperate,2026,7,July,Wednesday,Summer,19.9,12.5,16.0,7.4,3.2,3.2,0.0,moderate,True,20.7,73.0,16.06
68814bbf318fb69a9ab24013d7ebaf0a,London,GB,2025-07-23,Europe,Temperate,2025,7,July,Wednesday,Summer,22.0,15.0,18.6,7.0,1.7,1.7,0.0,light,True,10.0,69.0,15.84
f6b9aecdbe1989022ed79fd8e232a0e8,London,GB,2025-07-24,Europe,Temperate,2025,7,July,Thursday,Summer,20.8,15.4,18.1,5.4,0.9,0.9,0.0,light,True,16.4,77.0,15.79
b3dd5a3b638971a0cf764a30f8dd75f8,London,GB,2025-07-25,Europe,Temperate,2025,7,July,Friday,Summer,25.4,15.4,20.5,10.0,0.0,0.0,0.0,dry,False,10.9,67.0,15.74
6349525c890fb8f16ee7eb2574e1cd2a,London,GB,2025-07-26,Europe,Temperate,2025,7,July,Saturday,Summer,23.2,15.9,20.1,7.3,0.2,0.2,0.0,light,True,11.2,64.0,15.7
b5d57bac327221c4b866a96704178a3b,London,GB,2025-07-27,Europe,Temperate,2025,7,July,Sunday,Summer,21.5,15.2,18.5,6.3,0.3,0.3,0.0,light,True,14.3,57.0,15.65
1825f17473dcc6dec6a9bba53348a4ba,London,GB,2025-07-28,Europe,Temperate,2025,7,July,Monday,Summer,24.2,15.0,20.0,9.2,0.0,0.0,0.0,dry,False,13.7,50.0,15.6
411c933926213016e2a681fa30686557,London,GB,2025-07-29,Europe,Temperate,2025,7,July,Tuesday,Summer,21.9,15.2,18.4,6.7,0.8,0.8,0.0,light,True,9.6,63.0,15.55
8a7888518b6e3b167dd0d8151876d3ce,London,GB,2025-07-30,Europe,Temperate,2025,7,July,Wednesday,Summer,24.7,16.2,20.4,8.5,0.8,0.8,0.0,light,True,14.0,65.0,15.5
0a4ca7aa6d032bd964bad273a6883d34,London,GB,2025-07-31,Europe,Temperate,2025,7,July,Thursday,Summer,22.6,16.6,18.7,6.0,26.7,26.7,0.0,heavy,True,12.4,79.0,15.45
9b8c9d287cf30e9c9e4d6ef71806425e,London,GB,2025-08-01,Europe,Temperate,2025,8,August,Friday,Summer,19.7,13.1,16.5,6.6,1.2,1.2,0.0,light,True,16.2,73.0,15.4
25de243496def1982e05aa85811da2bd,London,GB,2025-08-02,Europe,Temperate,2025,8,August,Saturday,Summer,19.9,13.1,16.7,6.8,0.0,0.0,0.0,dry,False,9.6,64.0,15.35
c5df48c99c07f85d1d107255e748d016,London,GB,2025-08-03,Europe,Temperate,2025,8,August,Sunday,Summer,23.0,12.8,18.3,10.2,2.5,2.5,0.0,light,True,17.2,76.0,15.29
330a0b3a2f62430ec8f2b21db9810fb5,London,GB,2025-08-04,Europe,Temperate,2025,8,August,Monday,Summer,21.5,16.3,19.2,5.2,1.0,1.0,0.0,light,True,24.0,79.0,15.24
2739577cfa9996ce8442dbe1e23a04d5,London,GB,2025-08-05,Europe,Temperate,2025,8,August,Tuesday,Summer,20.7,13.1,17.1,7.6,0.0,0.0,0.0,dry,False,19.7,58.0,15.18
3173da3a647772bcf254e979687f5353,London,GB,2025-08-06,Europe,Temperate,2025,8,August,Wednesday,Summer,22.2,11.7,17.1,10.5,0.0,0.0,0.0,dry,False,12.3,60.0,15.13
739ce3fa8815c52048c20ee491dbf45c,London,GB,2025-08-07,Europe,Temperate,2025,8,August,Thursday,Summer,23.0,14.6,18.8,8.4,0.0,0.0,0.0,dry,False,19.8,66.0,15.07
3c58cc9750db5b6718246e5e52b9e1c5,London,GB,2025-08-08,Europe,Temperate,2025,8,August,Friday,Summer,25.1,15.5,20.4,9.6,0.0,0.0,0.0,dry,False,13.7,58.0,15.01
5b469de7a596704fe556be89327e2f5b,London,GB,2025-08-09,Europe,Temperate,2025,8,August,Saturday,Summer,24.8,14.5,19.7,10.3,0.0,0.0,0.0,dry,False,17.1,52.0,14.96
f0719c7ccf892fec89633eb9c30fd8ae,London,GB,2025-08-10,Europe,Temperate,2025,8,August,Sunday,Summer,26.2,14.8,20.7,11.4,0.0,0.0,0.0,dry,False,9.7,55.0,14.9
1567174d67e75a107c2fbdf29b3621b1,London,GB,2025-08-11,Europe,Temperate,2025,8,August,Monday,Summer,29.7,16.4,22.8,13.3,0.5,0.5,0.0,light,True,12.2,54.0,14.84
ed9b1e198926827ce0c53965a97e7faf,London,GB,2025-08-12,Europe,Temperate,2025,8,August,Tuesday,Summer,31.0,18.8,24.7,12.2,0.6,0.6,0.0,light,True,13.3,53.0,14.78
3d6b3b44196313c28c0ab72183bb5e66,London,GB,2025-08-13,Europe,Temperate,2025,8,August,Wednesday,Summer,27.8,18.3,22.2,9.5,0.0,0.0,0.0,dry,False,14.6,70.0,14.73
f0c69d868172cd8c6f247aa1fd873450,London,GB,2025-08-14,Europe,Temperate,2025,8,August,Thursday,Summer,26.9,16.6,21.8,10.3,0.0,0.0,0.0,dry,False,13.1,66.0,14.67
a97822b867015e4ebfae923051160971,London,GB,2025-08-15,Europe,Temperate,2025,8,August,Friday,Summer,29.5,17.8,23.1,11.7,0.0,0.0,0.0,dry,False,15.1,60.0,14.61
ff2834e5db60588e3aac02b17ac4ef29,London,GB,2025-08-16,Europe,Temperate,2025,8,August,Saturday,Summer,22.5,16.4,19.5,6.1,0.1,0.1,0.0,light,True,13.4,69.0,14.55
13564c6293ddc92bd9a52af0604a3149,London,GB,2025-08-17,Europe,Temperate,2025,8,August,Sunday,Summer,24.4,13.0,18.2,11.4,0.0,0.0,0.0,dry,False,12.6,69.0,14.49
e0516a93a044b8d672e45327ca931134,London,GB,2025-08-18,Europe,Temperate,2025,8,August,Monday,Summer,21.5,16.9,18.8,4.6,0.2,0.2,0.0,light,True,13.6,70.0,14.43
3a5cd95c9c0ca2519c5774a6182d4abc,London,GB,2025-08-19,Europe,Temperate,2025,8,August,Tuesday,Summer,25.1,15.1,19.4,10.0,0.1,0.1,0.0,light,True,16.5,69.0,14.37
3bbd32ad7e614c9407456cab479d84a0,London,GB,2025-08-20,Europe,Temperate,2025,8,August,Wednesday,Summer,20.6,14.9,17.3,5.7,0.0,0.0,0.0,dry,False,17.1,65.0,14.31
aadd3d6aefffd5f8fbd12e64daeba4d0,London,GB,2025-08-21,Europe,Temperate,2025,8,August,Thursday,Summer,20.0,13.5,16.8,6.5,0.1,0.1,0.0,light,True,14.6,62.0,14.25
2ed105b461ea22621f0666f9cfc32aaf,London,GB,2025-08-22,Europe,Temperate,2025,8,August,Friday,Summer,22.8,11.6,17.4,11.2,0.0,0.0,0.0,dry,False,9.9,53.0,14.19
fa323c5f2cff384ac5161ebf4379b827,London,GB,2025-08-23,Europe,Temperate,2025,8,August,Saturday,Summer,21.9,16.1,19.1,5.8,0.0,0.0,0.0,dry,False,9.9,57.0,14.12
b02b9a7487745a792165639568192918,London,GB,2025-08-24,Europe,Temperate,2025,8,August,Sunday,Summer,23.6,14.6,19.2,9.0,0.0,0.0,0.0,dry,False,9.7,55.0,14.06
e5dc2c856ca7dca09b36dea56f18cb9c,London,GB,2025-08-25,Europe,Temperate,2025,8,August,Monday,Summer,26.0,15.1,20.6,10.9,0.0,0.0,0.0,dry,False,12.6,50.0,14.0
c3750f676ea00c96f9d5dd41004146af,London,GB,2025-08-26,Europe,Temperate,2025,8,August,Tuesday,Summer,25.3,18.3,21.1,7.0,0.2,0.2,0.0,light,True,18.9,57.0,13.93
406e88479c0dcecbf05c462950332f1a,London,GB,2025-08-27,Europe,Temperate,2025,8,August,Wednesday,Summer,21.8,15.5,18.2,6.3,1.3,1.3,0.0,light,True,20.8,73.0,13.87
ee51384636aeeab2f4877d718ee5d809,London,GB,2025-08-28,Europe,Temperate,2025,8,August,Thursday,Summer,20.5,13.0,17.1,7.5,2.4,2.4,0.0,light,True,19.6,75.0,13.81
9233da7396fc4f7c26ac222dbdb136a5,London,GB,2025-08-29,Europe,Temperate,2025,8,August,Friday,Summer,19.7,14.3,16.5,5.4,19.5,19.5,0.0,heavy,True,14.8,81.0,13.74
7ecbc3c9a8d30a2b7842380f09ed724d,London,GB,2025-08-30,Europe,Temperate,2025,8,August,Saturday,Summer,20.0,13.1,16.8,6.9,2.0,2.0,0.0,light,True,23.3,82.0,13.68
de147db430bcf77c9259605bf493a2e8,London,GB,2025-08-31,Europe,Temperate,2025,8,August,Sunday,Summer,20.2,14.0,17.0,6.2,0.9,0.9,0.0,light,True,21.3,76.0,13.62
2031b0e1b7fa078ef67ed77256dd3f1b,London,GB,2025-09-01,Europe,Temperate,2025,9,September,Monday,Autumn,19.3,14.5,16.4,4.8,3.3,3.3,0.0,moderate,True,22.7,77.0,13.55
8726b786015f4efe37b96724f54e13fb,London,GB,2025-09-02,Europe,Temperate,2025,9,September,Tuesday,Autumn,19.0,12.8,15.7,6.2,1.8,1.8,0.0,light,True,15.4,83.0,13.49
1424ac1884fbe08b363f6fac63831652,London,GB,2025-09-03,Europe,Temperate,2025,9,September,Wednesday,Autumn,20.0,15.6,17.7,4.4,25.7,25.7,0.0,heavy,True,27.5,85.0,13.43
856878e3893f9ac194f3588a318f2fa8,London,GB,2025-09-04,Europe,Temperate,2025,9,September,Thursday,Autumn,18.8,14.1,16.1,4.7,4.7,4.7,0.0,moderate,True,20.7,75.0,13.37
5915bdba14b04039b95ec1d2d2f6b51b,London,GB,2025-09-05,Europe,Temperate,2025,9,September,Friday,Autumn,20.7,11.4,15.8,9.3,0.0,0.0,0.0,dry,False,9.8,76.0,13.3
d06acfb018fd06dfc816bda0ce31a902,London,GB,2025-09-06,Europe,Temperate,2025,9,September,Saturday,Autumn,22.0,13.3,17.6,8.7,0.0,0.0,0.0,dry,False,17.6,73.0,13.24
1fca07ed8f65485aca0e4f487a6f932c,London,GB,2025-09-07,Europe,Temperate,2025,9,September,Sunday,Autumn,24.5,15.7,19.4,8.8,0.0,0.0,0.0,dry,False,18.0,73.0,13.17
d33b9184a7744518ba2624dc7dedb77a,London,GB,2025-09-08,Europe,Temperate,2025,9,September,Monday,Autumn,19.6,13.6,16.4,6.0,0.1,0.1,0.0,light,True,13.4,71.0,13.11
bc32e3e920b764900d7f4ccbace8b9b4,London,GB,2025-09-09,Europe,Temperate,2025,9,September,Tuesday,Autumn,19.8,11.0,15.6,8.8,0.3,0.3,0.0,light,True,11.3,70.0,13.04
8d54273fe017ab876a1febd3276fa3ef,London,GB,2025-09-10,Europe,Temperate,2025,9,September,Wednesday,Autumn,18.0,14.3,15.6,3.7,7.7,7.7,0.0,heavy,True,19.4,80.0,12.98
82acda17c0c74eb7a964e1bae335c3c1,London,GB,2025-09-11,Europe,Temperate,2025,9,September,Thursday,Autumn,18.0,12.1,14.3,5.9,3.7,3.7,0.0,moderate,True,22.8,74.0,12.91
a74929752b90dfa07a00276ae2c7fb56,London,GB,2025-09-12,Europe,Temperate,2025,9,September,Friday,Autumn,17.6,10.9,13.9,6.7,4.4,4.4,0.0,moderate,True,18.4,73.0,12.85
a1b35eb2654142f1ca6a01368a942208,London,GB,2025-09-13,Europe,Temperate,2025,9,September,Saturday,Autumn,17.2,11.8,14.0,5.4,3.0,3.0,0.0,moderate,True,17.7,75.0,12.78
93dbebe9c03a34bcf1d50b6d3bf65a1c,London,GB,2025-09-14,Europe,Temperate,2025,9,September,Sunday,Autumn,17.8,9.2,13.6,8.6,3.5,3.5,0.0,moderate,True,26.3,83.0,12.72
da6360f1c01a11c27bb3619376f21032,London,GB,2025-09-15,Europe,Temperate,2025,9,September,Monday,Autumn,17.8,14.1,15.7,3.7,0.4,0.4,0.0,light,True,31.6,67.0,12.65
a5351de60fb8566187b72c71a44ca3d7,London,GB,2025-09-16,Europe,Temperate,2025,9,September,Tuesday,Autumn,18.3,12.0,14.7,6.3,0.0,0.0,0.0,dry,False,21.8,67.0,12.59
f2d4fbbfb49ea3e94eb22387e281e612,London,GB,2025-09-17,Europe,Temperate,2025,9,September,Wednesday,Autumn,18.8,12.5,16.0,6.3,1.1,1.1,0.0,light,True,24.4,85.0,12.52
a89120b90ec285c61691d296b5bdeda4,London,GB,2025-09-18,Europe,Temperate,2025,9,September,Thursday,Autumn,21.5,16.1,18.6,5.4,0.0,0.0,0.0,dry,False,21.9,85.0,12.46
706c2920d321ce0d5586660d1258587a,London,GB,2025-09-19,Europe,Temperate,2025,9,September,Friday,Autumn,25.4,15.0,18.9,10.4,0.0,0.0,0.0,dry,False,13.3,79.0,12.39
cb565a9febe424303fd948e1e323b1a2,London,GB,2025-09-20,Europe,Temperate,2025,9,September,Saturday,Autumn,21.1,13.8,16.7,7.3,0.0,0.0,0.0,dry,False,24.5,81.0,12.33
718c5aac2d3d7dd5461d8a4eff6fbc00,London,GB,2025-09-21,Europe,Temperate,2025,9,September,Sunday,Autumn,15.5,9.5,12.6,6.0,0.0,0.0,0.0,dry,False,22.5,63.0,12.26
4d501df73737969d9458749d2204b9a6,London,GB,2025-09-22,Europe,Temperate,2025,9,September,Monday,Autumn,15.7,7.5,11.4,8.2,0.0,0.0,0.0,dry,False,16.2,64.0,12.2
5aa01383b4b89edfdc33e6921e06ca9c,London,GB,2025-09-23,Europe,Temperate,2025,9,September,Tuesday,Autumn,16.4,7.2,11.5,9.2,0.0,0.0,0.0,dry,False,15.7,67.0,12.13
d1220a37c78b66e8bfbdf7774de89b89,London,GB,2025-09-24,Europe,Temperate,2025,9,September,Wednesday,Autumn,17.5,9.6,13.2,7.9,0.0,0.0,0.0,dry,False,16.1,65.0,12.07
7134bdbabd0eb5547a301fa368cef7cc,London,GB,2025-09-25,Europe,Temperate,2025,9,September,Thursday,Autumn,18.3,9.5,13.4,8.8,0.0,0.0,0.0,dry,False,17.6,58.0,12.0
e25a898d5a205babb3fa7dddfab92937,London,GB,2025-09-26,Europe,Temperate,2025,9,September,Friday,Autumn,16.1,9.4,12.8,6.7,1.1,1.1,0.0,light,True,15.7,69.0,11.94
ce6f825f424436af4d6d9042766af255,London,GB,2025-09-27,Europe,Temperate,2025,9,September,Saturday,Autumn,17.4,10.6,13.7,6.8,0.0,0.0,0.0,dry,False,15.1,71.0,11.87
f1eda43dcd51da49aa166c6b237e1e4a,London,GB,2025-09-28,Europe,Temperate,2025,9,September,Sunday,Autumn,16.8,11.8,13.8,5.0,0.5,0.5,0.0,light,True,9.4,83.0,11.81
92a8da78064d1bf24e3896d60b25d99a,London,GB,2025-09-29,Europe,Temperate,2025,9,September,Monday,Autumn,17.7,8.0,13.2,9.7,0.0,0.0,0.0,dry,False,8.6,72.0,11.74
b38c908dcf16031e7722b4ac986235ec,London,GB,2025-09-30,Europe,Temperate,2025,9,September,Tuesday,Autumn,18.3,8.9,13.7,9.4,0.0,0.0,0.0,dry,False,6.4,72.0,11.68
999e5c806bd6272d81410ee4759b041d,London,GB,2025-10-01,Europe,Temperate,2025,10,October,Wednesday,Autumn,17.9,9.9,13.1,8.0,0.1,0.1,0.0,light,True,8.8,80.0,11.61
bd5f0067180a29ee557e8e325aadabfc,London,GB,2025-10-02,Europe,Temperate,2025,10,October,Thursday,Autumn,18.5,10.2,14.5,8.3,0.0,0.0,0.0,dry,False,15.7,80.0,11.55
b02424dfbfbf61d2b4ac829075331981,London,GB,2025-10-03,Europe,Temperate,2025,10,October,Friday,Autumn,17.9,14.3,16.2,3.6,11.6,11.6,0.0,heavy,True,28.6,85.0,11.48
dabab08abd6e2ca10b527691202d6ab0,London,GB,2025-10-04,Europe,Temperate,2025,10,October,Saturday,Autumn,17.1,11.3,13.2,5.8,4.4,4.4,0.0,moderate,True,31.5,70.0,11.42
936ebaf3f7ab9bcb496d0bb638ef627d,London,GB,2025-10-05,Europe,Temperate,2025,10,October,Sunday,Autumn,15.7,10.6,12.8,5.1,0.0,0.0,0.0,dry,False,22.5,65.0,11.35
29c590a388e30d38e1bd7d5b4e0f81b2,London,GB,2025-10-06,Europe,Temperate,2025,10,October,Monday,Autumn,18.6,9.6,13.9,9.0,0.0,0.0,0.0,dry,False,11.4,79.0,11.28
f22704359f97b2fe39e86d7736db0251,London,GB,2025-10-07,Europe,Temperate,2025,10,October,Tuesday,Autumn,17.0,11.6,14.1,5.4,0.0,0.0,0.0,dry,False,12.3,80.0,11.22
5114bafa42ac0eee9d3317700ae3c758,London,GB,2025-10-08,Europe,Temperate,2025,10,October,Wednesday,Autumn,16.8,11.3,13.7,5.5,0.4,0.4,0.0,light,True,8.2,86.0,11.15
2f8056d580cee1d167629adcc0260cc0,London,GB,2025-10-09,Europe,Temperate,2025,10,October,Thursday,Autumn,15.0,8.8,12.3,6.2,0.0,0.0,0.0,dry,False,11.1,79.0,11.09
b7afc831200dffa841eb8184bec6efa0,London,GB,2025-10-10,Europe,Temperate,2025,10,October,Friday,Autumn,15.8,12.0,13.9,3.8,0.1,0.1,0.0,light,True,7.2,83.0,11.02
7ee859fc6eb34bc8f8eabf3c3d117440,London,GB,2025-10-11,Europe,Temperate,2025,10,October,Saturday,Autumn,14.8,10.6,12.7,4.2,0.0,0.0,0.0,dry,False,5.5,82.0,10.96
317fc2bd96989f12db4c59c2b9abcebf,London,GB,2025-10-12,Europe,Temperate,2025,10,October,Sunday,Autumn,15.0,7.5,11.3,7.5,0.0,0.0,0.0,dry,False,9.1,85.0,10.9
ad9018fe0782a22e24c71298ebf01c26,London,GB,2025-10-13,Europe,Temperate,2025,10,October,Monday,Autumn,15.6,12.3,13.7,3.3,0.2,0.2,0.0,light,True,12.1,88.0,10.83
c65fdce5c243108af27bcfbf2dd5d36d,London,GB,2025-10-14,Europe,Temperate,2025,10,October,Tuesday,Autumn,13.7,10.8,12.4,2.9,0.1,0.1,0.0,light,True,11.1,85.0,10.77
c4d036f94a3787d3cab701e4c00a5cad,London,GB,2025-10-15,Europe,Temperate,2025,10,October,Wednesday,Autumn,13.0,10.5,11.6,2.5,0.0,0.0,0.0,dry,False,10.5,84.0,10.71
b86f302699ec4e5646039ca398328a86,London,GB,2025-10-16,Europe,Temperate,2025,10,October,Thursday,Autumn,15.4,9.5,12.3,5.9,0.0,0.0,0.0,dry,False,7.8,84.0,10.64
e877635942f6cec7555fe99bed0af750,London,GB,2025-10-17,Europe,Temperate,2025,10,October,Friday,Autumn,14.8,11.1,12.8,3.7,0.0,0.0,0.0,dry,False,8.6,81.0,10.58
dea829b3a34b191edb539e970b63283b,London,GB,2025-10-18,Europe,Temperate,2025,10,October,Saturday,Autumn,14.6,11.1,12.5,3.5,0.0,0.0,0.0,dry,False,13.5,73.0,10.52
4a36f9c89935862f97848b7c3e9a4c36,London,GB,2025-10-19,Europe,Temperate,2025,10,October,Sunday,Autumn,15.3,12.0,13.6,3.3,6.1,6.1,0.0,moderate,True,17.6,85.0,10.45
36c122aac6d70db00ba7ad2f046a2942,London,GB,2025-10-20,Europe,Temperate,2025,10,October,Monday,Autumn,14.6,11.8,13.2,2.8,3.4,3.4,0.0,moderate,True,17.3,90.0,10.39
704a67d83aa76cc446d6691694a47b8e,London,GB,2025-10-21,Europe,Temperate,2025,10,October,Tuesday,Autumn,15.3,10.9,12.8,4.4,0.2,0.2,0.0,light,True,17.7,85.0,10.33
1729caf540a2967dc387074fed8595ff,London,GB,2025-10-22,Europe,Temperate,2025,10,October,Wednesday,Autumn,14.6,8.9,11.4,5.7,7.8,7.8,0.0,heavy,True,15.3,85.0,10.26
bb53d5699e72e5bbeb3909c91fb27771,London,GB,2025-10-23,Europe,Temperate,2025,10,October,Thursday,Autumn,11.7,7.3,9.8,4.4,16.3,16.3,0.0,heavy,True,25.6,83.0,10.2
2aa41edadefe307e8c95089155c5ea47,London,GB,2025-10-24,Europe,Temperate,2025,10,October,Friday,Autumn,12.0,5.8,8.6,6.2,0.0,0.0,0.0,dry,False,20.2,74.0,10.14
3016e82b1600475b63e6b008026f9a11,London,GB,2025-10-25,Europe,Temperate,2025,10,October,Saturday,Autumn,11.8,6.5,9.1,5.3,1.1,1.1,0.0,light,True,17.4,77.0,10.07
78a6f68b87672ff6ee0d0331622874f2,London,GB,2025-10-26,Europe,Temperate,2025,10,October,Sunday,Autumn,10.9,4.9,7.6,6.0,0.7,0.7,0.0,light,True,19.3,78.0,10.01
fbc61fb75efc915ba5ff2a03803c9351,London,GB,2025-10-27,Europe,Temperate,2025,10,October,Monday,Autumn,12.8,9.9,11.1,2.9,0.0,0.0,0.0,dry,False,26.7,71.0,9.95
c97d5b3d71b7a3ca2fa6d3e12a16d5af,London,GB,2025-10-28,Europe,Temperate,2025,10,October,Tuesday,Autumn,14.4,11.3,12.4,3.1,0.3,0.3,0.0,light,True,21.0,75.0,9.89
158549508a88419d9e8231530996ca5a,London,GB,2025-10-29,Europe,Temperate,2025,10,October,Wednesday,Autumn,12.5,7.7,11.0,4.8,4.7,4.7,0.0,moderate,True,14.9,90.0,9.83
1840a16d462c7dc7638bdb2b80e304f2,London,GB,2025-10-30,Europe,Temperate,2025,10,October,Thursday,Autumn,12.9,5.6,9.3,7.3,0.0,0.0,0.0,dry,False,17.7,82.0,9.77
d8fb0c7e95f88a790325f145555b66e8,London,GB,2025-10-31,Europe,Temperate,2025,10,October,Friday,Autumn,15.7,12.8,14.5,2.9,4.2,4.2,0.0,moderate,True,22.7,85.0,9.71
5af7aea5e00757798d54a0b6d494b420,London,GB,2025-11-01,Europe,Temperate,2025,11,November,Saturday,Autumn,15.8,9.5,12.8,6.3,4.7,4.7,0.0,moderate,True,25.9,80.0,9.65
8c8da8eb059f4796f748635569a66d6c,London,GB,2025-11-02,Europe,Temperate,2025,11,November,Sunday,Autumn,12.2,7.5,9.3,4.7,3.8,3.8,0.0,moderate,True,14.8,80.0,9.59
6ebd84b4dc340c91b0ff270395d9b5bf,London,GB,2025-11-03,Europe,Temperate,2025,11,November,Monday,Autumn,15.9,7.4,12.8,8.5,1.3,1.3,0.0,light,True,20.7,84.0,9.53
029d8a37fa94a6e9e88a7df412e7a8c8,London,GB,2025-11-04,Europe,Temperate,2025,11,November,Tuesday,Autumn,15.4,13.6,14.4,1.8,0.0,0.0,0.0,dry,False,19.9,83.0,9.47
41089c857223b5233fc811a5ec029dfb,London,GB,2025-11-05,Europe,Temperate,2025,11,November,Wednesday,Autumn,17.2,14.5,15.5,2.7,0.1,0.1,0.0,light,True,19.7,75.0,9.42
7ba75405e63567bf23c4323d065bf85a,London,GB,2025-11-06,Europe,Temperate,2025,11,November,Thursday,Autumn,16.6,14.1,15.0,2.5,1.1,1.1,0.0,light,True,14.3,86.0,9.36
e2237686b207c894e8d7303a6438c7e5,London,GB,2025-11-07,Europe,Temperate,2025,11,November,Friday,Autumn,15.0,12.1,13.3,2.9,0.3,0.3,0.0,light,True,12.7,93.0,9.3
37aed98cef5b8c5b4b09c0a0a7a1c15f,London,GB,2025-11-08,Europe,Temperate,2025,11,November,Saturday,Autumn,14.1,9.1,12.2,5.0,2.9,2.9,0.0,moderate,True,12.0,88.0,9.25
368f1f2f55b18d825fd6aa790e2cc835,London,GB,2025-11-09,Europe,Temperate,2025,11,November,Sunday,Autumn,14.0,5.2,10.2,8.8,0.0,0.0,0.0,dry,False,15.9,88.0,9.19
5a6272b445eba63dbddbbe255115ded8,London,GB,2025-11-10,Europe,Temperate,2025,11,November,Monday,Autumn,13.2,8.7,11.9,4.5,5.8,5.8,0.0,moderate,True,18.5,90.0,9.14
af5951a8092642437da727f190a644ea,London,GB,2025-11-11,Europe,Temperate,2025,11,November,Tuesday,Autumn,14.8,8.3,12.2,6.5,1.0,1.0,0.0,light,True,21.6,85.0,9.08
ba3659046c14c101a3db84b1982b5c59,London,GB,2025-11-12,Europe,Temperate,2025,11,November,Wednesday,Autumn,16.4,13.2,14.4,3.2,0.8,0.8,0.0,light,True,23.6,81.0,9.03
1f889b868e7da00ed3feae20a573a2c6,London,GB,2025-11-13,Europe,Temperate,2025,11,November,Thursday,Autumn,16.7,13.0,14.4,3.7,4.6,4.6,0.0,moderate,True,15.7,84.0,8.97
9aeac254934dc4e023d12c6f041ecd86,London,GB,2025-11-14,Europe,Temperate,2025,11,November,Friday,Autumn,14.3,12.1,13.0,2.2,15.2,15.2,0.0,heavy,True,14.0,96.0,8.92
71650583ebd798e38397976056cb5857,London,GB,2025-11-15,Europe,Temperate,2025,11,November,Saturday,Autumn,13.2,10.4,11.8,2.8,0.3,0.3,0.0,light,True,10.1,94.0,8.87
c829207521b79c662dbd0236a9dfde23,London,GB,2025-11-16,Europe,Temperate,2025,11,November,Sunday,Autumn,10.6,6.7,9.2,3.9,0.6,0.6,0.0,light,True,12.9,82.0,8.82
5aecec1b1fe348f60abdaf5346cd5d2b,London,GB,2025-11-17,Europe,Temperate,2025,11,November,Monday,Autumn,7.6,3.2,5.6,4.4,0.0,0.0,0.0,dry,False,16.2,77.0,8.77
a39ec6487a6d3d101700e46ff4704bfc,London,GB,2025-11-18,Europe,Temperate,2025,11,November,Tuesday,Autumn,6.9,-0.1,3.2,7.0,0.1,0.1,0.0,light,True,12.9,89.0,8.72
8ede1396f5df7f7d17bd35b1c179421e,London,GB,2025-11-19,Europe,Temperate,2025,11,November,Wednesday,Autumn,5.0,0.9,3.5,4.1,6.3,4.2,1.5,moderate,True,24.9,86.0,8.67
18a55bf34de2368cff739dbca3ea2dcc,London,GB,2025-11-20,Europe,Temperate,2025,11,November,Thursday,Autumn,3.6,-1.4,1.2,5.0,0.0,0.0,0.0,dry,False,15.0,74.0,8.62
980298e6b83ea074ebf3b472d0053772,London,GB,2025-11-21,Europe,Temperate,2025,11,November,Friday,Autumn,5.7,0.6,2.4,5.1,0.0,0.0,0.0,dry,False,13.8,84.0,8.58
376a2498e7de146632599ae8b23e9358,London,GB,2025-11-22,Europe,Temperate,2025,11,November,Saturday,Autumn,7.8,0.9,5.3,6.9,10.4,10.4,0.0,heavy,True,19.6,84.0,8.53
6ee48c51473b64efab8b07f1f425de41,London,GB,2025-11-23,Europe,Temperate,2025,11,November,Sunday,Autumn,10.0,5.6,7.7,4.4,9.7,9.7,0.0,heavy,True,22.5,85.0,8.49
e89a4bf308b5fb9a35aba7adb08330a4,London,GB,2025-11-24,Europe,Temperate,2025,11,November,Monday,Autumn,6.9,4.2,5.6,2.7,1.6,1.6,0.0,light,True,17.3,88.0,8.45
3e5c01f4556eee2d1c43cca6f4606874,London,GB,2025-11-25,Europe,Temperate,2025,11,November,Tuesday,Autumn,6.6,3.7,5.1,2.9,0.0,0.0,0.0,dry,False,16.8,80.0,8.41
596a8ae8e377a5dc597966ec77d11681,London,GB,2025-11-26,Europe,Temperate,2025,11,November,Wednesday,Autumn,8.4,-0.1,3.5,8.5,0.4,0.4,0.0,light,True,15.1,87.0,8.37
90030067998b3c14888b044d6bf4518f,London,GB,2025-11-27,Europe,Temperate,2025,11,November,Thursday,Autumn,13.3,8.8,11.6,4.5,1.4,1.4,0.0,light,True,19.2,93.0,8.33
766398cb6581ced11b6e69387ecc2a15,London,GB,2025-11-28,Europe,Temperate,2025,11,November,Friday,Autumn,13.3,8.6,10.7,4.7,0.2,0.2,0.0,light,True,18.6,85.0,8.29
c44488dee7a4f1567a7ee4c38006bbeb,London,GB,2025-11-29,Europe,Temperate,2025,11,November,Saturday,Autumn,11.5,5.1,9.1,6.4,3.9,3.9,0.0,moderate,True,24.2,87.0,8.25
3f78c81ef4f059a4da97bff09177ba08,London,GB,2025-11-30,Europe,Temperate,2025,11,November,Sunday,Autumn,7.6,3.0,5.2,4.6,0.0,0.0,0.0,dry,False,12.5,80.0,8.22
2bb39daed4a9d2a20a78dd83f9f2a5cf,London,GB,2025-12-01,Europe,Temperate,2025,12,December,Monday,Winter,11.8,6.6,10.0,5.2,5.5,5.5,0.0,moderate,True,30.3,86.0,8.18
672449c44e5e56eba1a633bf63674402,London,GB,2025-12-02,Europe,Temperate,2025,12,December,Tuesday,Winter,10.7,6.9,8.8,3.8,3.8,3.8,0.0,moderate,True,21.7,87.0,8.15
98a2cc286b8127cde4935b91176dc16c,London,GB,2025-12-03,Europe,Temperate,2025,12,December,Wednesday,Winter,9.2,3.4,6.3,5.8,0.8,0.8,0.0,light,True,12.6,89.0,8.12
8f94a53552aef5866c25fb405e27afcb,London,GB,2025-12-04,Europe,Temperate,2025,12,December,Thursday,Winter,8.2,2.8,6.6,5.4,6.1,6.1,0.0,moderate,True,16.6,91.0,8.09
172855b4ee9a7501541b2257896c4dd1,London,GB,2025-12-05,Europe,Temperate,2025,12,December,Friday,Winter,9.0,-0.4,4.6,9.4,10.6,10.6,0.0,heavy,True,30.2,87.0,8.06
a102f9b28c960e333a8ce4b6b85205dc,London,GB,2025-12-06,Europe,Temperate,2025,12,December,Saturday,Winter,11.8,8.9,10.1,2.9,1.0,1.0,0.0,light,True,20.6,84.0,8.03
6588c345233673919aee41e7e56b1844,London,GB,2025-12-07,Europe,Temperate,2025,12,December,Sunday,Winter,14.1,8.2,11.0,5.9,4.3,4.3,0.0,moderate,True,25.6,89.0,8.01
94d3b96cbd70b4f7cf3bcc8748aea861,London,GB,2025-12-08,Europe,Temperate,2025,12,December,Monday,Winter,13.8,10.4,12.0,3.4,0.4,0.4,0.0,light,True,16.5,87.0,7.98
8060ba631bd9a85fe87d6060ac1bc37e,London,GB,2025-12-09,Europe,Temperate,2025,12,December,Tuesday,Winter,14.4,12.0,13.3,2.4,6.9,6.9,0.0,moderate,True,24.9,82.0,7.96
fde0afea49c7f735cbfa57485b077542,London,GB,2025-12-10,Europe,Temperate,2025,12,December,Wednesday,Winter,12.8,8.5,10.9,4.3,0.0,0.0,0.0,dry,False,19.4,81.0,7.94
72bb70ba321547798910ca08a2d3adc2,London,GB,2025-12-11,Europe,Temperate,2025,12,December,Thursday,Winter,11.6,7.7,9.3,3.9,0.0,0.0,0.0,dry,False,14.2,89.0,7.92
92848ce9636c7e15e8d0a573763d692a,London,GB,2025-12-12,Europe,Temperate,2025,12,December,Friday,Winter,12.1,7.1,10.3,5.0,0.2,0.2,0.0,light,True,13.8,90.0,7.9
94c8bd1b31e7251cbb5224ef68159015,London,GB,2025-12-13,Europe,Temperate,2025,12,December,Saturday,Winter,9.1,3.4,6.4,5.7,0.0,0.0,0.0,dry,False,12.5,90.0,7.89
3902cb742e38ead6f59f3f195e56dc04,London,GB,2025-12-14,Europe,Temperate,2025,12,December,Sunday,Winter,10.4,6.2,8.2,4.2,0.0,0.0,0.0,dry,False,18.3,88.0,7.87
5c41d8890b6bb05c8248a26f84dbd3aa,London,GB,2025-12-15,Europe,Temperate,2025,12,December,Monday,Winter,11.3,9.9,10.5,1.4,0.0,0.0,0.0,dry,False,18.1,87.0,7.86
f05364fa9e9a68605d0600921266ff9d,London,GB,2025-12-16,Europe,Temperate,2025,12,December,Tuesday,Winter,11.4,7.0,9.7,4.4,4.5,4.5,0.0,moderate,True,12.7,90.0,7.85
f3529f4e76b741c8eb0f5b90ebe12b0b,London,GB,2025-12-17,Europe,Temperate,2025,12,December,Wednesday,Winter,9.9,1.7,6.3,8.2,0.0,0.0,0.0,dry,False,21.3,87.0,7.85
e6cd87fed21cd787da76915c204aaf55,London,GB,2025-12-18,Europe,Temperate,2025,12,December,Thursday,Winter,12.7,10.1,11.0,2.6,17.5,17.5,0.0,heavy,True,30.6,89.0,7.84
7316c7d7a9a69dc2a164a4bba1dfaebd,London,GB,2025-12-19,Europe,Temperate,2025,12,December,Friday,Winter,11.3,6.7,8.7,4.6,0.4,0.4,0.0,light,True,18.8,81.0,7.83
5284c3250de0d99fb75e4a2193b19d88,London,GB,2025-12-20,Europe,Temperate,2025,12,December,Saturday,Winter,9.1,4.0,6.5,5.1,0.0,0.0,0.0,dry,False,11.4,89.0,7.83
ce90dd68d2ee23ac28652ab93de560ce,London,GB,2025-12-21,Europe,Temperate,2025,12,December,Sunday,Winter,10.3,7.1,8.8,3.2,4.3,4.3,0.0,moderate,True,16.2,96.0,7.83
7801065e5a430ec43bb2c6551036c1c7,London,GB,2025-12-22,Europe,Temperate,2025,12,December,Monday,Winter,10.6,7.7,9.2,2.9,1.7,1.7,0.0,light,True,13.9,95.0,7.83
874ada82fb0d85336ab137e36f852554,London,GB,2025-12-23,Europe,Temperate,2025,12,December,Tuesday,Winter,7.6,6.0,6.9,1.6,0.1,0.1,0.0,light,True,16.1,89.0,7.83
4a1b2980ea7fe96f3bbb062afcbb3478,London,GB,2025-12-24,Europe,Temperate,2025,12,December,Wednesday,Winter,5.9,3.6,5.0,2.3,0.0,0.0,0.0,dry,False,24.6,75.0,7.84
78c9389dc27348416c6b4eb2836e50f1,London,GB,2025-12-25,Europe,Temperate,2025,12,December,Thursday,Winter,5.1,3.0,3.8,2.1,0.0,0.0,0.0,dry,False,23.3,71.0,7.84
76e9f3b453e25e2b0ce6273af8166f1c,London,GB,2025-12-26,Europe,Temperate,2025,12,December,Friday,Winter,5.8,3.2,4.2,2.6,0.0,0.0,0.0,dry,False,17.9,84.0,7.85
32bd4c96488188b3ff2fd08584f99eed,London,GB,2025-12-27,Europe,Temperate,2025,12,December,Saturday,Winter,7.5,2.5,5.1,5.0,0.0,0.0,0.0,dry,False,22.2,87.0,7.86
2929af1a969f8d2e07d7eb006c9bf8dc,London,GB,2025-12-28,Europe,Temperate,2025,12,December,Sunday,Winter,7.1,4.5,6.5,2.6,0.0,0.0,0.0,dry,False,14.8,80.0,7.87
bf86958d8dcae15da41f16b2417e10fb,London,GB,2025-12-29,Europe,Temperate,2025,12,December,Monday,Winter,6.1,3.1,4.9,3.0,0.0,0.0,0.0,dry,False,11.9,83.0,7.88
938601eebf0082f0b8aee76fbcf4fed5,London,GB,2025-12-30,Europe,Temperate,2025,12,December,Tuesday,Winter,6.1,1.9,4.5,4.2,0.0,0.0,0.0,dry,False,12.2,83.0,7.9
0782ad31e37bda78041050a84cf76451,London,GB,2025-12-31,Europe,Temperate,2025,12,December,Wednesday,Winter,2.7,-1.3,0.7,4.0,0.0,0.0,0.0,dry,False,11.4,92.0,7.92
e93a981aa34d33474301d1281dd6c5ff,London,GB,2026-01-01,Europe,Temperate,2026,1,January,Thursday,Winter,5.7,-0.8,2.7,6.5,0.0,0.0,0.0,dry,False,17.3,84.0,7.93
a789385db3c5504594ff693478fac3f4,London,GB,2026-01-02,Europe,Temperate,2026,1,January,Friday,Winter,3.4,-0.4,1.8,3.8,0.4,0.3,0.1,light,True,16.5,77.0,7.95
d825db29748f850539a570983c604748,London,GB,2026-01-03,Europe,Temperate,2026,1,January,Saturday,Winter,2.3,-1.0,0.3,3.3,0.0,0.0,0.0,dry,False,15.1,74.0,7.97
ce30e6e954230f7448579a2448fb49d8,London,GB,2026-01-04,Europe,Temperate,2026,1,January,Sunday,Winter,1.7,-3.3,-1.0,5.0,0.0,0.0,0.0,dry,False,11.0,77.0,8.0
be3131edf2046f8530c7287ca063ec2f,London,GB,2026-01-05,Europe,Temperate,2026,1,January,Monday,Winter,1.3,-3.7,-1.3,5.0,0.0,0.0,0.0,dry,False,10.6,81.0,8.02
65b67bf7e7b1cf4bb0a00c27bf3b4825,London,GB,2026-01-06,Europe,Temperate,2026,1,January,Tuesday,Winter,3.6,-5.2,-1.1,8.8,0.6,0.5,0.1,light,True,18.7,85.0,8.05
df06b029e8eb20d1993e68fa2e2b7b35,London,GB,2026-01-07,Europe,Temperate,2026,1,January,Wednesday,Winter,5.5,0.7,2.9,4.8,7.6,5.6,1.4,moderate,True,19.8,84.0,8.08
7f7b212438cd1fed6196b0e783bcfc1e,London,GB,2026-01-08,Europe,Temperate,2026,1,January,Thursday,Winter,6.8,1.3,3.5,5.5,13.5,13.2,0.2,heavy,True,23.3,93.0,8.11
22d4bc7ae44738543b683ca7c35f79a5,London,GB,2026-01-09,Europe,Temperate,2026,1,January,Friday,Winter,6.1,1.9,3.8,4.2,2.9,2.9,0.0,moderate,True,25.9,87.0,8.14
baf7f7fe9a8d4c050645f379618276e8,London,GB,2026-01-10,Europe,Temperate,2026,1,January,Saturday,Winter,3.2,-0.6,1.5,3.8,0.0,0.0,0.0,dry,False,16.6,86.0,8.17
5bf56d587044b06598a272baeed5e7ed,London,GB,2026-01-11,Europe,Temperate,2026,1,January,Sunday,Winter,9.3,-1.5,4.0,10.8,2.0,2.0,0.0,light,True,28.2,86.0,8.21
009d0242ab8ef85c428b1dbf04a52c49,London,GB,2026-01-12,Europe,Temperate,2026,1,January,Monday,Winter,10.7,9.3,10.0,1.4,0.6,0.6,0.0,light,True,24.1,90.0,8.24
078de670038ec03923b2e676b80dd15f,London,GB,2026-01-13,Europe,Temperate,2026,1,January,Tuesday,Winter,10.3,6.9,9.5,3.4,12.9,12.9,0.0,heavy,True,19.4,94.0,8.28
5baa5ff1b81e8767215b6d69419fa3a3,London,GB,2026-01-14,Europe,Temperate,2026,1,January,Wednesday,Winter,9.1,-0.7,4.4,9.8,3.2,3.2,0.0,moderate,True,12.7,90.0,8.32
ca395bccaa88a060e06fff155bfc6150,London,GB,2026-01-15,Europe,Temperate,2026,1,January,Thursday,Winter,9.4,6.3,8.3,3.1,15.2,15.2,0.0,heavy,True,22.9,93.0,8.36
bfa0f1531de353e1b8e10d308b7ba713,London,GB,2026-01-16,Europe,Temperate,2026,1,January,Friday,Winter,9.3,3.1,6.7,6.2,0.6,0.6,0.0,light,True,13.0,90.0,8.4
7c098f888f2558c772d79c054b14d40b,London,GB,2026-01-17,Europe,Temperate,2026,1,January,Saturday,Winter,9.9,5.0,7.5,4.9,1.3,1.3,0.0,light,True,11.5,91.0,8.44
eccc5aee6faf6007168782eda298c3d5,London,GB,2026-01-18,Europe,Temperate,2026,1,January,Sunday,Winter,11.1,6.0,8.2,5.1,0.5,0.5,0.0,light,True,10.1,94.0,8.48
8e9687c26a1a02583d968d3836f3782e,London,GB,2026-01-19,Europe,Temperate,2026,1,January,Monday,Winter,10.4,6.6,8.4,3.8,0.8,0.8,0.0,light,True,12.5,92.0,8.53
f7375f181aba764d83d9579074293bb4,London,GB,2026-01-20,Europe,Temperate,2026,1,January,Tuesday,Winter,9.9,7.8,8.8,2.1,3.4,3.4,0.0,moderate,True,25.2,86.0,8.57
6266789ccaa3384c8395f00f67bb0aa7,London,GB,2026-01-21,Europe,Temperate,2026,1,January,Wednesday,Winter,10.0,5.3,8.1,4.7,12.5,12.5,0.0,heavy,True,24.7,89.0,8.62
53d68bc9cda4c61519038653e9cab219,London,GB,2026-01-22,Europe,Temperate,2026,1,January,Thursday,Winter,10.0,8.0,8.8,2.0,2.5,2.5,0.0,light,True,17.1,89.0,8.66
95efda4c14f9c107d32a206e6555ffb9,London,GB,2026-01-23,Europe,Temperate,2026,1,January,Friday,Winter,8.9,6.2,7.2,2.7,3.5,3.5,0.0,moderate,True,20.2,85.0,8.71
4c93bd6ee5ccef9017ed52e5910413d6,London,GB,2026-01-24,Europe,Temperate,2026,1,January,Saturday,Winter,9.2,5.5,7.0,3.7,3.9,3.9,0.0,moderate,True,18.8,82.0,8.76
b84d9427e8c7992913a0ec0e710140d3,London,GB,2026-01-25,Europe,Temperate,2026,1,January,Sunday,Winter,7.9,5.6,6.4,2.3,3.1,3.1,0.0,moderate,True,17.6,90.0,8.81
96d7b2d5348aacc66b6e3fe19c6ec5c4,London,GB,2026-01-26,Europe,Temperate,2026,1,January,Monday,Winter,6.2,4.1,5.1,2.1,0.2,0.2,0.0,light,True,15.3,88.0,8.86
d1e4e04200ce383197bf8cf6ab717aed,London,GB,2026-01-27,Europe,Temperate,2026,1,January,Tuesday,Winter,9.6,5.6,6.9,4.0,16.7,16.7,0.0,heavy,True,26.8,90.0,8.91
585cd6a7e18623cdad5b128f18a9e23d,London,GB,2026-01-28,Europe,Temperate,2026,1,January,Wednesday,Winter,8.8,1.5,5.1,7.3,0.2,0.2,0.0,light,True,12.4,88.0,8.96
2aa9971f8b64fbdc15a9ba05632a7a46,London,GB,2026-01-29,Europe,Temperate,2026,1,January,Thursday,Winter,6.8,1.8,4.1,5.0,0.0,0.0,0.0,dry,False,14.2,89.0,9.02
08db6ee3927d7555f6cf3f791193f272,London,GB,2026-01-30,Europe,Temperate,2026,1,January,Friday,Winter,10.5,3.9,7.2,6.6,5.5,5.5,0.0,moderate,True,19.5,89.0,9.07
3d79bc957a5978d3c4a9ddc82ec355be,London,GB,2026-01-31,Europe,Temperate,2026,1,January,Saturday,Winter,9.7,5.6,7.4,4.1,0.6,0.6,0.0,light,True,12.8,87.0,9.13
d335b22eb4818f18cc4b9b6804bacef2,London,GB,2026-02-01,Europe,Temperate,2026,2,February,Sunday,Winter,9.2,5.2,7.0,4.0,6.3,6.3,0.0,moderate,True,10.4,93.0,9.18
6ea429074da6ddd0c6162535f9504818,London,GB,2026-02-02,Europe,Temperate,2026,2,February,Monday,Winter,8.9,5.5,6.8,3.4,0.3,0.3,0.0,light,True,17.1,90.0,9.24
ca505cf4a64a1d461d679fa0aecd078a,London,GB,2026-02-03,Europe,Temperate,2026,2,February,Tuesday,Winter,6.6,2.9,4.7,3.7,9.9,9.9,0.0,heavy,True,16.7,91.0,9.3
cf554c3aa3b354ebbc9e584062bec44d,London,GB,2026-02-04,Europe,Temperate,2026,2,February,Wednesday,Winter,10.1,2.9,6.3,7.2,1.6,1.6,0.0,light,True,16.5,90.0,9.36
8791381f707d68d832366e07409245e4,London,GB,2026-02-05,Europe,Temperate,2026,2,February,Thursday,Winter,8.3,6.1,7.3,2.2,8.7,8.7,0.0,heavy,True,17.0,90.0,9.41
ad6a565957c00a03d73293006c7b3e0d,London,GB,2026-02-06,Europe,Temperate,2026,2,February,Friday,Winter,10.7,7.8,8.7,2.9,9.7,9.7,0.0,heavy,True,14.4,93.0,9.47
d280fd0c756dd27a3fec338f72715b17,London,GB,2026-02-07,Europe,Temperate,2026,2,February,Saturday,Winter,10.7,7.1,8.6,3.6,3.1,3.1,0.0,moderate,True,18.7,88.0,9.53
e92c476e58db8496466e8e64081100c1,London,GB,2026-02-08,Europe,Temperate,2026,2,February,Sunday,Winter,10.6,6.6,8.5,4.0,0.5,0.5,0.0,light,True,10.7,89.0,9.59
1719f34f1628d5dcb46f990921b49a87,London,GB,2026-02-09,Europe,Temperate,2026,2,February,Monday,Winter,10.2,6.5,8.1,3.7,4.6,4.6,0.0,moderate,True,14.9,87.0,9.65
31b931575d1241c285fae8859a0f0a43,London,GB,2026-02-10,Europe,Temperate,2026,2,February,Tuesday,Winter,11.4,7.6,9.0,3.8,3.7,3.7,0.0,moderate,True,14.5,92.0,9.71
3dd2896a3c93a74de7708a60ca41cf63,London,GB,2026-02-11,Europe,Temperate,2026,2,February,Wednesday,Winter,12.2,8.2,10.0,4.0,2.4,2.4,0.0,light,True,18.9,90.0,9.77
6a64ba5be7a9e4f5488f72d8e884761d,London,GB,2026-02-12,Europe,Temperate,2026,2,February,Thursday,Winter,10.3,6.0,8.0,4.3,3.4,3.4,0.0,moderate,True,13.3,93.0,9.83
b0f53736eeabb7584f62ff49cba61c65,London,GB,2026-02-13,Europe,Temperate,2026,2,February,Friday,Winter,9.4,4.4,6.2,5.0,2.1,2.1,0.0,light,True,16.8,88.0,9.89
cbcb165201dbde692e0c3e68e220119d,London,GB,2026-02-14,Europe,Temperate,2026,2,February,Saturday,Winter,5.8,1.3,3.4,4.5,0.0,0.0,0.0,dry,False,16.1,70.0,9.95
97f5e63c2e4e3208ea62c1a310d9be87,London,GB,2026-02-15,Europe,Temperate,2026,2,February,Sunday,Winter,8.2,2.9,5.0,5.3,9.1,9.1,0.0,heavy,True,18.1,86.0,10.01
929089cd7413a0e61bbe0d1d70849424,London,GB,2026-02-16,Europe,Temperate,2026,2,February,Monday,Winter,9.2,5.4,6.5,3.8,2.6,2.5,0.1,moderate,True,21.8,79.0,10.08
8c0409374ec035d18da5b23207073ead,London,GB,2026-02-17,Europe,Temperate,2026,2,February,Tuesday,Winter,6.1,2.1,4.1,4.0,0.0,0.0,0.0,dry,False,17.6,68.0,10.14
9fefda7578f4d8cf4abb54abf6ef53d0,London,GB,2026-02-18,Europe,Temperate,2026,2,February,Wednesday,Winter,5.4,2.3,4.0,3.1,5.3,5.3,0.0,moderate,True,21.5,76.0,10.2
40d411c2473d4dcf95d1bdf6208d3816,London,GB,2026-02-19,Europe,Temperate,2026,2,February,Thursday,Winter,6.9,4.4,5.4,2.5,2.2,2.2,0.0,light,True,15.8,89.0,10.27
78e8b1b4b796f4d20aecea585009de10,London,GB,2026-02-20,Europe,Temperate,2026,2,February,Friday,Winter,10.9,4.7,7.6,6.2,1.7,1.7,0.0,light,True,23.5,84.0,10.33
b432f8b8f6c298fb523564378f4983b0,London,GB,2026-02-21,Europe,Temperate,2026,2,February,Saturday,Winter,13.2,8.3,11.0,4.9,3.9,3.9,0.0,moderate,True,22.1,87.0,10.4
d550a40e72114e6a7d14b3fe67f6cd4b,London,GB,2026-02-22,Europe,Temperate,2026,2,February,Sunday,Winter,13.3,9.6,11.8,3.7,2.0,2.0,0.0,light,True,19.2,85.0,10.46
5a494d103c5b2fcde4e4f92ac6eb26c5,London,GB,2026-02-23,Europe,Temperate,2026,2,February,Monday,Winter,13.0,8.6,10.4,4.4,0.7,0.7,0.0,light,True,20.5,82.0,10.53
64737deb00398a6f636cec3aae643bce,London,GB,2026-02-24,Europe,Temperate,2026,2,February,Tuesday,Winter,14.5,11.2,12.2,3.3,0.2,0.2,0.0,light,True,20.2,88.0,10.59
bb29bcae111c6c0debc46d2f6952c4ef,London,GB,2026-02-25,Europe,Temperate,2026,2,February,Wednesday,Winter,16.8,8.4,12.2,8.4,0.0,0.0,0.0,dry,False,14.7,86.0,10.66
e15f53cd1a93dd0158c483758245fe42,London,GB,2026-02-26,Europe,Temperate,2026,2,February,Thursday,Winter,13.3,9.5,11.1,3.8,0.4,0.4,0.0,light,True,28.1,85.0,10.72
d26049bf16f52ee86528aa8f17830808,London,GB,2026-02-27,Europe,Temperate,2026,2,February,Friday,Winter,13.3,9.5,11.3,3.8,4.6,4.6,0.0,moderate,True,19.9,87.0,10.79
ffeb4bae163a8998f8785171a4579da7,London,GB,2026-02-28,Europe,Temperate,2026,2,February,Saturday,Winter,10.1,6.0,8.2,4.1,4.5,4.5,0.0,moderate,True,20.4,79.0,10.85
7bd9478964ae74e70d5f1b4474b9d7b9,London,GB,2026-03-01,Europe,Temperate,2026,3,March,Sunday,Spring,12.5,6.4,9.5,6.1,0.6,0.6,0.0,light,True,21.9,85.0,10.92
e7b4ac7cc4b0d361f7751d20964c3faa,London,GB,2026-03-02,Europe,Temperate,2026,3,March,Monday,Spring,14.7,8.8,11.1,5.9,0.0,0.0,0.0,dry,False,17.2,75.0,10.98
456250f8be750e409b71ea5bf3c92d13,London,GB,2026-03-03,Europe,Temperate,2026,3,March,Tuesday,Spring,14.2,6.0,9.3,8.2,0.0,0.0,0.0,dry,False,11.0,84.0,11.04
d747e95e5a7fb16cf02d2d3cf30f6406,London,GB,2026-03-04,Europe,Temperate,2026,3,March,Wednesday,Spring,13.3,5.2,8.4,8.1,0.0,0.0,0.0,dry,False,11.0,89.0,11.11
d775f19cc4c4460c384a7083e319d476,London,GB,2026-03-05,Europe,Temperate,2026,3,March,Thursday,Spring,17.0,6.9,11.5,10.1,0.0,0.0,0.0,dry,False,11.0,74.0,11.17
4b98191373ec30610915c5ff94fd7189,London,GB,2026-03-06,Europe,Temperate,2026,3,March,Friday,Spring,11.0,7.5,9.2,3.5,5.4,5.4,0.0,moderate,True,9.9,89.0,11.24
7d7af9bd54a76d48b68ae1095115969a,London,GB,2026-03-07,Europe,Temperate,2026,3,March,Saturday,Spring,10.0,6.9,8.1,3.1,0.0,0.0,0.0,dry,False,9.6,90.0,11.31
655e5f0833b15cee40fa3e65fd69926a,London,GB,2026-03-08,Europe,Temperate,2026,3,March,Sunday,Spring,12.6,7.2,8.8,5.4,0.0,0.0,0.0,dry,False,8.6,92.0,11.37
c1c653a73e4b436dd37686006e49536e,London,GB,2026-03-09,Europe,Temperate,2026,3,March,Monday,Spring,14.2,6.7,9.7,7.5,0.2,0.2,0.0,light,True,8.2,92.0,11.44
00c21b6c5d74e93068ace784ffeb62a2,London,GB,2026-03-10,Europe,Temperate,2026,3,March,Tuesday,Spring,12.3,9.1,10.0,3.2,0.2,0.2,0.0,light,True,18.5,83.0,11.5
7b106e38d3e82530247ef1764b08c592,London,GB,2026-03-11,Europe,Temperate,2026,3,March,Wednesday,Spring,12.1,7.4,10.2,4.7,1.9,1.9,0.0,light,True,21.7,72.0,11.57
ba4a92aa41372224547754dc91b3c24f,London,GB,2026-03-12,Europe,Temperate,2026,3,March,Thursday,Spring,11.6,6.5,9.6,5.1,0.6,0.6,0.0,light,True,33.1,79.0,11.64
c059c26a52ae6d6de350b71eaec9bf51,London,GB,2026-03-13,Europe,Temperate,2026,3,March,Friday,Spring,11.3,4.1,7.7,7.2,6.5,6.5,0.0,moderate,True,29.0,74.0,11.7
6d4eb92be20066b05491480312f389f4,London,GB,2026-03-14,Europe,Temperate,2026,3,March,Saturday,Spring,10.4,1.8,5.9,8.6,0.7,0.4,0.2,light,True,11.9,71.0,11.77
e9e5c2ba405129d66c9f0191015a99d5,London,GB,2026-03-15,Europe,Temperate,2026,3,March,Sunday,Spring,11.6,2.4,6.8,9.2,2.6,2.6,0.0,moderate,True,26.1,77.0,11.84
c0b22079c183c2f59681ab77158ea3ea,London,GB,2026-03-16,Europe,Temperate,2026,3,March,Monday,Spring,11.7,5.3,8.3,6.4,0.0,0.0,0.0,dry,False,20.2,78.0,11.9
db5068f8881d73ba14e3f87c372a6989,London,GB,2026-03-17,Europe,Temperate,2026,3,March,Tuesday,Spring,13.6,9.0,11.1,4.6,0.0,0.0,0.0,dry,False,19.8,79.0,11.97
bad9ee7fa3bda60d7ee4688cd90c85bc,London,GB,2026-03-18,Europe,Temperate,2026,3,March,Wednesday,Spring,17.3,8.1,11.8,9.2,0.0,0.0,0.0,dry,False,13.3,70.0,12.04
097efa1784dad1f304dfae72ea6b8ee9,London,GB,2026-03-19,Europe,Temperate,2026,3,March,Thursday,Spring,15.6,5.4,10.2,10.2,0.0,0.0,0.0,dry,False,11.2,66.0,12.1
53757340b41f0aebb5eb629b8f18a05f,London,GB,2026-03-20,Europe,Temperate,2026,3,March,Friday,Spring,13.0,3.6,8.3,9.4,0.0,0.0,0.0,dry,False,9.4,73.0,12.17
2ce71678b49654531a82020a50d4db68,London,GB,2026-03-21,Europe,Temperate,2026,3,March,Saturday,Spring,12.4,2.7,7.5,9.7,0.0,0.0,0.0,dry,False,8.1,74.0,12.24
6d2515c6bf671622bfc67c7a0e4077cf,London,GB,2026-03-22,Europe,Temperate,2026,3,March,Sunday,Spring,11.5,1.2,7.0,10.3,0.0,0.0,0.0,dry,False,6.3,81.0,12.3
baaefc1bb8fc0890ebdc4b5c00ac72f1,London,GB,2026-03-23,Europe,Temperate,2026,3,March,Monday,Spring,14.9,3.7,9.2,11.2,0.0,0.0,0.0,dry,False,11.7,77.0,12.37
cd97575ab4eab0aee71cfc02f9741de4,London,GB,2026-03-24,Europe,Temperate,2026,3,March,Tuesday,Spring,13.1,8.7,10.5,4.4,1.7,1.7,0.0,light,True,27.4,84.0,12.43
d91d0471cc1687449a62207d350b2d84,London,GB,2026-03-25,Europe,Temperate,2026,3,March,Wednesday,Spring,9.3,4.4,7.0,4.9,3.3,2.8,0.4,moderate,True,27.9,64.0,12.5
928f4ae9ae038f01ce73bad03e304ca8,London,GB,2026-03-26,Europe,Temperate,2026,3,March,Thursday,Spring,9.6,2.1,5.8,7.5,0.0,0.0,0.0,dry,False,14.8,64.0,12.56
4e6190d1a97a0fcb6eb6143ba2c19207,London,GB,2026-03-27,Europe,Temperate,2026,3,March,Friday,Spring,11.9,5.7,8.8,6.2,1.1,1.1,0.0,light,True,15.9,82.0,12.63
115fa9f1fdb93aba21e3cfe0b1dfa614,London,GB,2026-03-28,Europe,Temperate,2026,3,March,Saturday,Spring,10.3,3.9,7.0,6.4,0.5,0.5,0.0,light,True,20.1,64.0,12.7
d1879a41fb27daf8e2fc4a04b69d0b59,London,GB,2026-03-29,Europe,Temperate,2026,3,March,Sunday,Spring,10.0,2.3,6.9,7.7,0.5,0.5,0.0,light,True,22.2,75.0,12.76
7f6764f1fd3185fc62e2dfb8faad91de,London,GB,2026-03-30,Europe,Temperate,2026,3,March,Monday,Spring,11.2,6.5,9.1,4.7,0.2,0.2,0.0,light,True,23.3,67.0,12.83
e65f8879746463bf98da3661d89fcfd6,London,GB,2026-03-31,Europe,Temperate,2026,3,March,Tuesday,Spring,16.4,7.1,11.4,9.3,0.4,0.4,0.0,light,True,11.6,75.0,12.89
8a86b0e83b634dca95b95b248ea3835f,London,GB,2026-04-01,Europe,Temperate,2026,4,April,Wednesday,Spring,13.7,8.8,11.2,4.9,0.1,0.1,0.0,light,True,8.6,72.0,12.96
7678c8953dea074852c8192283d81dc7,London,GB,2026-04-02,Europe,Temperate,2026,4,April,Thursday,Spring,10.6,5.5,8.5,5.1,0.0,0.0,0.0,dry,False,14.8,67.0,13.03
1bc17890c27fee97d3b2c95875e35268,London,GB,2026-04-03,Europe,Temperate,2026,4,April,Friday,Spring,16.0,7.6,11.4,8.4,1.5,1.5,0.0,light,True,26.4,80.0,13.09
94f7e4740e716cf1328212322a7b72ad,London,GB,2026-04-04,Europe,Temperate,2026,4,April,Saturday,Spring,14.3,7.9,11.2,6.4,0.4,0.4,0.0,light,True,28.0,77.0,13.16
745b19de44b919d5049fc8751016effc,London,GB,2026-04-05,Europe,Temperate,2026,4,April,Sunday,Spring,13.2,7.3,10.5,5.9,0.4,0.4,0.0,light,True,27.5,57.0,13.22
0ad4f5caae2998fef50706c297dcc787,London,GB,2026-04-06,Europe,Temperate,2026,4,April,Monday,Spring,14.9,3.1,9.4,11.8,0.0,0.0,0.0,dry,False,11.5,57.0,13.29
4be7cd50df1696f1cef3c56c95f4f0e3,London,GB,2026-04-07,Europe,Temperate,2026,4,April,Tuesday,Spring,20.3,6.6,13.0,13.7,0.0,0.0,0.0,dry,False,14.2,55.0,13.35
d882a4aa3727485910c60d95b75eb903,London,GB,2026-04-08,Europe,Temperate,2026,4,April,Wednesday,Spring,25.9,9.8,17.7,16.1,0.0,0.0,0.0,dry,False,9.7,51.0,13.42
ee3ae520e2f0f59bd393d4fc326941f7,London,GB,2026-04-09,Europe,Temperate,2026,4,April,Thursday,Spring,21.1,9.1,15.3,12.0,0.2,0.2,0.0,light,True,21.4,63.0,13.48
9c942e0b699a8e3a3a4d9c5afb13ede8,London,GB,2026-04-10,Europe,Temperate,2026,4,April,Friday,Spring,12.9,6.5,9.3,6.4,0.0,0.0,0.0,dry,False,14.8,50.0,13.55
57f9bca9d48ecc02b86ba37e8b73e310,London,GB,2026-04-11,Europe,Temperate,2026,4,April,Saturday,Spring,12.8,8.6,10.6,4.2,0.3,0.3,0.0,light,True,24.5,55.0,13.61
ba8176f78c999d9d172b18286931b62d,London,GB,2026-04-12,Europe,Temperate,2026,4,April,Sunday,Spring,15.1,7.9,10.8,7.2,0.3,0.3,0.0,light,True,22.0,58.0,13.68
bb1fe03befb2bf30dd5fca600d872aff,London,GB,2026-04-13,Europe,Temperate,2026,4,April,Monday,Spring,13.3,4.7,9.3,8.6,1.0,1.0,0.0,light,True,10.9,65.0,13.74
6a259b7e9c8321579cc8efea1cc74914,London,GB,2026-04-14,Europe,Temperate,2026,4,April,Tuesday,Spring,16.5,5.4,11.4,11.1,0.0,0.0,0.0,dry,False,17.9,64.0,13.8
7be3b89fd77aa12ebf807a46b5286860,London,GB,2026-04-15,Europe,Temperate,2026,4,April,Wednesday,Spring,17.0,11.4,14.1,5.6,1.0,1.0,0.0,light,True,26.9,75.0,13.87
bf99bb1d7e851b3e28aebd1ffc0379a1,London,GB,2026-04-16,Europe,Temperate,2026,4,April,Thursday,Spring,17.4,10.2,13.4,7.2,0.5,0.5,0.0,light,True,17.8,70.0,13.93
f10a0a053d94093e98e7de8c1c173cda,London,GB,2026-04-17,Europe,Temperate,2026,4,April,Friday,Spring,17.7,10.9,13.8,6.8,0.7,0.7,0.0,light,True,20.3,70.0,13.99
437dd93b1351d818216742c5087a87c6,London,GB,2026-04-18,Europe,Temperate,2026,4,April,Saturday,Spring,16.8,9.6,13.2,7.2,0.1,0.1,0.0,light,True,12.7,59.0,14.06
d2af691e6a37c626a32438e41207c23d,London,GB,2026-04-19,Europe,Temperate,2026,4,April,Sunday,Spring,15.7,6.5,11.3,9.2,0.0,0.0,0.0,dry,False,12.1,51.0,14.12
ab27cbab09960545fbe1f7e83245492e,London,GB,2026-04-20,Europe,Temperate,2026,4,April,Monday,Spring,13.4,5.8,10.1,7.6,0.0,0.0,0.0,dry,False,15.4,61.0,14.18
a2e16516c0e07f0b3089c7e5a05fe211,London,GB,2026-04-21,Europe,Temperate,2026,4,April,Tuesday,Spring,14.1,5.9,9.9,8.2,0.0,0.0,0.0,dry,False,22.4,62.0,14.25
00847c19ced9882ca1f05f8790243973,London,GB,2026-04-22,Europe,Temperate,2026,4,April,Wednesday,Spring,16.5,6.7,11.5,9.8,0.0,0.0,0.0,dry,False,21.3,55.0,14.31
689e06beeec159b984bb16191b46d4c3,London,GB,2026-04-23,Europe,Temperate,2026,4,April,Thursday,Spring,18.1,7.2,12.1,10.9,0.0,0.0,0.0,dry,False,14.8,60.0,14.37
9ceaeed3843f0db255af99bcfbfb953a,London,GB,2026-04-24,Europe,Temperate,2026,4,April,Friday,Spring,19.2,4.7,11.5,14.5,0.0,0.0,0.0,dry,False,12.6,49.0,14.43
3601d5fb5ac875bb93e20b692743cbcc,London,GB,2026-04-25,Europe,Temperate,2026,4,April,Saturday,Spring,21.6,4.7,13.1,16.9,0.0,0.0,0.0,dry,False,8.9,49.0,14.49
aabecd1d5bcbcdbeb5ef35127b84b49a,London,GB,2026-04-26,Europe,Temperate,2026,4,April,Sunday,Spring,19.5,7.5,13.5,12.0,0.0,0.0,0.0,dry,False,11.6,56.0,14.55
a4bfc26ef53d2bc8439e631340e1c52c,London,GB,2026-04-27,Europe,Temperate,2026,4,April,Monday,Spring,21.6,8.0,14.5,13.6,0.6,0.6,0.0,light,True,13.4,57.0,14.62
42e25bd0b68480870322b0a411a19113,London,GB,2026-04-28,Europe,Temperate,2026,4,April,Tuesday,Spring,17.4,9.2,12.3,8.2,0.4,0.4,0.0,light,True,23.4,60.0,14.68
05012d1efbd52f9c810bc477af050f9b,London,GB,2026-04-29,Europe,Temperate,2026,4,April,Wednesday,Spring,17.9,8.4,13.2,9.5,0.0,0.0,0.0,dry,False,25.6,49.0,14.74
0d8c2905fed441e7e5a59a590d9b90d8,London,GB,2026-04-30,Europe,Temperate,2026,4,April,Thursday,Spring,20.9,10.8,15.7,10.1,0.0,0.0,0.0,dry,False,17.7,43.0,14.79
74bb57241ca0738d4e75b4d981fa28b4,London,GB,2026-05-01,Europe,Temperate,2026,5,May,Friday,Spring,24.2,10.8,17.6,13.4,0.0,0.0,0.0,dry,False,13.9,46.0,14.85
c8fea4d0711f1ccb55aedcb9b3dfe77e,London,GB,2026-05-02,Europe,Temperate,2026,5,May,Saturday,Spring,22.5,10.7,16.0,11.8,7.8,7.8,0.0,heavy,True,13.4,64.0,14.91
733635cba43d1abc0fc71d809cca37e8,London,GB,2026-05-03,Europe,Temperate,2026,5,May,Sunday,Spring,19.2,12.6,15.4,6.6,1.6,1.6,0.0,light,True,11.3,75.0,14.97
5f39ebfc33dad5a746c0e808c02b6553,London,GB,2026-05-04,Europe,Temperate,2026,5,May,Monday,Spring,16.3,11.6,13.9,4.7,0.4,0.4,0.0,light,True,10.4,79.0,15.02
a1351b7ec745e091b124f1d3ab187ae8,London,GB,2026-05-05,Europe,Temperate,2026,5,May,Tuesday,Spring,16.5,11.3,13.5,5.2,0.7,0.7,0.0,light,True,13.2,69.0,15.08
d84267ba0b351ca5077411ea6546bb57,London,GB,2026-05-06,Europe,Temperate,2026,5,May,Wednesday,Spring,13.3,8.4,10.9,4.9,0.6,0.6,0.0,light,True,14.8,64.0,15.14
127765978cbbe97e06a8722639e13ea7,London,GB,2026-05-07,Europe,Temperate,2026,5,May,Thursday,Spring,15.0,7.5,11.3,7.5,0.4,0.4,0.0,light,True,12.3,69.0,15.19
07076ef81579903698db8d1afe8240be,London,GB,2026-05-08,Europe,Temperate,2026,5,May,Friday,Spring,18.5,8.3,13.4,10.2,0.0,0.0,0.0,dry,False,10.8,65.0,15.25
dc076edef2a534878585b56261ab5f55,London,GB,2026-05-09,Europe,Temperate,2026,5,May,Saturday,Spring,21.1,9.5,15.4,11.6,0.0,0.0,0.0,dry,False,14.8,53.0,15.3
3a9a739c7c2e6b1ce3fd619d301f6acf,London,GB,2026-05-10,Europe,Temperate,2026,5,May,Sunday,Spring,13.6,8.7,11.5,4.9,0.3,0.3,0.0,light,True,19.9,63.0,15.35
c87efb43a25ef5b50bbfaf2053a69fb4,London,GB,2026-05-11,Europe,Temperate,2026,5,May,Monday,Spring,12.0,4.7,8.8,7.3,0.7,0.7,0.0,light,True,14.9,61.0,15.41
1728967c40a42804acda091da9231263,London,GB,2026-05-12,Europe,Temperate,2026,5,May,Tuesday,Spring,15.5,4.2,10.6,11.3,0.1,0.1,0.0,light,True,16.8,60.0,15.46
4c843944d620ed53deb7a51b89af66c7,London,GB,2026-05-13,Europe,Temperate,2026,5,May,Wednesday,Spring,13.0,8.4,10.3,4.6,6.1,6.1,0.0,moderate,True,24.5,66.0,15.51
5f8f01d378fa526118350a4f53c4c5d0,London,GB,2026-05-14,Europe,Temperate,2026,5,May,Thursday,Spring,11.8,6.1,8.9,5.7,4.0,4.0,0.0,moderate,True,14.5,72.0,15.57
5ea22f9313544ec8a1e193d9ce6b4c90,London,GB,2026-05-15,Europe,Temperate,2026,5,May,Friday,Spring,14.5,5.9,10.2,8.6,0.8,0.8,0.0,light,True,13.4,62.0,15.62
35821fd972c4f10fa45be25bbc028232,London,GB,2026-05-16,Europe,Temperate,2026,5,May,Saturday,Spring,15.0,6.0,10.9,9.0,1.5,1.5,0.0,light,True,15.1,63.0,15.67
953ec1268239194d3d929ae554713837,London,GB,2026-05-17,Europe,Temperate,2026,5,May,Sunday,Spring,16.5,8.9,12.3,7.6,1.6,1.6,0.0,light,True,16.2,70.0,15.71
5c6b0ef2fa6dd16f605e27645d3790f7,London,GB,2026-05-18,Europe,Temperate,2026,5,May,Monday,Spring,15.0,7.7,11.3,7.3,3.0,3.0,0.0,moderate,True,18.5,71.0,15.76
14bad0b9048dafd39c9cc9fbfbb2b3e8,London,GB,2026-05-19,Europe,Temperate,2026,5,May,Tuesday,Spring,17.8,11.2,14.0,6.6,4.1,4.1,0.0,moderate,True,24.4,79.0,15.81
1a3dd5216387fcf31815fcf1c1212f47,London,GB,2026-05-20,Europe,Temperate,2026,5,May,Wednesday,Spring,19.2,11.8,15.3,7.4,1.0,1.0,0.0,light,True,22.1,72.0,15.85
d806b8d19b179e60ac9a83f4d2091509,London,GB,2026-05-21,Europe,Temperate,2026,5,May,Thursday,Spring,23.2,11.0,17.1,12.2,0.0,0.0,0.0,dry,False,15.3,70.0,15.9
86996e5c5f7ca75561df1917e3d3191d,London,GB,2026-05-22,Europe,Temperate,2026,5,May,Friday,Spring,27.7,15.0,21.9,12.7,0.0,0.0,0.0,dry,False,14.4,53.0,15.94
32de2b2bf358f93a525e48140d5f0056,London,GB,2026-05-23,Europe,Temperate,2026,5,May,Saturday,Spring,30.1,18.9,24.8,11.2,0.0,0.0,0.0,dry,False,10.6,48.0,15.98
44c98e39fa3ae45bb26aaf9e1e8d5f3c,London,GB,2026-05-24,Europe,Temperate,2026,5,May,Sunday,Spring,32.5,16.3,24.6,16.2,0.0,0.0,0.0,dry,False,11.6,49.0,16.02
e827aa2cf7511f1a9e05bf667f8255dc,London,GB,2026-05-25,Europe,Temperate,2026,5,May,Monday,Spring,33.8,19.1,27.1,14.7,0.0,0.0,0.0,dry,False,11.1,45.0,16.06
beee29f1180c333cd148e1db867922a0,London,GB,2026-05-26,Europe,Temperate,2026,5,May,Tuesday,Spring,34.5,21.2,28.3,13.3,0.0,0.0,0.0,dry,False,12.6,34.0,16.1
c470dc979fcc0619cfb959fb462b16cc,London,GB,2026-05-27,Europe,Temperate,2026,5,May,Wednesday,Spring,27.2,17.2,22.7,10.0,0.0,0.0,0.0,dry,False,15.7,52.0,16.14
ccbb1f8edb5793c9ce574cf5792871fc,London,GB,2026-05-28,Europe,Temperate,2026,5,May,Thursday,Spring,31.2,15.7,23.6,15.5,0.5,0.5,0.0,light,True,13.0,55.0,16.18
2677cb433a66c204b0d587c1e4d94a0f,London,GB,2026-05-29,Europe,Temperate,2026,5,May,Friday,Spring,26.7,18.3,22.6,8.4,0.0,0.0,0.0,dry,False,11.9,45.0,16.21
7245bf5f4d9c71d82308c620f4030c82,London,GB,2026-05-30,Europe,Temperate,2026,5,May,Saturday,Spring,30.0,16.6,23.5,13.4,0.0,0.0,0.0,dry,False,11.8,43.0,16.25
b05ffa8ad2e9e2d4fb4a2ff52706767b,London,GB,2026-05-31,Europe,Temperate,2026,5,May,Sunday,Spring,23.0,15.8,19.8,7.2,0.0,0.0,0.0,dry,False,15.8,49.0,16.28
57d88e34bffeed3b02f8b3a74ff774b5,London,GB,2026-06-01,Europe,Temperate,2026,6,June,Monday,Summer,24.4,13.7,17.8,10.7,1.9,1.9,0.0,light,True,18.2,67.0,16.31
f3c5f1a7c834ec54dc0f6ba7611343ba,London,GB,2026-06-02,Europe,Temperate,2026,6,June,Tuesday,Summer,19.8,14.4,16.2,5.4,15.8,15.8,0.0,heavy,True,19.2,80.0,16.34
d926eb781cc159ed672391020b864d46,London,GB,2026-06-03,Europe,Temperate,2026,6,June,Wednesday,Summer,19.1,12.6,15.1,6.5,4.4,4.4,0.0,moderate,True,27.6,80.0,16.37
f1505e390b945b45d3aa90217044742b,London,GB,2026-06-04,Europe,Temperate,2026,6,June,Thursday,Summer,17.8,13.0,14.8,4.8,10.0,10.0,0.0,heavy,True,23.3,75.0,16.4
245dae086a4ad351ebfc79a2ac4ef41f,London,GB,2026-06-05,Europe,Temperate,2026,6,June,Friday,Summer,17.7,11.5,14.6,6.2,0.3,0.3,0.0,light,True,14.6,67.0,16.43
5cd87d1cdd6b9c7750794ef33ceb9c2f,London,GB,2026-06-06,Europe,Temperate,2026,6,June,Saturday,Summer,16.9,12.2,14.3,4.7,5.9,5.9,0.0,moderate,True,25.9,78.0,16.45
0ff2119a87a7afdb735b5090db83471f,London,GB,2026-06-07,Europe,Temperate,2026,6,June,Sunday,Summer,18.7,10.9,15.1,7.8,0.1,0.1,0.0,light,True,19.1,72.0,16.48
6c474c4bc41858f264b814eb3d2fefd5,London,GB,2026-06-08,Europe,Temperate,2026,6,June,Monday,Summer,16.9,12.0,14.3,4.9,9.9,9.9,0.0,heavy,True,15.8,80.0,16.5
c3f8430c134f3524d496a0ae5e4a7510,London,GB,2026-06-09,Europe,Temperate,2026,6,June,Tuesday,Summer,17.2,9.0,13.3,8.2,4.5,4.5,0.0,moderate,True,19.7,65.0,16.52
26e40368f152a211591cf16d41f53a4c,London,GB,2026-06-10,Europe,Temperate,2026,6,June,Wednesday,Summer,16.9,9.1,12.6,7.8,8.7,8.7,0.0,heavy,True,16.4,73.0,16.54
b08595ed5de3e8161deff1f42517ef18,London,GB,2026-06-11,Europe,Temperate,2026,6,June,Thursday,Summer,16.9,9.1,12.8,7.8,5.4,5.4,0.0,moderate,True,21.2,87.0,16.55
0063d5ddffb71e7baaff1ffae46e6383,London,GB,2026-06-12,Europe,Temperate,2026,6,June,Friday,Summer,20.9,14.5,17.2,6.4,0.0,0.0,0.0,dry,False,22.6,79.0,16.57
8365ed01365fa82df72367112b731a9a,London,GB,2026-06-13,Europe,Temperate,2026,6,June,Saturday,Summer,19.9,12.5,16.3,7.4,0.0,0.0,0.0,dry,False,14.2,66.0,16.58
037c288de17ed85039ab2f84df53d5aa,London,GB,2026-06-14,Europe,Temperate,2026,6,June,Sunday,Summer,20.5,11.6,16.4,8.9,0.0,0.0,0.0,dry,False,8.6,61.0,16.6
349bcf0996edd19e707b06a848796914,London,GB,2026-06-15,Europe,Temperate,2026,6,June,Monday,Summer,22.3,12.7,17.4,9.6,2.9,2.9,0.0,moderate,True,12.8,68.0,16.61
9add9adcebf156c8c9056ff72bb57b57,London,GB,2026-06-16,Europe,Temperate,2026,6,June,Tuesday,Summer,26.0,15.0,19.6,11.0,1.0,1.0,0.0,light,True,16.0,69.0,16.61
c8ff30057fc2b0644b58ca155ec5219f,London,GB,2026-06-17,Europe,Temperate,2026,6,June,Wednesday,Summer,25.3,16.2,20.2,9.1,0.9,0.9,0.0,light,True,19.5,76.0,16.62
4331e483540a7f85d17a3a62700f64bd,London,GB,2026-06-18,Europe,Temperate,2026,6,June,Thursday,Summer,25.5,16.6,21.0,8.9,0.1,0.1,0.0,light,True,13.6,72.0,16.63
21e0c0c3ad95b78af2465a7b306521f5,London,GB,2026-06-19,Europe,Temperate,2026,6,June,Friday,Summer,29.9,17.7,23.6,12.2,0.0,0.0,0.0,dry,False,14.8,62.0,16.63
bbf06bad89b59aea77efdd6caa637088,London,GB,2026-06-20,Europe,Temperate,2026,6,June,Saturday,Summer,25.7,17.4,22.0,8.3,0.1,0.1,0.0,light,True,12.9,68.0,16.63
05e2ac0397db0cce6ab29f3774d2d286,London,GB,2026-06-21,Europe,Temperate,2026,6,June,Sunday,Summer,30.7,18.5,24.0,12.2,0.1,0.1,0.0,light,True,14.9,63.0,16.63
73af33a378ce3c300c4e01d0e945dc83,London,GB,2026-06-22,Europe,Temperate,2026,6,June,Monday,Summer,28.6,17.5,22.9,11.1,2.9,2.9,0.0,moderate,True,15.3,66.0,16.63
48a38b8e7065e6a482a925121f4f6243,London,GB,2026-06-23,Europe,Temperate,2026,6,June,Tuesday,Summer,33.5,18.3,25.8,15.2,13.1,13.1,0.0,heavy,True,11.6,66.0,16.63
d8018b4695fd0e28b913dd2e2640d192,London,GB,2026-06-24,Europe,Temperate,2026,6,June,Wednesday,Summer,34.7,21.8,28.2,12.9,0.0,0.0,0.0,dry,False,13.1,64.0,16.63
ef4b5e41649af4c551b072445d7fd60d,London,GB,2026-06-25,Europe,Temperate,2026,6,June,Thursday,Summer,31.7,20.2,26.0,11.5,0.0,0.0,0.0,dry,False,17.2,65.0,16.62
d9e200e64235acb84360650a4496de65,London,GB,2026-06-26,Europe,Temperate,2026,6,June,Friday,Summer,36.0,23.3,30.2,12.7,0.2,0.2,0.0,light,True,15.3,46.0,16.61
be5be59998b98a3b3240e4c3b54576c6,London,GB,2026-06-27,Europe,Temperate,2026,6,June,Saturday,Summer,32.4,22.0,26.6,10.4,0.0,0.0,0.0,dry,False,16.1,49.0,16.6
22a1e8ace592766b93c64cc67153be1e,London,GB,2026-06-28,Europe,Temperate,2026,6,June,Sunday,Summer,26.1,19.2,22.5,6.9,0.0,0.0,0.0,dry,False,18.7,53.0,16.59
d174637d8ac9963e1215dcc54ce4ce31,London,GB,2026-06-29,Europe,Temperate,2026,6,June,Monday,Summer,24.4,14.4,19.7,10.0,0.0,0.0,0.0,dry,False,12.8,49.0,16.58
d5c8d7ab48ffbbdeb01487af20d1400a,London,GB,2026-06-30,Europe,Temperate,2026,6,June,Tuesday,Summer,25.4,17.9,20.9,7.5,0.4,0.4,0.0,light,True,15.3,50.0,16.57
9e114505d09d6af696debc1f371eb7aa,London,GB,2026-07-01,Europe,Temperate,2026,7,July,Wednesday,Summer,25.3,15.9,21.0,9.4,0.0,0.0,0.0,dry,False,15.4,58.0,16.55
03557a6bf6e137d4fe9c3d7d39b54b0b,London,GB,2026-07-02,Europe,Temperate,2026,7,July,Thursday,Summer,25.9,16.9,21.3,9.0,0.1,0.1,0.0,light,True,18.7,51.0,16.53
f5aa4e741f57b446fd6137ecc003ef19,London,GB,2026-07-03,Europe,Temperate,2026,7,July,Friday,Summer,26.0,13.6,20.2,12.4,0.0,0.0,0.0,dry,False,12.8,48.0,16.52
f4451390a848739cc9ba5c5815047e02,London,GB,2026-07-04,Europe,Temperate,2026,7,July,Saturday,Summer,29.5,15.7,22.1,13.8,0.0,0.0,0.0,dry,False,20.5,59.0,16.5
3c7d02c88838c5225c0945164de5f1b0,London,GB,2026-07-05,Europe,Temperate,2026,7,July,Sunday,Summer,27.9,16.9,22.5,11.0,0.0,0.0,0.0,dry,False,13.5,60.0,16.47
8b1393c1c2716851e90ab05d9519e081,London,GB,2026-07-06,Europe,Temperate,2026,7,July,Monday,Summer,31.6,17.6,25.1,14.0,0.0,0.0,0.0,dry,False,19.6,44.0,16.45
eeaa569ebcaeb749f6c17c21530a798c,London,GB,2026-07-07,Europe,Temperate,2026,7,July,Tuesday,Summer,31.0,18.9,25.6,12.1,0.0,0.0,0.0,dry,False,13.4,38.0,16.42
f65742f94deac06c31cee30f58dec99d,London,GB,2026-07-08,Europe,Temperate,2026,7,July,Wednesday,Summer,32.7,20.4,27.0,12.3,0.0,0.0,0.0,dry,False,11.9,43.0,16.4
1b8c366d08a134f240b7eca2890b04b9,London,GB,2026-07-09,Europe,Temperate,2026,7,July,Thursday,Summer,34.7,21.6,28.3,13.1,0.0,0.0,0.0,dry,False,14.1,41.0,16.37
987371036549e16cfc30cf010624222f,London,GB,2026-07-10,Europe,Temperate,2026,7,July,Friday,Summer,30.5,21.6,26.1,8.9,0.0,0.0,0.0,dry,False,13.9,48.0,16.34
bd7287ce6976bc0352c62c316efbe0f1,London,GB,2026-07-11,Europe,Temperate,2026,7,July,Saturday,Summer,29.2,18.6,23.9,10.6,0.0,0.0,0.0,dry,False,15.8,58.0,16.31
aa910f1b25d3aa1671bcc151f2f4e0b1,London,GB,2026-07-12,Europe,Temperate,2026,7,July,Sunday,Summer,29.2,16.6,22.5,12.6,0.0,0.0,0.0,dry,False,19.8,57.0,16.28
ac8d20c0aba87d14f15a03e23151342b,London,GB,2026-07-13,Europe,Temperate,2026,7,July,Monday,Summer,26.6,14.7,21.0,11.9,0.0,0.0,0.0,dry,False,22.3,60.0,16.24
8e8ff0575303d697017433d2500f7782,London,GB,2026-07-14,Europe,Temperate,2026,7,July,Tuesday,Summer,29.6,16.1,22.3,13.5,0.0,0.0,0.0,dry,False,16.5,61.0,16.21
c75ea94b5f5b5e2415a1dcc499f600dc,London,GB,2026-07-15,Europe,Temperate,2026,7,July,Wednesday,Summer,28.4,17.4,22.9,11.0,0.0,0.0,0.0,dry,False,16.0,58.0,16.17
a61902e16c4e826c67bed54e0bf457df,London,GB,2026-07-16,Europe,Temperate,2026,7,July,Thursday,Summer,28.5,16.5,22.4,12.0,0.0,0.0,0.0,dry,False,15.0,55.0,16.14
b0eab72f706c7a45cd5845d51a54f21f,London,GB,2026-07-17,Europe,Temperate,2026,7,July,Friday,Summer,27.8,15.8,22.1,12.0,0.0,0.0,0.0,dry,False,13.7,55.0,16.1
1c91e51f6acd92e10a1498c6d335cd84,London,GB,2026-07-18,Europe,Temperate,2026,7,July,Saturday,Summer,22.9,15.7,19.2,7.2,0.0,0.0,0.0,dry,False,13.2,59.0,16.06
2d546b56273663231648cce6d9f16855,London,GB,2026-07-19,Europe,Temperate,2026,7,July,Sunday,Summer,23.0,13.4,18.1,9.6,0.0,0.0,0.0,dry,False,16.0,49.0,16.02
31f349b13bd1b5467dff30960a9aa9fd,London,GB,2026-07-20,Europe,Temperate,2026,7,July,Monday,Summer,26.0,12.6,19.2,13.4,0.0,0.0,0.0,dry,False,13.6,48.0,15.98
10bb1da1b1339f2e5c6faf857161d670,London,GB,2026-07-21,Europe,Temperate,2026,7,July,Tuesday,Summer,22.9,14.9,19.4,8.0,0.0,0.0,0.0,dry,False,12.2,61.0,15.94
2b6ed2284940b8cdc30163b52e8cdb67,London,GB,2026-07-22,Europe,Temperate,2026,7,July,Wednesday,Summer,27.2,15.6,21.5,11.6,0.0,0.0,0.0,dry,False,14.4,54.0,15.89
6b62bc96540bfb9d955eba137ad435aa,New York,US,2025-07-23,North America,Temperate,2025,7,July,Wednesday,Summer,28.9,19.7,24.3,9.2,0.0,0.0,0.0,dry,False,13.2,58.0,14.59
0af8328c25582fb073580817a2c68b8e,New York,US,2025-07-24,North America,Temperate,2025,7,July,Thursday,Summer,31.2,20.0,26.3,11.2,0.0,0.0,0.0,dry,False,14.0,57.0,14.56
110ab6e395bea415194f05731a381752,New York,US,2025-07-25,North America,Temperate,2025,7,July,Friday,Summer,37.8,24.6,29.5,13.2,5.4,5.4,0.0,moderate,True,22.7,63.0,14.53
a0895a6032d3fbbee9d47de04f680bf5,New York,US,2025-07-26,North America,Temperate,2025,7,July,Saturday,Summer,30.6,23.7,26.4,6.9,0.0,0.0,0.0,dry,False,14.4,60.0,14.5
bb844de9f387b5bf9d66b1ed3bc6f139,New York,US,2025-07-27,North America,Temperate,2025,7,July,Sunday,Summer,30.8,22.4,25.5,8.4,9.8,9.8,0.0,heavy,True,13.8,76.0,14.47
99992d9fbbedec6e5552fdd517901e3e,New York,US,2025-07-28,North America,Temperate,2025,7,July,Monday,Summer,35.2,23.7,29.8,11.5,0.0,0.0,0.0,dry,False,11.9,59.0,14.44
eebfce68cd0810dc5b76c0e6abf1c980,New York,US,2025-07-29,North America,Temperate,2025,7,July,Tuesday,Summer,39.5,24.9,32.1,14.6,0.0,0.0,0.0,dry,False,9.6,53.0,14.41
b3c860e6420dda47ce63bfc809ce8a31,New York,US,2025-07-30,North America,Temperate,2025,7,July,Wednesday,Summer,37.5,27.1,31.0,10.4,8.4,8.4,0.0,heavy,True,14.7,57.0,14.37
5d830043e40a793c4730deb033a958f2,New York,US,2025-07-31,North America,Temperate,2025,7,July,Thursday,Summer,31.8,19.9,26.3,11.9,7.8,7.8,0.0,heavy,True,15.7,78.0,14.34
6671aafa23385479ffd3b7d26781c9b5,New York,US,2025-08-01,North America,Temperate,2025,8,August,Friday,Summer,23.0,17.8,20.1,5.2,1.3,1.3,0.0,light,True,16.1,80.0,14.31
6779260e70433d9d3692562d3e86bc34,New York,US,2025-08-02,North America,Temperate,2025,8,August,Saturday,Summer,25.7,17.2,21.1,8.5,0.0,0.0,0.0,dry,False,10.1,69.0,14.27
b0c8204470106e4f551168468884a46c,New York,US,2025-08-03,North America,Temperate,2025,8,August,Sunday,Summer,28.1,16.5,22.2,11.6,0.0,0.0,0.0,dry,False,11.1,64.0,14.24
65b2d334253502d7e410dc0039946112,New York,US,2025-08-04,North America,Temperate,2025,8,August,Monday,Summer,33.2,17.1,24.5,16.1,0.0,0.0,0.0,dry,False,14.6,58.0,14.2
2ae83a58560b0a0ec04ff538e77ac101,New York,US,2025-08-05,North America,Temperate,2025,8,August,Tuesday,Summer,31.0,19.9,24.9,11.1,0.0,0.0,0.0,dry,False,9.7,64.0,14.16
8db00601f4c965a5fae0510f60f857ab,New York,US,2025-08-06,North America,Temperate,2025,8,August,Wednesday,Summer,28.5,20.9,23.7,7.6,0.8,0.8,0.0,light,True,13.0,66.0,14.13
9f1b1c48ce5c8111339a06cf32a5b740,New York,US,2025-08-07,North America,Temperate,2025,8,August,Thursday,Summer,28.6,19.0,23.0,9.6,0.1,0.1,0.0,light,True,13.8,62.0,14.09
345766712d30210e545674545bd0b562,New York,US,2025-08-08,North America,Temperate,2025,8,August,Friday,Summer,28.2,17.0,22.3,11.2,0.0,0.0,0.0,dry,False,12.8,56.0,14.05
659fdb8d40162fd6eaa343346264e3da,New York,US,2025-08-09,North America,Temperate,2025,8,August,Saturday,Summer,30.0,17.3,23.3,12.7,0.0,0.0,0.0,dry,False,11.3,55.0,14.02
d09764e525146d33d478de803465ad7f,New York,US,2025-08-10,North America,Temperate,2025,8,August,Sunday,Summer,33.3,18.4,25.7,14.9,0.0,0.0,0.0,dry,False,13.0,48.0,13.98
8c1e226b94e60da2c074fa99827f6157,New York,US,2025-08-11,North America,Temperate,2025,8,August,Monday,Summer,32.4,20.8,26.3,11.6,0.0,0.0,0.0,dry,False,12.7,50.0,13.94
57e5fc6e0a6fba96bfd64d4a45536675,New York,US,2025-08-12,North America,Temperate,2025,8,August,Tuesday,Summer,33.4,21.2,26.9,12.2,0.0,0.0,0.0,dry,False,14.1,62.0,13.9
e74d5f0cf1b5e677c329116a1a1bbde6,New York,US,2025-08-13,North America,Temperate,2025,8,August,Wednesday,Summer,32.0,23.6,27.1,8.4,9.2,9.2,0.0,heavy,True,13.3,74.0,13.86
1a6a51e12fc0b7ee5c6874cba321f3d7,New York,US,2025-08-14,North America,Temperate,2025,8,August,Thursday,Summer,31.3,22.7,26.4,8.6,1.0,1.0,0.0,light,True,6.5,79.0,13.83
dfa0311cbe06ad22506f2c91b555acae,New York,US,2025-08-15,North America,Temperate,2025,8,August,Friday,Summer,32.4,22.9,26.5,9.5,0.0,0.0,0.0,dry,False,13.1,65.0,13.79
50092923b7d7e20b7899c07c036ab796,New York,US,2025-08-16,North America,Temperate,2025,8,August,Saturday,Summer,30.6,22.5,25.7,8.1,4.9,4.9,0.0,moderate,True,10.5,74.0,13.75
8cc59c06926b075e3595adc70d82f5d2,New York,US,2025-08-17,North America,Temperate,2025,8,August,Sunday,Summer,35.3,22.0,27.2,13.3,3.4,3.4,0.0,moderate,True,14.6,68.0,13.71
1e9725ee7dbb4215fd3a362588b84bec,New York,US,2025-08-18,North America,Temperate,2025,8,August,Monday,Summer,25.0,18.6,21.3,6.4,0.2,0.2,0.0,light,True,16.8,65.0,13.67
a21aa822a12cbc85a8146469d288bd30,New York,US,2025-08-19,North America,Temperate,2025,8,August,Tuesday,Summer,24.2,17.6,20.9,6.6,0.0,0.0,0.0,dry,False,13.1,58.0,13.63
77938df1dfb98da39cfec13db3f97964,New York,US,2025-08-20,North America,Temperate,2025,8,August,Wednesday,Summer,22.7,16.0,19.9,6.7,2.6,2.6,0.0,moderate,True,15.1,74.0,13.59
22d6cae5ee0c8f2c919963951b9608cf,New York,US,2025-08-21,North America,Temperate,2025,8,August,Thursday,Summer,21.9,15.8,18.3,6.1,0.0,0.0,0.0,dry,False,22.6,77.0,13.54
29e857f76b7d9554ff1c6ad03ea7768a,New York,US,2025-08-22,North America,Temperate,2025,8,August,Friday,Summer,26.9,15.0,20.9,11.9,0.0,0.0,0.0,dry,False,13.3,58.0,13.5
9d4c1e9f21aeb5a0eb3a643f01a92b41,New York,US,2025-08-23,North America,Temperate,2025,8,August,Saturday,Summer,28.0,17.2,22.0,10.8,0.0,0.0,0.0,dry,False,21.6,59.0,13.46
28900b71650b031ae7cf249e27146c3e,New York,US,2025-08-24,North America,Temperate,2025,8,August,Sunday,Summer,26.3,17.6,22.1,8.7,0.2,0.2,0.0,light,True,18.6,74.0,13.42
5fad605c04ab6af10402822574e51125,New York,US,2025-08-25,North America,Temperate,2025,8,August,Monday,Summer,31.6,19.1,24.9,12.5,0.0,0.0,0.0,dry,False,19.4,59.0,13.38
c2a6fcf23617c5de7035db4b207931c5,New York,US,2025-08-26,North America,Temperate,2025,8,August,Tuesday,Summer,27.6,17.7,22.9,9.9,0.0,0.0,0.0,dry,False,16.6,42.0,13.33
1424dc0532077b616234552a3ba410f6,New York,US,2025-08-27,North America,Temperate,2025,8,August,Wednesday,Summer,25.0,16.6,20.7,8.4,0.1,0.1,0.0,light,True,15.6,49.0,13.29
1abbcdda330a07653fc488810ae1129d,New York,US,2025-08-28,North America,Temperate,2025,8,August,Thursday,Summer,27.1,15.2,21.4,11.9,0.0,0.0,0.0,dry,False,14.1,48.0,13.25
05dbcce4b67bfebb9dd0836d6ba60b39,New York,US,2025-08-29,North America,Temperate,2025,8,August,Friday,Summer,27.4,18.0,22.4,9.4,0.0,0.0,0.0,dry,False,16.0,50.0,13.21
48e77f2185c5c2011284bd14d9a1b64e,New York,US,2025-08-30,North America,Temperate,2025,8,August,Saturday,Summer,25.8,14.3,20.2,11.5,0.0,0.0,0.0,dry,False,14.0,42.0,13.16
7811a9c027aac4ef871321c5d96bd44d,New York,US,2025-08-31,North America,Temperate,2025,8,August,Sunday,Summer,27.5,14.9,20.9,12.6,0.0,0.0,0.0,dry,False,15.1,47.0,13.12
a89e6a7d411ef219bb99070cf123f3fa,New York,US,2025-09-01,North America,Temperate,2025,9,September,Monday,Autumn,26.7,16.6,21.6,10.1,0.0,0.0,0.0,dry,False,16.8,54.0,13.08
28833bfea1688746791abde3a13af29a,New York,US,2025-09-02,North America,Temperate,2025,9,September,Tuesday,Autumn,26.9,16.6,21.0,10.3,0.0,0.0,0.0,dry,False,13.9,60.0,13.03
0d02d3692d197bbea017f2da727c4808,New York,US,2025-09-03,North America,Temperate,2025,9,September,Wednesday,Autumn,26.4,15.5,20.5,10.9,0.0,0.0,0.0,dry,False,13.8,66.0,12.99
7a3e5451963257a3d81dc64e7ea85ba2,New York,US,2025-09-04,North America,Temperate,2025,9,September,Thursday,Autumn,25.2,16.1,20.9,9.1,4.2,4.2,0.0,moderate,True,20.4,74.0,12.95
298e45e2041e927316c57c2d1ca37852,New York,US,2025-09-05,North America,Temperate,2025,9,September,Friday,Autumn,28.5,18.1,23.4,10.4,5.1,5.1,0.0,moderate,True,15.7,75.0,12.91
a9dc3d642694aedb3dae713e4565419a,New York,US,2025-09-06,North America,Temperate,2025,9,September,Saturday,Autumn,30.2,19.2,23.7,11.0,20.4,20.4,0.0,heavy,True,19.0,82.0,12.86
bad566a2576ac25bd0eaa83476d9dd91,New York,US,2025-09-07,North America,Temperate,2025,9,September,Sunday,Autumn,20.8,16.8,18.4,4.0,17.8,17.8,0.0,heavy,True,9.4,84.0,12.82
c34c0666e424837c204ad0f6f61749cf,New York,US,2025-09-08,North America,Temperate,2025,9,September,Monday,Autumn,21.7,13.2,17.6,8.5,0.0,0.0,0.0,dry,False,9.2,64.0,12.77
12d8e501c95bc15e94340156b11f89d9,New York,US,2025-09-09,North America,Temperate,2025,9,September,Tuesday,Autumn,22.3,13.3,17.6,9.0,0.0,0.0,0.0,dry,False,12.8,71.0,12.73
e92011de70e9ddae1c0cdce7b1e4e15c,New York,US,2025-09-10,North America,Temperate,2025,9,September,Wednesday,Autumn,20.7,15.3,17.8,5.4,5.0,5.0,0.0,moderate,True,13.8,77.0,12.69
cfc560ad43cd8695464eb7442e0ce1d4,New York,US,2025-09-11,North America,Temperate,2025,9,September,Thursday,Autumn,26.9,15.4,21.1,11.5,0.0,0.0,0.0,dry,False,13.6,57.0,12.64
bcc6bcb27a8b9ff3ea29076729791461,New York,US,2025-09-12,North America,Temperate,2025,9,September,Friday,Autumn,27.4,16.3,21.1,11.1,0.0,0.0,0.0,dry,False,11.4,59.0,12.6
3d672c4ba2ba2372813a395020fc655c,New York,US,2025-09-13,North America,Temperate,2025,9,September,Saturday,Autumn,26.5,16.2,20.7,10.3,0.7,0.7,0.0,light,True,12.7,74.0,12.55
6bba113d0904a3ad71ace6eb15b709e8,New York,US,2025-09-14,North America,Temperate,2025,9,September,Sunday,Autumn,29.8,17.1,22.4,12.7,0.5,0.5,0.0,light,True,9.3,67.0,12.51
7a2e498886ee656c8c5a4529d6a34c4a,New York,US,2025-09-15,North America,Temperate,2025,9,September,Monday,Autumn,28.6,17.9,22.3,10.7,0.0,0.0,0.0,dry,False,12.1,67.0,12.46
807573874f4099d4542ab542764a6cd6,New York,US,2025-09-16,North America,Temperate,2025,9,September,Tuesday,Autumn,24.5,17.5,20.4,7.0,0.0,0.0,0.0,dry,False,17.0,61.0,12.42
c2de64955bc01dec13515be93f7543b2,New York,US,2025-09-17,North America,Temperate,2025,9,September,Wednesday,Autumn,21.1,17.2,19.2,3.9,6.8,6.8,0.0,moderate,True,14.4,75.0,12.37
43dfd3e92f49329203a52b806eab88bf,New York,US,2025-09-18,North America,Temperate,2025,9,September,Thursday,Autumn,27.4,18.2,22.2,9.2,0.1,0.1,0.0,light,True,7.7,72.0,12.33
c7b011439f9d6b35b9c13f897e3fa496,New York,US,2025-09-19,North America,Temperate,2025,9,September,Friday,Autumn,28.1,18.1,22.6,10.0,0.0,0.0,0.0,dry,False,11.1,63.0,12.28
c9e19cd968e296052977e4ae39f59cc6,New York,US,2025-09-20,North America,Temperate,2025,9,September,Saturday,Autumn,23.8,14.5,18.9,9.3,0.0,0.0,0.0,dry,False,12.3,57.0,12.24
91b97ee2a8b4a0548dc550a015dbbd45,New York,US,2025-09-21,North America,Temperate,2025,9,September,Sunday,Autumn,22.1,13.8,17.3,8.3,0.0,0.0,0.0,dry,False,11.2,66.0,12.19
20ab9b42c4b76fc562dc558ecbc239b8,New York,US,2025-09-22,North America,Temperate,2025,9,September,Monday,Autumn,22.7,12.0,17.4,10.7,0.0,0.0,0.0,dry,False,11.2,74.0,12.15
79801ded202d988e4f3a027e7a7eca5a,New York,US,2025-09-23,North America,Temperate,2025,9,September,Tuesday,Autumn,29.5,16.7,22.6,12.8,6.6,6.6,0.0,moderate,True,14.9,74.0,12.11
9de2045db8dd7e7b76c638f3a54abcd0,New York,US,2025-09-24,North America,Temperate,2025,9,September,Wednesday,Autumn,26.6,18.4,21.9,8.2,3.0,3.0,0.0,moderate,True,16.9,88.0,12.06
607d0e010fea53b499f9d63342e8abb8,New York,US,2025-09-25,North America,Temperate,2025,9,September,Thursday,Autumn,24.9,19.9,22.0,5.0,48.6,48.6,0.0,heavy,True,15.7,93.0,12.02
63efa752de4e76bef5475d466fd45216,New York,US,2025-09-26,North America,Temperate,2025,9,September,Friday,Autumn,26.6,18.7,22.3,7.9,0.0,0.0,0.0,dry,False,8.7,77.0,11.97
7b218f3e8759828658247e2cb976d39a,New York,US,2025-09-27,North America,Temperate,2025,9,September,Saturday,Autumn,24.4,16.9,20.7,7.5,0.1,0.1,0.0,light,True,6.1,77.0,11.93
d52b0ad56212f0b1ea9df4068a5ba5b7,New York,US,2025-09-28,North America,Temperate,2025,9,September,Sunday,Autumn,28.0,17.7,22.4,10.3,0.6,0.6,0.0,light,True,6.5,76.0,11.88
fa2ff8154b6cf83fc0927a59ee7790f6,New York,US,2025-09-29,North America,Temperate,2025,9,September,Monday,Autumn,24.1,17.3,20.6,6.8,0.0,0.0,0.0,dry,False,10.7,72.0,11.84
66318916ea63df2b96a211cd2c4d952d,New York,US,2025-09-30,North America,Temperate,2025,9,September,Tuesday,Autumn,25.4,17.0,20.5,8.4,0.0,0.0,0.0,dry,False,14.1,67.0,11.79
f9d299df92a6a483679525edfed94836,New York,US,2025-10-01,North America,Temperate,2025,10,October,Wednesday,Autumn,20.3,12.1,16.3,8.2,0.0,0.0,0.0,dry,False,14.4,52.0,11.75
88649564bdfc60fab8eb005ad014ff02,New York,US,2025-10-02,North America,Temperate,2025,10,October,Thursday,Autumn,19.1,9.6,14.2,9.5,0.0,0.0,0.0,dry,False,8.7,60.0,11.7
0fbce71fdec4dc4047833406dcd30fac,New York,US,2025-10-03,North America,Temperate,2025,10,October,Friday,Autumn,22.2,9.0,15.5,13.2,0.0,0.0,0.0,dry,False,8.9,67.0,11.66
bd6c14e1d3e4a6de25ce94dbabc667a3,New York,US,2025-10-04,North America,Temperate,2025,10,October,Saturday,Autumn,27.8,11.8,19.5,16.0,0.0,0.0,0.0,dry,False,9.4,64.0,11.61
c4e9e3386013db530519fc843e2284cd,New York,US,2025-10-05,North America,Temperate,2025,10,October,Sunday,Autumn,29.8,14.4,21.4,15.4,0.0,0.0,0.0,dry,False,9.6,62.0,11.57
7d0872232923fe5c33eac8954279a2e6,New York,US,2025-10-06,North America,Temperate,2025,10,October,Monday,Autumn,26.8,14.6,20.3,12.2,0.0,0.0,0.0,dry,False,12.8,68.0,11.53
b3f87bc81a9bf1bef81b2697cbaebf35,New York,US,2025-10-07,North America,Temperate,2025,10,October,Tuesday,Autumn,27.4,17.1,21.9,10.3,0.0,0.0,0.0,dry,False,19.2,68.0,11.48
da145cf44e83669dc329456265b5b6fe,New York,US,2025-10-08,North America,Temperate,2025,10,October,Wednesday,Autumn,21.8,14.5,19.2,7.3,5.4,5.4,0.0,moderate,True,17.4,69.0,11.44
e58258a9d9e49b08707d80d5316371c5,New York,US,2025-10-09,North America,Temperate,2025,10,October,Thursday,Autumn,15.1,8.5,12.1,6.6,0.0,0.0,0.0,dry,False,14.9,55.0,11.39
d030034aa397d41e82666da980f894f9,New York,US,2025-10-10,North America,Temperate,2025,10,October,Friday,Autumn,16.2,4.9,10.9,11.3,0.0,0.0,0.0,dry,False,11.4,67.0,11.35
1c10a6be09a7a34bfc812eb32094c126,New York,US,2025-10-11,North America,Temperate,2025,10,October,Saturday,Autumn,19.0,9.7,14.3,9.3,1.4,1.4,0.0,light,True,12.9,81.0,11.3
4df05901e1d5b51fa54f55502feb9ed9,New York,US,2025-10-12,North America,Temperate,2025,10,October,Sunday,Autumn,16.5,13.1,14.9,3.4,13.9,13.9,0.0,heavy,True,24.6,79.0,11.26
55d003d0f80f4c338ec14ac31141d900,New York,US,2025-10-13,North America,Temperate,2025,10,October,Monday,Autumn,14.9,12.3,13.7,2.6,33.2,33.2,0.0,heavy,True,28.6,89.0,11.22
7c250a125ef531eb3d5f0eac5d99aaca,New York,US,2025-10-14,North America,Temperate,2025,10,October,Tuesday,Autumn,16.2,12.2,13.9,4.0,0.1,0.1,0.0,light,True,19.0,81.0,11.17
f03f9b1f5b8f88aac8f7c2e5b31479b4,New York,US,2025-10-15,North America,Temperate,2025,10,October,Wednesday,Autumn,19.9,11.6,15.5,8.3,0.0,0.0,0.0,dry,False,13.4,74.0,11.13
ff6fb800ad4b6e2af8fc63c80ca71d1b,New York,US,2025-10-16,North America,Temperate,2025,10,October,Thursday,Autumn,15.3,7.2,10.8,8.1,0.0,0.0,0.0,dry,False,17.5,52.0,11.09
b45a8c403a6e68aeb535c3066864d1a4,New York,US,2025-10-17,North America,Temperate,2025,10,October,Friday,Autumn,17.0,7.2,11.2,9.8,0.0,0.0,0.0,dry,False,15.0,53.0,11.05
2fa4e4293a372fdc2e9583acdf4c96b4,New York,US,2025-10-18,North America,Temperate,2025,10,October,Saturday,Autumn,17.9,6.5,12.0,11.4,0.0,0.0,0.0,dry,False,7.6,67.0,11.0
5eded79a2c5894d4adac554fe9c2cf6e,New York,US,2025-10-19,North America,Temperate,2025,10,October,Sunday,Autumn,20.8,9.9,15.9,10.9,0.0,0.0,0.0,dry,False,20.4,80.0,10.96
bffee6c88259e3357861ce5aedd3051a,New York,US,2025-10-20,North America,Temperate,2025,10,October,Monday,Autumn,20.1,12.3,15.8,7.8,10.2,10.2,0.0,heavy,True,23.9,72.0,10.92
e629971ae7689e41f10804beda587729,New York,US,2025-10-21,North America,Temperate,2025,10,October,Tuesday,Autumn,19.3,8.0,13.5,11.3,0.1,0.1,0.0,light,True,12.7,65.0,10.87
2f01b4b7dc4444910ac9a5aafbed33b9,New York,US,2025-10-22,North America,Temperate,2025,10,October,Wednesday,Autumn,16.7,11.4,13.7,5.3,1.5,1.5,0.0,light,True,21.1,70.0,10.83
a3844ce575f97e96c27165be556c4e32,New York,US,2025-10-23,North America,Temperate,2025,10,October,Thursday,Autumn,15.1,8.6,11.4,6.5,0.1,0.1,0.0,light,True,18.1,62.0,10.79
aaddadcd9f939ca320660347aa958752,New York,US,2025-10-24,North America,Temperate,2025,10,October,Friday,Autumn,14.9,5.9,10.2,9.0,0.0,0.0,0.0,dry,False,11.9,67.0,10.75
20fe75f6148b4a79a4e1c03146d2504a,New York,US,2025-10-25,North America,Temperate,2025,10,October,Saturday,Autumn,14.4,5.8,10.3,8.6,0.0,0.0,0.0,dry,False,9.2,68.0,10.7
0fc66cfda475ffa80286a4785f8137f8,New York,US,2025-10-26,North America,Temperate,2025,10,October,Sunday,Autumn,14.4,6.9,10.3,7.5,0.1,0.1,0.0,light,True,7.2,66.0,10.66
e19010cca27960698464ab76d8d3e31c,New York,US,2025-10-27,North America,Temperate,2025,10,October,Monday,Autumn,13.0,3.5,8.0,9.5,0.0,0.0,0.0,dry,False,11.7,64.0,10.62
9050027b13d2a7393693402f1287a129,New York,US,2025-10-28,North America,Temperate,2025,10,October,Tuesday,Autumn,12.4,4.3,8.7,8.1,0.0,0.0,0.0,dry,False,21.7,66.0,10.58
be21ef06232b60c33f9835db4ba00979,New York,US,2025-10-29,North America,Temperate,2025,10,October,Wednesday,Autumn,13.6,7.1,10.4,6.5,0.1,0.1,0.0,light,True,16.7,68.0,10.54
265901a4978f82eacc08a902fd6e2166,New York,US,2025-10-30,North America,Temperate,2025,10,October,Thursday,Autumn,16.5,10.9,13.8,5.6,44.4,44.4,0.0,heavy,True,26.5,91.0,10.5
8414993e9989eabc07f67904fbf3280c,New York,US,2025-10-31,North America,Temperate,2025,10,October,Friday,Autumn,14.8,10.1,11.9,4.7,0.0,0.0,0.0,dry,False,27.4,67.0,10.46
e30c29db61d71e5ee50f3959221aff36,New York,US,2025-11-01,North America,Temperate,2025,11,November,Saturday,Autumn,14.5,7.6,10.3,6.9,0.0,0.0,0.0,dry,False,22.0,55.0,10.42
545aaecd60d56292ffd2706b10943524,New York,US,2025-11-02,North America,Temperate,2025,11,November,Sunday,Autumn,15.0,4.0,8.9,11.0,0.0,0.0,0.0,dry,False,9.3,72.0,10.38
9216219a1d74e5098f1761e64d3e15d5,New York,US,2025-11-03,North America,Temperate,2025,11,November,Monday,Autumn,14.0,6.3,10.1,7.7,0.1,0.1,0.0,light,True,16.3,79.0,10.34
53a359fff21b2b8fd1e1a4af7417c93c,New York,US,2025-11-04,North America,Temperate,2025,11,November,Tuesday,Autumn,14.9,8.1,10.9,6.8,0.0,0.0,0.0,dry,False,23.1,48.0,10.3
640895f01f00c2b018eac07b9aa2a1fc,New York,US,2025-11-05,North America,Temperate,2025,11,November,Wednesday,Autumn,18.3,4.0,11.1,14.3,0.0,0.0,0.0,dry,False,20.6,56.0,10.27
ef22cc40a9f176ed1514c5fff281efa3,New York,US,2025-11-06,North America,Temperate,2025,11,November,Thursday,Autumn,13.7,5.4,9.5,8.3,1.6,1.6,0.0,light,True,23.4,53.0,10.23
da47f49be1be064e7949004218ee2ee9,New York,US,2025-11-07,North America,Temperate,2025,11,November,Friday,Autumn,15.4,1.8,8.7,13.6,0.0,0.0,0.0,dry,False,18.2,63.0,10.19
d08739f392d2022f1d0ee074594edf42,New York,US,2025-11-08,North America,Temperate,2025,11,November,Saturday,Autumn,18.5,11.9,14.2,6.6,4.8,4.8,0.0,moderate,True,15.2,73.0,10.15
3f942e6cdf1863c05be0f2e00c5a6cf6,New York,US,2025-11-09,North America,Temperate,2025,11,November,Sunday,Autumn,16.4,8.5,12.8,7.9,0.2,0.2,0.0,light,True,16.5,86.0,10.12
ae846a89dc4231b85d42405439367a0b,New York,US,2025-11-10,North America,Temperate,2025,11,November,Monday,Autumn,13.9,2.2,10.1,11.7,11.9,11.9,0.0,heavy,True,17.3,84.0,10.08
b49372c705368c26388b32f8eb451a19,New York,US,2025-11-11,North America,Temperate,2025,11,November,Tuesday,Autumn,4.4,0.8,2.4,3.6,0.5,0.0,0.4,light,True,28.2,58.0,10.04
8db6208f7c6d30c7d525006efa34eaf7,New York,US,2025-11-12,North America,Temperate,2025,11,November,Wednesday,Autumn,9.3,2.2,5.5,7.1,0.0,0.0,0.0,dry,False,15.6,60.0,10.01
69a2490eaffbfff70c540422677513fd,New York,US,2025-11-13,North America,Temperate,2025,11,November,Thursday,Autumn,10.5,5.0,7.3,5.5,1.8,1.8,0.0,light,True,21.1,65.0,9.97
26d31837d113d6b14cc899886ee8bc9d,New York,US,2025-11-14,North America,Temperate,2025,11,November,Friday,Autumn,10.1,2.9,6.3,7.2,0.0,0.0,0.0,dry,False,16.5,64.0,9.94
66d8f3fda7b936db4bd9a738f6af064d,New York,US,2025-11-15,North America,Temperate,2025,11,November,Saturday,Autumn,8.8,1.3,5.8,7.5,0.8,0.8,0.0,light,True,13.0,69.0,9.91
c40e25effc1b6ac6deb157792ce3cf4d,New York,US,2025-11-16,North America,Temperate,2025,11,November,Sunday,Autumn,13.0,4.7,9.6,8.3,0.2,0.2,0.0,light,True,25.8,60.0,9.87
081e3e2eeed7811c639d87e7f8d86753,New York,US,2025-11-17,North America,Temperate,2025,11,November,Monday,Autumn,6.2,1.4,4.0,4.8,0.0,0.0,0.0,dry,False,25.5,50.0,9.84
624c75138ea58ec133188c96bb8fd806,New York,US,2025-11-18,North America,Temperate,2025,11,November,Tuesday,Autumn,7.9,0.9,4.5,7.0,0.0,0.0,0.0,dry,False,16.1,54.0,9.81
049476f9c167e409c4bd0334b9e7e50f,New York,US,2025-11-19,North America,Temperate,2025,11,November,Wednesday,Autumn,8.3,2.1,4.8,6.2,4.6,3.8,0.6,moderate,True,8.7,78.0,9.78
17d12085dbdfeff7185061e79e735be9,New York,US,2025-11-20,North America,Temperate,2025,11,November,Thursday,Autumn,7.9,0.0,3.2,7.9,0.0,0.0,0.0,dry,False,6.6,72.0,9.75
d1bce1d8770759a85cdf5df7c439cc2c,New York,US,2025-11-21,North America,Temperate,2025,11,November,Friday,Autumn,11.0,2.5,6.9,8.5,0.0,0.0,0.0,dry,False,14.4,83.0,9.72
cda3f696910ccc9c1bce2d21045692be,New York,US,2025-11-22,North America,Temperate,2025,11,November,Saturday,Autumn,11.0,4.3,7.9,6.7,5.1,5.1,0.0,moderate,True,14.2,80.0,9.69
2e693e72ee67b98213f44f7dcb23b9cc,New York,US,2025-11-23,North America,Temperate,2025,11,November,Sunday,Autumn,7.7,-0.9,3.8,8.6,0.0,0.0,0.0,dry,False,12.2,74.0,9.66
1ca95d71c1f4ffb323b9e32cb25d567c,New York,US,2025-11-24,North America,Temperate,2025,11,November,Monday,Autumn,11.4,4.2,6.8,7.2,0.0,0.0,0.0,dry,False,13.5,61.0,9.64
1f6edfb181aba4b5c8488fe847132a55,New York,US,2025-11-25,North America,Temperate,2025,11,November,Tuesday,Autumn,12.7,2.9,7.7,9.8,10.2,10.2,0.0,heavy,True,18.0,79.0,9.61
4a01ecb34487c1e0d6ee8981f5567d0c,New York,US,2025-11-26,North America,Temperate,2025,11,November,Wednesday,Autumn,15.4,10.9,13.2,4.5,4.6,4.6,0.0,moderate,True,17.6,92.0,9.58
d2e866da91239f21a708d4503890aa0d,New York,US,2025-11-27,North America,Temperate,2025,11,November,Thursday,Autumn,10.4,2.5,5.6,7.9,0.0,0.0,0.0,dry,False,20.0,51.0,9.56
4b8125e37265a66b2a31f01af63b205f,New York,US,2025-11-28,North America,Temperate,2025,11,November,Friday,Autumn,5.7,0.1,2.5,5.6,0.0,0.0,0.0,dry,False,25.9,51.0,9.54
0116e30c176bc7890fd7bb669d0fc42c,New York,US,2025-11-29,North America,Temperate,2025,11,November,Saturday,Autumn,5.8,-0.3,1.8,6.1,0.0,0.0,0.0,dry,False,16.0,55.0,9.51
813ac9ce08c6e5659b46fb4079582aa6,New York,US,2025-11-30,North America,Temperate,2025,11,November,Sunday,Autumn,4.9,-0.4,2.8,5.3,3.3,3.3,0.0,moderate,True,12.5,80.0,9.49
c976e62ec6aa1b2f00aff3c4ca54a467,New York,US,2025-12-01,North America,Temperate,2025,12,December,Monday,Winter,6.1,-0.4,3.2,6.5,0.0,0.0,0.0,dry,False,17.8,57.0,9.47
38798d1685a70716a6c89301ea04e113,New York,US,2025-12-02,North America,Temperate,2025,12,December,Tuesday,Winter,3.0,-1.6,0.8,4.6,17.2,17.0,0.1,heavy,True,17.2,87.0,9.45
d642778ba8ba009495a27802608dcc7d,New York,US,2025-12-03,North America,Temperate,2025,12,December,Wednesday,Winter,4.3,-1.3,1.2,5.6,0.0,0.0,0.0,dry,False,17.7,70.0,9.43
9d92e66b9500e171e43c0c9294c4a3f3,New York,US,2025-12-04,North America,Temperate,2025,12,December,Thursday,Winter,5.5,-3.4,0.6,8.9,0.1,0.0,0.1,light,True,20.4,66.0,9.41
8853f49d4468e12b1d4cab46bf871a8b,New York,US,2025-12-05,North America,Temperate,2025,12,December,Friday,Winter,-0.8,-6.7,-3.5,5.9,0.0,0.0,0.0,dry,False,14.5,56.0,9.39
bf24d18e8f6d0d2fd058dd2c27ca8a52,New York,US,2025-12-06,North America,Temperate,2025,12,December,Saturday,Winter,4.4,-1.8,0.5,6.2,0.4,0.0,0.3,light,True,9.7,75.0,9.37
66b2e4238476f1ba8e7bf9e7636fd25d,New York,US,2025-12-07,North America,Temperate,2025,12,December,Sunday,Winter,5.1,-1.7,1.5,6.8,0.0,0.0,0.0,dry,False,11.8,69.0,9.36
855822ed29585232d4e355d35a19be1c,New York,US,2025-12-08,North America,Temperate,2025,12,December,Monday,Winter,1.8,-4.5,-1.8,6.3,0.0,0.0,0.0,dry,False,18.6,48.0,9.34
cc6a5433066fb67b385d583c34808a03,New York,US,2025-12-09,North America,Temperate,2025,12,December,Tuesday,Winter,-0.4,-7.5,-3.9,7.1,0.0,0.0,0.0,dry,False,15.8,42.0,9.33
c902987d47be7bb24dc2ad8d31706570,New York,US,2025-12-10,North America,Temperate,2025,12,December,Wednesday,Winter,6.5,-0.7,2.5,7.2,3.1,3.1,0.0,moderate,True,18.3,77.0,9.32
5b52375654af47a138c84464f754c303,New York,US,2025-12-11,North America,Temperate,2025,12,December,Thursday,Winter,4.0,-2.3,0.8,6.3,0.0,0.0,0.0,dry,False,24.1,58.0,9.3
f63b8840569a9263219ad1da88311bfc,New York,US,2025-12-12,North America,Temperate,2025,12,December,Friday,Winter,1.6,-4.9,-1.9,6.5,0.0,0.0,0.0,dry,False,16.1,48.0,9.29
f80bbb58c0500e5338508cc95a60dbea,New York,US,2025-12-13,North America,Temperate,2025,12,December,Saturday,Winter,3.8,-4.5,-0.7,8.3,0.8,0.0,0.6,light,True,8.0,67.0,9.28
c172beb0d5a02b85443b022c16395a45,New York,US,2025-12-14,North America,Temperate,2025,12,December,Sunday,Winter,0.5,-7.9,-2.6,8.4,11.7,0.0,8.2,heavy,True,19.0,83.0,9.28
c4fe32aa5e5ded6ee14deb2b69ba5a36,New York,US,2025-12-15,North America,Temperate,2025,12,December,Monday,Winter,-2.9,-8.6,-6.2,5.7,0.0,0.0,0.0,dry,False,18.1,70.0,9.27
d57f28976ae92c069c63cdd49e21b3a1,New York,US,2025-12-16,North America,Temperate,2025,12,December,Tuesday,Winter,-2.4,-9.3,-5.6,6.9,0.0,0.0,0.0,dry,False,11.7,75.0,9.26
ca5e78bd588f16afc2b8852706f4dd76,New York,US,2025-12-17,North America,Temperate,2025,12,December,Wednesday,Winter,4.3,-6.5,-0.6,10.8,0.0,0.0,0.0,dry,False,14.5,71.0,9.26
8c7e8684f14992319a33072e2d34b058,New York,US,2025-12-18,North America,Temperate,2025,12,December,Thursday,Winter,5.9,-4.6,1.6,10.5,0.0,0.0,0.0,dry,False,12.2,86.0,9.25
e379f1496d0f3e536401e146359a77b4,New York,US,2025-12-19,North America,Temperate,2025,12,December,Friday,Winter,14.5,-0.4,9.0,14.9,26.2,26.2,0.0,heavy,True,30.6,80.0,9.25
23f8dca3cc837505dc7b7baa4a6f7f7c,New York,US,2025-12-20,North America,Temperate,2025,12,December,Saturday,Winter,2.5,-2.1,-0.1,4.6,0.0,0.0,0.0,dry,False,18.9,60.0,9.25
5c054e0c6ef2c6984ccbab36676fbda7,New York,US,2025-12-21,North America,Temperate,2025,12,December,Sunday,Winter,7.9,-1.8,2.4,9.7,0.0,0.0,0.0,dry,False,22.8,58.0,9.25
618cb5a5fc9f853def0c2e75069fa527,New York,US,2025-12-22,North America,Temperate,2025,12,December,Monday,Winter,3.1,-3.0,-0.6,6.1,0.0,0.0,0.0,dry,False,14.1,56.0,9.25
c142fc98b72ec8274080c7888354d5e3,New York,US,2025-12-23,North America,Temperate,2025,12,December,Tuesday,Winter,3.1,0.2,1.4,2.9,2.9,0.8,1.5,moderate,True,10.8,84.0,9.25
75fc1822cf414210efec808dc8564fea,New York,US,2025-12-24,North America,Temperate,2025,12,December,Wednesday,Winter,7.4,-1.0,3.4,8.4,0.0,0.0,0.0,dry,False,24.6,71.0,9.26
b622470a5a5c4e16a2f08272e6090123,New York,US,2025-12-25,North America,Temperate,2025,12,December,Thursday,Winter,8.4,-1.7,2.0,10.1,0.0,0.0,0.0,dry,False,21.2,64.0,9.26
ccbad881d7a2e7f35d30e5bbdaeb2ab9,New York,US,2025-12-26,North America,Temperate,2025,12,December,Friday,Winter,-2.7,-5.8,-4.1,3.1,7.4,0.0,5.2,moderate,True,12.0,56.0,9.26
51597bb16da88517a8dc8d16cee95127,New York,US,2025-12-27,North America,Temperate,2025,12,December,Saturday,Winter,-1.0,-7.3,-3.6,6.3,5.3,0.4,3.4,moderate,True,16.3,90.0,9.27
e61910f1e667c0560bb1621e55e5b73b,New York,US,2025-12-28,North America,Temperate,2025,12,December,Sunday,Winter,1.1,-11.6,-5.8,12.7,0.9,0.9,0.0,light,True,9.4,90.0,9.28
088e7796a20f4b80d7944f0bf327b37a,New York,US,2025-12-29,North America,Temperate,2025,12,December,Monday,Winter,7.4,-1.4,3.5,8.8,3.9,3.9,0.0,moderate,True,23.8,84.0,9.29
993c9ceff04fa03a28ef1c014549e7e3,New York,US,2025-12-30,North America,Temperate,2025,12,December,Tuesday,Winter,-0.3,-3.0,-1.3,2.7,0.0,0.0,0.0,dry,False,25.5,47.0,9.3
37efed85605c44b3703cf9332c606b71,New York,US,2025-12-31,North America,Temperate,2025,12,December,Wednesday,Winter,-0.3,-3.7,-2.2,3.4,0.0,0.0,0.0,dry,False,16.5,50.0,9.31
cde7c1236400c72fe309006b678ad1d6,New York,US,2026-01-01,North America,Temperate,2026,1,January,Thursday,Winter,0.7,-7.1,-3.4,7.8,1.1,0.0,0.8,light,True,25.1,55.0,9.32
751a45d4fd4e2fc14720298619347d18,New York,US,2026-01-02,North America,Temperate,2026,1,January,Friday,Winter,-1.3,-7.3,-4.4,6.0,0.3,0.0,0.2,light,True,14.4,61.0,9.33
e46cc8e96ad52dc2280284c4fa464bd9,New York,US,2026-01-03,North America,Temperate,2026,1,January,Saturday,Winter,-0.7,-6.7,-3.5,6.0,0.0,0.0,0.0,dry,False,10.3,49.0,9.34
32059539d8fefcd99a278d035f8c8931,New York,US,2026-01-04,North America,Temperate,2026,1,January,Sunday,Winter,1.0,-4.5,-2.2,5.5,0.3,0.0,0.2,light,True,12.1,63.0,9.36
c4c2366782d9eb3fa66db6690f3e81c0,New York,US,2026-01-05,North America,Temperate,2026,1,January,Monday,Winter,0.9,-5.4,-1.8,6.3,0.8,0.0,0.6,light,True,12.6,72.0,9.37
bec51f23803eeec80f1096b6ed34f367,New York,US,2026-01-06,North America,Temperate,2026,1,January,Tuesday,Winter,4.0,-2.2,1.0,6.2,0.6,0.4,0.1,light,True,7.5,84.0,9.39
6e046233f860a3f222397fc188533712,New York,US,2026-01-07,North America,Temperate,2026,1,January,Wednesday,Winter,9.4,0.8,4.8,8.6,0.3,0.3,0.0,light,True,18.0,83.0,9.41
6c23371f5a5fea2dfdd95dde06487f02,New York,US,2026-01-08,North America,Temperate,2026,1,January,Thursday,Winter,10.1,1.5,5.1,8.6,0.0,0.0,0.0,dry,False,10.5,77.0,9.43
e88aee30f84acd3c3e73d24ee17bd568,New York,US,2026-01-09,North America,Temperate,2026,1,January,Friday,Winter,11.0,0.3,5.4,10.7,3.6,3.6,0.0,moderate,True,16.8,85.0,9.45
4bdf091cd6e00f4fee03f95fadbd3cdb,New York,US,2026-01-10,North America,Temperate,2026,1,January,Saturday,Winter,9.2,4.3,6.0,4.9,13.5,13.5,0.0,heavy,True,14.6,87.0,9.47
ab97cc522e1f5004a92f1eccc2182f1e,New York,US,2026-01-11,North America,Temperate,2026,1,January,Sunday,Winter,8.3,1.2,5.2,7.1,0.3,0.3,0.0,light,True,19.3,71.0,9.49
030e2d6b88f58b3a4a708afd74085bf5,New York,US,2026-01-12,North America,Temperate,2026,1,January,Monday,Winter,4.8,-1.2,1.3,6.0,0.0,0.0,0.0,dry,False,22.6,57.0,9.51
2ece3cc8e4fcd69fb8301fb6d2773d28,New York,US,2026-01-13,North America,Temperate,2026,1,January,Tuesday,Winter,7.5,-0.7,2.7,8.2,0.0,0.0,0.0,dry,False,15.5,64.0,9.54
595ff1d7ec64f5b853dc8d32015feae3,New York,US,2026-01-14,North America,Temperate,2026,1,January,Wednesday,Winter,9.9,4.2,6.4,5.7,0.1,0.1,0.0,light,True,10.0,66.0,9.56
d25fd7f19c95985c986a000d132f2df1,New York,US,2026-01-15,North America,Temperate,2026,1,January,Thursday,Winter,6.6,-4.4,2.4,11.0,0.1,0.1,0.0,light,True,19.7,62.0,9.59
a096d6c3d2cea3c8bec95b087151889b,New York,US,2026-01-16,North America,Temperate,2026,1,January,Friday,Winter,0.1,-6.0,-2.9,6.1,0.0,0.0,0.0,dry,False,20.7,43.0,9.61
bab0a6b37ea129704e4dc07679c3a80d,New York,US,2026-01-17,North America,Temperate,2026,1,January,Saturday,Winter,2.0,-4.2,-0.3,6.2,4.7,0.0,3.3,moderate,True,10.4,76.0,9.64
d6f7c7383d6061055e778f7ba02d3e31,New York,US,2026-01-18,North America,Temperate,2026,1,January,Sunday,Winter,0.5,-4.6,-1.5,5.1,9.2,0.0,6.4,heavy,True,13.3,97.0,9.67
f2983f5d32ac7a8a11a55f4f86342fce,New York,US,2026-01-19,North America,Temperate,2026,1,January,Monday,Winter,-1.3,-7.1,-3.7,5.8,0.0,0.0,0.0,dry,False,16.9,78.0,9.7
989624a0b808b9a2f28f669f5ce4691b,New York,US,2026-01-20,North America,Temperate,2026,1,January,Tuesday,Winter,-4.6,-11.5,-8.8,6.9,0.0,0.0,0.0,dry,False,18.6,60.0,9.73
de7c53945726258b08d8d5d602bca537,New York,US,2026-01-21,North America,Temperate,2026,1,January,Wednesday,Winter,1.3,-15.4,-7.6,16.7,0.0,0.0,0.0,dry,False,15.8,63.0,9.76
4492f400b95d4f42054461528f83958e,New York,US,2026-01-22,North America,Temperate,2026,1,January,Thursday,Winter,6.9,0.9,3.0,6.0,0.2,0.0,0.1,light,True,19.2,60.0,9.79
2e1d8a781790c3c56fa35b9a70e6fbd9,New York,US,2026-01-23,North America,Temperate,2026,1,January,Friday,Winter,2.3,-7.5,-1.0,9.8,0.0,0.0,0.0,dry,False,22.0,41.0,9.82
0fdcbe1ced4c84670ee11cdfdd7abfbb,New York,US,2026-01-24,North America,Temperate,2026,1,January,Saturday,Winter,-7.4,-13.1,-10.1,5.7,0.0,0.0,0.0,dry,False,21.5,36.0,9.85
c129bc96690b54d3ba7ea42391780557,New York,US,2026-01-25,North America,Temperate,2026,1,January,Sunday,Winter,-4.8,-12.2,-9.7,7.4,33.1,6.1,18.9,heavy,True,29.8,69.0,9.88
d8c6e7e602d87a8261e0a7700c7ddb11,New York,US,2026-01-26,North America,Temperate,2026,1,January,Monday,Winter,-3.2,-8.5,-6.1,5.3,0.4,0.1,0.2,light,True,20.0,78.0,9.91
c5c1c376c086da84dbaa0db9406abffe,New York,US,2026-01-27,North America,Temperate,2026,1,January,Tuesday,Winter,-7.4,-13.4,-10.2,6.0,0.1,0.0,0.1,light,True,20.8,67.0,9.95
95649b51e20d38863888baf8179ace52,New York,US,2026-01-28,North America,Temperate,2026,1,January,Wednesday,Winter,-6.8,-13.4,-10.4,6.6,0.0,0.0,0.0,dry,False,15.4,68.0,9.98
83a5626a9ffb316bea30bc1802666a95,New York,US,2026-01-29,North America,Temperate,2026,1,January,Thursday,Winter,-8.1,-15.2,-11.8,7.1,0.0,0.0,0.0,dry,False,13.8,69.0,10.02
93ac4dde322561b36e303f40208f65f3,New York,US,2026-01-30,North America,Temperate,2026,1,January,Friday,Winter,-9.3,-15.4,-12.5,6.1,0.0,0.0,0.0,dry,False,14.6,63.0,10.05
cdb6147106a9c257eb28ba730c030343,New York,US,2026-01-31,North America,Temperate,2026,1,January,Saturday,Winter,-7.3,-18.3,-13.3,11.0,0.0,0.0,0.0,dry,False,18.7,73.0,10.09
9582bfec2b5c08b78c02e4df847ba2aa,New York,US,2026-02-01,North America,Temperate,2026,2,February,Sunday,Winter,-6.6,-14.1,-10.6,7.5,0.0,0.0,0.0,dry,False,24.1,68.0,10.13
a11f8da12e3ec26b015b27d4eae415d3,New York,US,2026-02-02,North America,Temperate,2026,2,February,Monday,Winter,-0.9,-11.0,-6.7,10.1,0.0,0.0,0.0,dry,False,17.8,63.0,10.17
d293f797f7a96e61751f70c45a7c7fc2,New York,US,2026-02-03,North America,Temperate,2026,2,February,Tuesday,Winter,-0.9,-13.6,-7.2,12.7,0.0,0.0,0.0,dry,False,10.0,73.0,10.2
71312f08467f641c58943c3fc4dcf374,New York,US,2026-02-04,North America,Temperate,2026,2,February,Wednesday,Winter,-1.1,-10.0,-4.9,8.9,0.0,0.0,0.0,dry,False,14.5,70.0,10.24
19da776cf2e3dc852e095af87eb82120,New York,US,2026-02-05,North America,Temperate,2026,2,February,Thursday,Winter,-2.6,-13.1,-8.2,10.5,0.0,0.0,0.0,dry,False,12.4,74.0,10.28
0a5060c98db0ad65edda80ad8db3f42a,New York,US,2026-02-06,North America,Temperate,2026,2,February,Friday,Winter,-2.4,-12.5,-7.5,10.1,0.2,0.0,0.1,light,True,9.5,77.0,10.32
e3e475e13ddba8817eb3216b319869d0,New York,US,2026-02-07,North America,Temperate,2026,2,February,Saturday,Winter,-3.7,-16.5,-10.2,12.8,0.9,0.0,0.6,light,True,28.8,69.0,10.36
3720d9eac665cb17b3475840fef31032,New York,US,2026-02-08,North America,Temperate,2026,2,February,Sunday,Winter,-10.2,-17.8,-14.3,7.6,0.0,0.0,0.0,dry,False,22.2,61.0,10.4
89bbc0d1f53e34eb1793320ddf7052b0,New York,US,2026-02-09,North America,Temperate,2026,2,February,Monday,Winter,-4.0,-14.7,-9.8,10.7,0.0,0.0,0.0,dry,False,15.8,67.0,10.44
8c93dd2737919b7b94f5e618b30a36b2,New York,US,2026-02-10,North America,Temperate,2026,2,February,Tuesday,Winter,-0.3,-9.9,-5.1,9.6,0.0,0.0,0.0,dry,False,15.3,73.0,10.48
ba05bca78aa19b5d567f695eeb351714,New York,US,2026-02-11,North America,Temperate,2026,2,February,Wednesday,Winter,3.4,-2.0,0.8,5.4,0.3,0.3,0.0,light,True,17.6,74.0,10.52
5e49d71ea99ec4f8a169b342c0f05f90,New York,US,2026-02-12,North America,Temperate,2026,2,February,Thursday,Winter,0.9,-4.2,-1.4,5.1,0.0,0.0,0.0,dry,False,17.0,71.0,10.56
83720d415575038914bee7c1a8c176c0,New York,US,2026-02-13,North America,Temperate,2026,2,February,Friday,Winter,1.1,-8.5,-4.0,9.6,0.0,0.0,0.0,dry,False,12.9,72.0,10.6
a49189119d2e1dc17d0c00ba62f36e0c,New York,US,2026-02-14,North America,Temperate,2026,2,February,Saturday,Winter,3.8,-7.8,-1.4,11.6,0.0,0.0,0.0,dry,False,10.7,76.0,10.64
f9844c94e75f22031b7c6d256285957c,New York,US,2026-02-15,North America,Temperate,2026,2,February,Sunday,Winter,2.5,-6.3,-1.4,8.8,0.6,0.0,0.4,light,True,9.0,84.0,10.68
50895a04eca4d7bb369af83d17cd469e,New York,US,2026-02-16,North America,Temperate,2026,2,February,Monday,Winter,2.1,-2.1,-0.1,4.2,1.8,0.0,1.3,light,True,13.0,81.0,10.72
d7061d0a6e764164b1b438bff764b9b2,New York,US,2026-02-17,North America,Temperate,2026,2,February,Tuesday,Winter,5.8,0.3,2.4,5.5,0.0,0.0,0.0,dry,False,11.4,87.0,10.77
b408ea755e4bb9843bd741af62d6eaf6,New York,US,2026-02-18,North America,Temperate,2026,2,February,Wednesday,Winter,3.8,-0.5,1.7,4.3,2.6,2.6,0.0,moderate,True,8.5,95.0,10.81
f7ffe03989d3bee31f71b810856d0597,New York,US,2026-02-19,North America,Temperate,2026,2,February,Thursday,Winter,3.9,1.4,2.4,2.5,0.0,0.0,0.0,dry,False,10.0,79.0,10.85
6369d82ee1e19743a7adcc7150e79a15,New York,US,2026-02-20,North America,Temperate,2026,2,February,Friday,Winter,4.4,1.3,2.2,3.1,9.6,9.6,0.0,heavy,True,13.1,91.0,10.9
f36d0ee1d0650519f5433ac40f236e26,New York,US,2026-02-21,North America,Temperate,2026,2,February,Saturday,Winter,8.0,-0.9,3.9,8.9,0.0,0.0,0.0,dry,False,11.7,78.0,10.94
a128603f8a9a027510cc82bf2aac3053,New York,US,2026-02-22,North America,Temperate,2026,2,February,Sunday,Winter,3.2,-0.6,1.2,3.8,14.0,2.0,8.4,heavy,True,22.7,90.0,10.98
e88c4dbdfd9b8f40ea27e8e4f28be90a,New York,US,2026-02-23,North America,Temperate,2026,2,February,Monday,Winter,1.5,-1.7,-0.3,3.2,21.1,0.0,14.8,heavy,True,33.0,79.0,11.03
ea95b774b9a778b51205650481802aaa,New York,US,2026-02-24,North America,Temperate,2026,2,February,Tuesday,Winter,-1.6,-10.9,-4.5,9.3,0.0,0.0,0.0,dry,False,20.2,70.0,11.07
89d8db50150ee399ba0682d7cbebb33a,New York,US,2026-02-25,North America,Temperate,2026,2,February,Wednesday,Winter,2.6,-11.0,-0.8,13.6,1.8,0.3,1.1,light,True,14.8,79.0,11.12
de5b4b3a13669de29320c61cad860a61,New York,US,2026-02-26,North America,Temperate,2026,2,February,Thursday,Winter,3.7,-4.0,1.2,7.7,0.3,0.3,0.0,light,True,13.8,72.0,11.16
9835a3e5bb5b74e79feea623f3963903,New York,US,2026-02-27,North America,Temperate,2026,2,February,Friday,Winter,1.1,-9.2,-3.3,10.3,0.0,0.0,0.0,dry,False,14.1,84.0,11.2
0073ae64a566ac3011e85f77ca245865,New York,US,2026-02-28,North America,Temperate,2026,2,February,Saturday,Winter,2.8,-6.5,-1.8,9.3,0.0,0.0,0.0,dry,False,4.4,97.0,11.25
9d7890ea5e4ec09f2c03d853d03a5538,New York,US,2026-03-01,North America,Temperate,2026,3,March,Sunday,Spring,3.2,-4.1,-0.2,7.3,0.9,0.3,0.4,light,True,16.6,79.0,11.29
342c14c67d3bbf0cf1effa26f962f3b8,New York,US,2026-03-02,North America,Temperate,2026,3,March,Monday,Spring,-2.0,-9.9,-5.8,7.9,0.0,0.0,0.0,dry,False,12.4,62.0,11.34
a2846199490cfa18e6500fec5caa3725,New York,US,2026-03-03,North America,Temperate,2026,3,March,Tuesday,Spring,1.2,-6.1,-0.9,7.3,9.1,6.7,1.7,heavy,True,8.5,87.0,11.38
8672c6bd605d3687e31ba30df2f9ab7d,New York,US,2026-03-04,North America,Temperate,2026,3,March,Wednesday,Spring,8.7,0.5,3.7,8.2,2.1,2.1,0.0,light,True,9.2,91.0,11.42
6bc80f449acf5a40567d09e78a8dcbdc,New York,US,2026-03-05,North America,Temperate,2026,3,March,Thursday,Spring,5.8,2.4,3.6,3.4,14.9,14.9,0.0,heavy,True,14.0,97.0,11.47
debdce46c16b6ef72cd80bb89f4e5eba,New York,US,2026-03-06,North America,Temperate,2026,3,March,Friday,Spring,5.9,2.5,3.7,3.4,13.5,13.5,0.0,heavy,True,17.5,86.0,11.51
bab46f6c04c2e44d115df412726c7a76,New York,US,2026-03-07,North America,Temperate,2026,3,March,Saturday,Spring,9.6,2.7,5.4,6.9,0.0,0.0,0.0,dry,False,11.2,90.0,11.56
65ac21378a2f8338e0d65a46eae87898,New York,US,2026-03-08,North America,Temperate,2026,3,March,Sunday,Spring,20.5,9.3,13.3,11.2,0.9,0.9,0.0,light,True,15.2,80.0,11.6
3855b1ca1ec2bb057ce5b547b94b24af,New York,US,2026-03-09,North America,Temperate,2026,3,March,Monday,Spring,21.0,4.3,12.0,16.7,0.0,0.0,0.0,dry,False,11.5,65.0,11.65
ce9feac8027f2c79e628e9d340a8127f,New York,US,2026-03-10,North America,Temperate,2026,3,March,Tuesday,Spring,24.4,6.5,14.9,17.9,0.0,0.0,0.0,dry,False,10.6,65.0,11.69
98e8f790b3d5fdbcb4ecce2c848b002e,New York,US,2026-03-11,North America,Temperate,2026,3,March,Wednesday,Spring,22.3,11.3,16.3,11.0,0.5,0.5,0.0,light,True,14.3,71.0,11.74
f94e8d3226cd23b0afd05d14bc04cc36,New York,US,2026-03-12,North America,Temperate,2026,3,March,Thursday,Spring,18.2,1.5,8.2,16.7,14.6,13.9,0.5,heavy,True,22.8,84.0,11.79
93eb9718b1d96e882465138471ed0862,New York,US,2026-03-13,North America,Temperate,2026,3,March,Friday,Spring,5.4,-1.9,2.4,7.3,1.9,0.5,1.0,light,True,19.8,58.0,11.83
8f4112bd9f5d4cd04e0480d517709dcd,New York,US,2026-03-14,North America,Temperate,2026,3,March,Saturday,Spring,10.6,2.8,6.0,7.8,0.0,0.0,0.0,dry,False,26.7,54.0,11.88
5c10989f867b022d39075c0e83af03ac,New York,US,2026-03-15,North America,Temperate,2026,3,March,Sunday,Spring,7.1,1.1,3.8,6.0,0.0,0.0,0.0,dry,False,16.8,64.0,11.92
400eb34262f1b3178cc15d61cbbcf49b,New York,US,2026-03-16,North America,Temperate,2026,3,March,Monday,Spring,17.6,7.5,12.3,10.1,16.1,16.1,0.0,heavy,True,27.8,93.0,11.97
d92ede935c769fa022c1989952b5943b,New York,US,2026-03-17,North America,Temperate,2026,3,March,Tuesday,Spring,13.6,-0.4,3.4,14.0,4.8,4.8,0.0,moderate,True,33.1,53.0,12.01
00f11d3e552ee80a7521a95f353d223d,New York,US,2026-03-18,North America,Temperate,2026,3,March,Wednesday,Spring,2.3,-4.0,-1.3,6.3,0.0,0.0,0.0,dry,False,11.8,53.0,12.06
39751fa8035942542aabda1cb4c40f0e,New York,US,2026-03-19,North America,Temperate,2026,3,March,Thursday,Spring,4.8,-2.1,1.5,6.9,0.0,0.0,0.0,dry,False,9.1,68.0,12.11
563105665a908663b033d56094f620d0,New York,US,2026-03-20,North America,Temperate,2026,3,March,Friday,Spring,12.8,0.6,7.0,12.2,3.2,3.2,0.0,moderate,True,17.7,72.0,12.15
6a68fb49d52e101b92daa07390f007f5,New York,US,2026-03-21,North America,Temperate,2026,3,March,Saturday,Spring,14.1,6.4,10.1,7.7,0.6,0.6,0.0,light,True,16.6,72.0,12.2
6ba49a65d0ba97c3e225139915eace20,New York,US,2026-03-22,North America,Temperate,2026,3,March,Sunday,Spring,16.5,5.1,10.4,11.4,5.8,4.9,0.6,moderate,True,19.0,78.0,12.24
0eb218f8594e635ff12d985ee672bad1,New York,US,2026-03-23,North America,Temperate,2026,3,March,Monday,Spring,10.5,1.6,5.9,8.9,13.1,13.1,0.0,heavy,True,17.5,82.0,12.28
1672135ff828d79d37795f5c7a214a9e,New York,US,2026-03-24,North America,Temperate,2026,3,March,Tuesday,Spring,8.3,-0.3,3.4,8.6,0.0,0.0,0.0,dry,False,14.8,56.0,12.33
f058405b0de284b0d568ec0fa175a0b2,New York,US,2026-03-25,North America,Temperate,2026,3,March,Wednesday,Spring,10.6,0.6,5.6,10.0,0.0,0.0,0.0,dry,False,17.2,63.0,12.37
8d721816629ea7ac788dcb422a7a217d,New York,US,2026-03-26,North America,Temperate,2026,3,March,Thursday,Spring,22.6,6.5,14.9,16.1,0.0,0.0,0.0,dry,False,20.0,61.0,12.42
de43d3b8c62fa0d61c8511b3df914bbf,New York,US,2026-03-27,North America,Temperate,2026,3,March,Friday,Spring,18.0,4.4,11.1,13.6,4.3,4.3,0.0,moderate,True,20.1,66.0,12.46
7b670f739cef3e46664f98d77a901288,New York,US,2026-03-28,North America,Temperate,2026,3,March,Saturday,Spring,6.1,-1.8,2.6,7.9,0.0,0.0,0.0,dry,False,18.4,47.0,12.51
4f8e936e777b22a605d9c09ddeae25a5,New York,US,2026-03-29,North America,Temperate,2026,3,March,Sunday,Spring,12.5,-1.5,5.3,14.0,0.0,0.0,0.0,dry,False,14.2,54.0,12.56
2683696068c4410001a49af8e18dca19,New York,US,2026-03-30,North America,Temperate,2026,3,March,Monday,Spring,21.0,7.0,13.6,14.0,0.0,0.0,0.0,dry,False,19.6,59.0,12.6
87e4d720144ecdf3c9ea67e0fe85e9e0,New York,US,2026-03-31,North America,Temperate,2026,3,March,Tuesday,Spring,26.7,15.2,20.8,11.5,0.6,0.6,0.0,light,True,19.7,58.0,12.65
1bb9a9f47d6d5d26763df38bef444668,New York,US,2026-04-01,North America,Temperate,2026,4,April,Wednesday,Spring,26.6,13.0,21.0,13.6,1.1,1.1,0.0,light,True,18.8,58.0,12.69
eee51d700a548193cd86da9ec47a05b4,New York,US,2026-04-02,North America,Temperate,2026,4,April,Thursday,Spring,12.2,5.9,8.1,6.3,5.8,5.8,0.0,moderate,True,21.7,79.0,12.74
2a67c8f89b9cdaf83c54552a93ac3151,New York,US,2026-04-03,North America,Temperate,2026,4,April,Friday,Spring,21.2,5.4,11.8,15.8,0.2,0.2,0.0,light,True,22.3,78.0,12.78
b57a41ed6cbaa7f7cf7476259059cc71,New York,US,2026-04-04,North America,Temperate,2026,4,April,Saturday,Spring,22.4,7.0,15.2,15.4,0.0,0.0,0.0,dry,False,19.9,70.0,12.83
16900401990bf49131e1b8fb735ebc72,New York,US,2026-04-05,North America,Temperate,2026,4,April,Sunday,Spring,15.9,6.3,11.0,9.6,6.9,6.9,0.0,moderate,True,14.8,82.0,12.87
ba7b672efb40b9f94e10897133d3334c,New York,US,2026-04-06,North America,Temperate,2026,4,April,Monday,Spring,12.9,4.0,8.8,8.9,0.0,0.0,0.0,dry,False,21.1,50.0,12.92
c5eb7ac4c7994f209bc3014ba6a3ecc8,New York,US,2026-04-07,North America,Temperate,2026,4,April,Tuesday,Spring,11.8,1.3,7.6,10.5,0.0,0.0,0.0,dry,False,23.3,53.0,12.96
5db1b308bf4099fda57bbed145b61ca0,New York,US,2026-04-08,North America,Temperate,2026,4,April,Wednesday,Spring,9.4,-1.6,3.1,11.0,0.0,0.0,0.0,dry,False,14.3,52.0,13.0
e3f065b1b993758703a80ec47b25cc25,New York,US,2026-04-09,North America,Temperate,2026,4,April,Thursday,Spring,9.7,-0.2,4.9,9.9,0.0,0.0,0.0,dry,False,13.9,71.0,13.05
177e8e5004996edf57a6b013e34c6ca7,New York,US,2026-04-10,North America,Temperate,2026,4,April,Friday,Spring,17.4,3.1,9.6,14.3,0.0,0.0,0.0,dry,False,13.2,70.0,13.09
b0f4798b84f82e498ada16ad0aa8238c,New York,US,2026-04-11,North America,Temperate,2026,4,April,Saturday,Spring,17.6,10.2,13.8,7.4,0.7,0.7,0.0,light,True,17.0,45.0,13.13
05575829a752eb5a06cbcf362bf27b26,New York,US,2026-04-12,North America,Temperate,2026,4,April,Sunday,Spring,12.8,5.5,9.3,7.3,0.0,0.0,0.0,dry,False,16.7,49.0,13.18
902fc77d0bc79c9def3c71a3b365680a,New York,US,2026-04-13,North America,Temperate,2026,4,April,Monday,Spring,26.5,8.5,18.2,18.0,1.4,1.4,0.0,light,True,23.0,60.0,13.22
349cce2f650f26c80955f32d41a879dc,New York,US,2026-04-14,North America,Temperate,2026,4,April,Tuesday,Spring,31.1,16.0,24.2,15.1,0.0,0.0,0.0,dry,False,21.7,52.0,13.26
a5165fe9dede37e36800f60fa64f6c47,New York,US,2026-04-15,North America,Temperate,2026,4,April,Wednesday,Spring,32.7,18.6,26.3,14.1,0.6,0.6,0.0,light,True,16.7,52.0,13.31
ab711cfa48cbad201f6f445e67d261d7,New York,US,2026-04-16,North America,Temperate,2026,4,April,Thursday,Spring,33.4,22.8,27.2,10.6,0.0,0.0,0.0,dry,False,14.8,46.0,13.35
430b6068e9c25c4c1982a617a9050a41,New York,US,2026-04-17,North America,Temperate,2026,4,April,Friday,Spring,26.2,18.2,23.1,8.0,4.6,4.6,0.0,moderate,True,14.1,55.0,13.39
45bb16c1066988156704a6fbca406af0,New York,US,2026-04-18,North America,Temperate,2026,4,April,Saturday,Spring,19.7,10.6,14.5,9.1,0.0,0.0,0.0,dry,False,14.9,74.0,13.43
013d41081abfe6e4ec9818fe1bff6255,New York,US,2026-04-19,North America,Temperate,2026,4,April,Sunday,Spring,11.7,6.5,9.2,5.2,4.5,4.5,0.0,moderate,True,19.8,78.0,13.48
47c99387e81941bc4096d5271427f6db,New York,US,2026-04-20,North America,Temperate,2026,4,April,Monday,Spring,10.2,2.4,6.6,7.8,1.8,1.6,0.1,light,True,18.0,61.0,13.52
e02769a07d587dda9d40ad642f870c9c,New York,US,2026-04-21,North America,Temperate,2026,4,April,Tuesday,Spring,11.4,-0.1,5.7,11.5,0.0,0.0,0.0,dry,False,13.3,49.0,13.56
3863637915ee327ea6fd00cb65881f14,New York,US,2026-04-22,North America,Temperate,2026,4,April,Wednesday,Spring,12.8,6.4,9.4,6.4,1.5,1.5,0.0,light,True,15.3,75.0,13.6
ecc1e3515feba6d199d68c53d19c59e7,New York,US,2026-04-23,North America,Temperate,2026,4,April,Thursday,Spring,22.5,6.3,15.0,16.2,5.8,5.8,0.0,moderate,True,17.1,58.0,13.64
96184a6725d4724175903bd21a31c54c,New York,US,2026-04-24,North America,Temperate,2026,4,April,Friday,Spring,20.9,9.6,15.0,11.3,0.0,0.0,0.0,dry,False,15.1,45.0,13.69
f315d7ba6dfa22fab7e90676866fe3a6,New York,US,2026-04-25,North America,Temperate,2026,4,April,Saturday,Spring,10.1,5.8,7.8,4.3,22.4,22.4,0.0,heavy,True,14.4,74.0,13.73
19f1938b4fe591db091d32ac47961730,New York,US,2026-04-26,North America,Temperate,2026,4,April,Sunday,Spring,13.9,5.4,8.7,8.5,5.0,5.0,0.0,moderate,True,17.7,78.0,13.77
2dbb70613e3690e192104b2922ad393b,New York,US,2026-04-27,North America,Temperate,2026,4,April,Monday,Spring,19.6,5.6,11.8,14.0,0.0,0.0,0.0,dry,False,10.2,65.0,13.81
316a7aa40721f29913d464bfd3b94b3f,New York,US,2026-04-28,North America,Temperate,2026,4,April,Tuesday,Spring,18.1,7.0,12.3,11.1,0.0,0.0,0.0,dry,False,9.3,57.0,13.85
58f21952b779baa2410fb76a39f9ac51,New York,US,2026-04-29,North America,Temperate,2026,4,April,Wednesday,Spring,16.9,9.5,12.2,7.4,2.4,2.4,0.0,light,True,14.8,66.0,13.89
2f1e28604cd91ab84b4c62c7c3f3cf08,New York,US,2026-04-30,North America,Temperate,2026,4,April,Thursday,Spring,15.7,8.8,11.9,6.9,8.0,8.0,0.0,heavy,True,10.8,79.0,13.93
b929b886711284523a1d00a0b58d5785,New York,US,2026-05-01,North America,Temperate,2026,5,May,Friday,Spring,19.0,6.9,11.9,12.1,0.1,0.1,0.0,light,True,14.9,58.0,13.96
9b4b69006449d614af40523fd54cfaa2,New York,US,2026-05-02,North America,Temperate,2026,5,May,Saturday,Spring,15.4,9.0,12.2,6.4,1.9,1.9,0.0,light,True,12.4,61.0,14.0
8ed00d8fdc61ed9d4ca806e50dee7506,New York,US,2026-05-03,North America,Temperate,2026,5,May,Sunday,Spring,14.6,6.7,10.8,7.9,0.0,0.0,0.0,dry,False,23.5,43.0,14.04
a293a6993c0b1ae6e01fbd38f25c10b3,New York,US,2026-05-04,North America,Temperate,2026,5,May,Monday,Spring,24.5,8.5,16.4,16.0,0.0,0.0,0.0,dry,False,21.2,38.0,14.08
2a475ea65b41cd127c7ba50024c840c7,New York,US,2026-05-05,North America,Temperate,2026,5,May,Tuesday,Spring,29.4,15.3,22.2,14.1,0.0,0.0,0.0,dry,False,21.2,42.0,14.11
6bd735c8cdcddfb3cc266dcb7c98792a,New York,US,2026-05-06,North America,Temperate,2026,5,May,Wednesday,Spring,22.9,15.7,19.7,7.2,4.4,4.4,0.0,moderate,True,23.1,67.0,14.15
837d667ca5e69dbaf67921ef1942588d,New York,US,2026-05-07,North America,Temperate,2026,5,May,Thursday,Spring,19.6,10.7,14.1,8.9,4.1,4.1,0.0,moderate,True,19.8,52.0,14.19
e5886c44bc2413554afbf88f0f032e51,New York,US,2026-05-08,North America,Temperate,2026,5,May,Friday,Spring,18.6,8.4,14.0,10.2,0.5,0.5,0.0,light,True,21.1,45.0,14.22
6193523920ae2c029b27c8166f105069,New York,US,2026-05-09,North America,Temperate,2026,5,May,Saturday,Spring,18.6,11.3,14.1,7.3,8.1,8.1,0.0,heavy,True,12.6,73.0,14.26
861146faf026a858dedb420b8e2e36f4,New York,US,2026-05-10,North America,Temperate,2026,5,May,Sunday,Spring,24.5,10.0,16.4,14.5,4.9,4.9,0.0,moderate,True,15.4,78.0,14.29
3da24b4f795a91d9b731eddc046bfeea,New York,US,2026-05-11,North America,Temperate,2026,5,May,Monday,Spring,16.9,11.0,13.9,5.9,0.0,0.0,0.0,dry,False,20.1,43.0,14.33
81b590881ce794bb24516b7d89d757e0,New York,US,2026-05-12,North America,Temperate,2026,5,May,Tuesday,Spring,20.1,7.3,13.3,12.8,0.0,0.0,0.0,dry,False,20.3,43.0,14.36
e8bcf80eba65b963f4b3b283cc52e6ed,New York,US,2026-05-13,North America,Temperate,2026,5,May,Wednesday,Spring,24.6,11.3,16.9,13.3,0.0,0.0,0.0,dry,False,20.9,53.0,14.4
d23562fe2ec38b74bb19c0305db2f2ec,New York,US,2026-05-14,North America,Temperate,2026,5,May,Thursday,Spring,19.4,12.9,15.4,6.5,2.5,2.5,0.0,light,True,17.7,66.0,14.43
dd554c785472b3553074e3f30b18d587,New York,US,2026-05-15,North America,Temperate,2026,5,May,Friday,Spring,19.4,9.6,15.2,9.8,0.2,0.2,0.0,light,True,15.5,57.0,14.46
72ec69fb80de942f0f921284cbf31ba1,New York,US,2026-05-16,North America,Temperate,2026,5,May,Saturday,Spring,28.5,11.2,20.8,17.3,0.0,0.0,0.0,dry,False,17.1,48.0,14.49
0eb854c6594a1e485b45c2a5ac8e658a,New York,US,2026-05-17,North America,Temperate,2026,5,May,Sunday,Spring,32.9,19.6,26.3,13.3,0.0,0.0,0.0,dry,False,14.4,45.0,14.52
00c19d761d20c9b32d7d775a3db7edd3,New York,US,2026-05-18,North America,Temperate,2026,5,May,Monday,Spring,32.0,21.0,26.9,11.0,0.0,0.0,0.0,dry,False,16.4,53.0,14.55
2718194ac69f4440e4966255e6281d1b,New York,US,2026-05-19,North America,Temperate,2026,5,May,Tuesday,Spring,35.8,23.3,29.8,12.5,0.7,0.7,0.0,light,True,20.0,48.0,14.58
d65cac175b68d54574ce93633fd58990,New York,US,2026-05-20,North America,Temperate,2026,5,May,Wednesday,Spring,34.6,21.9,27.8,12.7,6.9,6.9,0.0,moderate,True,18.8,56.0,14.61
ae431b03bb67b5912cfd12114b42bd55,New York,US,2026-05-21,North America,Temperate,2026,5,May,Thursday,Spring,21.0,14.2,16.7,6.8,10.1,10.1,0.0,heavy,True,13.7,66.0,14.64
399eb16ef0c14213cfc523a8820a357f,New York,US,2026-05-22,North America,Temperate,2026,5,May,Friday,Spring,20.3,13.0,15.7,7.3,0.0,0.0,0.0,dry,False,14.8,53.0,14.67
3d6bacbfc2d10f76f343331cb539d822,New York,US,2026-05-23,North America,Temperate,2026,5,May,Saturday,Spring,13.7,10.4,12.0,3.3,13.0,13.0,0.0,heavy,True,13.4,69.0,14.69
98ed14f2bc1f6089032c4a53da589cb9,New York,US,2026-05-24,North America,Temperate,2026,5,May,Sunday,Spring,15.4,10.3,12.6,5.1,35.3,35.3,0.0,heavy,True,15.0,92.0,14.72
5d2058168d18984c6966b8cd2287f4c9,New York,US,2026-05-25,North America,Temperate,2026,5,May,Monday,Spring,23.0,13.8,17.6,9.2,4.5,4.5,0.0,moderate,True,12.2,88.0,14.74
84fa8ac0c05b5acb7f127a7caccf6db0,New York,US,2026-05-26,North America,Temperate,2026,5,May,Tuesday,Spring,26.3,14.9,20.4,11.4,0.0,0.0,0.0,dry,False,9.2,66.0,14.77
197c2c4547a9f5bf6d5dc699a8ea83f8,New York,US,2026-05-27,North America,Temperate,2026,5,May,Wednesday,Spring,27.2,18.8,22.8,8.4,0.0,0.0,0.0,dry,False,13.5,73.0,14.79
abbb64eecebe85db35c544ced69d8544,New York,US,2026-05-28,North America,Temperate,2026,5,May,Thursday,Spring,24.6,17.9,21.6,6.7,0.0,0.0,0.0,dry,False,24.8,45.0,14.82
1a19b8aaafc052ffce972e8439f00c66,New York,US,2026-05-29,North America,Temperate,2026,5,May,Friday,Spring,27.0,14.3,20.6,12.7,0.4,0.4,0.0,light,True,16.4,42.0,14.84
b491d56655d03f61f95d509e8f5da54f,New York,US,2026-05-30,North America,Temperate,2026,5,May,Saturday,Spring,20.6,11.7,15.7,8.9,0.6,0.6,0.0,light,True,27.5,47.0,14.86
1ff67aebf784b0247eac94c64904c125,New York,US,2026-05-31,North America,Temperate,2026,5,May,Sunday,Spring,25.6,9.5,18.0,16.1,0.0,0.0,0.0,dry,False,19.7,49.0,14.88
252c9c7d41abcd2ddcf0189a54c5ad8c,New York,US,2026-06-01,North America,Temperate,2026,6,June,Monday,Summer,22.4,13.7,18.3,8.7,0.2,0.2,0.0,light,True,14.6,52.0,14.9
16427103b19a4f6cf536edfdc91dfdf2,New York,US,2026-06-02,North America,Temperate,2026,6,June,Tuesday,Summer,25.5,10.8,18.9,14.7,0.0,0.0,0.0,dry,False,17.7,50.0,14.92
2b8f0cfbcb050658f5fb3ce47b8c481c,New York,US,2026-06-03,North America,Temperate,2026,6,June,Wednesday,Summer,29.5,15.8,22.7,13.7,0.0,0.0,0.0,dry,False,13.2,35.0,14.94
d826ffcad38a19701d429248bdc6afa5,New York,US,2026-06-04,North America,Temperate,2026,6,June,Thursday,Summer,32.0,16.5,23.7,15.5,0.0,0.0,0.0,dry,False,13.3,39.0,14.96
c5c41af3a809312cc71a7a3a0d949d5d,New York,US,2026-06-05,North America,Temperate,2026,6,June,Friday,Summer,33.7,18.3,25.9,15.4,0.0,0.0,0.0,dry,False,14.1,44.0,14.97
3560e1ad31597da656b0011fab9043e3,New York,US,2026-06-06,North America,Temperate,2026,6,June,Saturday,Summer,34.3,21.0,26.8,13.3,8.7,8.7,0.0,heavy,True,20.2,51.0,14.99
2a895787260cb192cd0b348f2703cff9,New York,US,2026-06-07,North America,Temperate,2026,6,June,Sunday,Summer,29.2,19.9,24.3,9.3,0.5,0.5,0.0,light,True,18.8,59.0,15.0
7b37ee7b3e57ebcee1b45dc5f07aa4f2,New York,US,2026-06-08,North America,Temperate,2026,6,June,Monday,Summer,24.4,17.7,20.5,6.7,0.0,0.0,0.0,dry,False,19.6,50.0,15.01
07452a6d0e0f570a0a67182c729eb8ba,New York,US,2026-06-09,North America,Temperate,2026,6,June,Tuesday,Summer,27.7,14.5,21.3,13.2,0.0,0.0,0.0,dry,False,14.7,46.0,15.03
681a319d45486570a9ac5b08aea1c03f,New York,US,2026-06-10,North America,Temperate,2026,6,June,Wednesday,Summer,29.3,20.7,25.1,8.6,3.6,3.6,0.0,moderate,True,13.6,63.0,15.04
941ec0a0af8ac59d0f8b0ab77a8f79b7,New York,US,2026-06-11,North America,Temperate,2026,6,June,Thursday,Summer,35.4,22.5,28.5,12.9,2.4,2.4,0.0,light,True,20.3,66.0,15.05
ec5bc6a15f49ffdbffa5b660edca2aeb,New York,US,2026-06-12,North America,Temperate,2026,6,June,Friday,Summer,33.7,24.2,28.1,9.5,5.1,5.1,0.0,moderate,True,20.7,64.0,15.06
d1d10eef0f338242e7268a11de118a8e,New York,US,2026-06-13,North America,Temperate,2026,6,June,Saturday,Summer,32.5,21.8,27.6,10.7,0.0,0.0,0.0,dry,False,13.1,46.0,15.07
3de267010fca23d0acccfbd4c9c67232,New York,US,2026-06-14,North America,Temperate,2026,6,June,Sunday,Summer,33.4,21.8,27.2,11.6,1.4,1.4,0.0,light,True,19.6,50.0,15.07
8be55ee4a3ff4a537444f67dcfa37d03,New York,US,2026-06-15,North America,Temperate,2026,6,June,Monday,Summer,24.5,17.9,21.7,6.6,19.1,19.1,0.0,heavy,True,18.0,62.0,15.08
3138bdacb5d739fd1b8bf67ec3dde667,New York,US,2026-06-16,North America,Temperate,2026,6,June,Tuesday,Summer,26.3,14.3,19.6,12.0,0.0,0.0,0.0,dry,False,17.1,52.0,15.08
38431021ca69e61ac4f4d2fb4fd4865b,New York,US,2026-06-17,North America,Temperate,2026,6,June,Wednesday,Summer,25.8,16.9,21.1,8.9,1.3,1.3,0.0,light,True,16.3,66.0,15.09
d5c61d9016e221d6f7a45f8e311b1512,New York,US,2026-06-18,North America,Temperate,2026,6,June,Thursday,Summer,31.9,19.8,25.8,12.1,1.0,1.0,0.0,light,True,31.4,65.0,15.09
512b2028568abd4b37c42ffa83839b22,New York,US,2026-06-19,North America,Temperate,2026,6,June,Friday,Summer,29.3,21.8,25.5,7.5,0.0,0.0,0.0,dry,False,18.6,39.0,15.09
b14a9c88b8b8c3633ce7f77e8c94a482,New York,US,2026-06-20,North America,Temperate,2026,6,June,Saturday,Summer,29.4,19.3,24.4,10.1,0.0,0.0,0.0,dry,False,20.2,38.0,15.09
57071c83e2050c486dc864127099ba47,New York,US,2026-06-21,North America,Temperate,2026,6,June,Sunday,Summer,29.3,18.9,24.8,10.4,0.0,0.0,0.0,dry,False,9.8,41.0,15.09
ab9127ddc2888cb3c9fcb33f9d6583d2,New York,US,2026-06-22,North America,Temperate,2026,6,June,Monday,Summer,25.0,21.3,22.7,3.7,7.4,7.4,0.0,moderate,True,16.2,70.0,15.09
f8d2219eb839613234ae4725b0d6c702,New York,US,2026-06-23,North America,Temperate,2026,6,June,Tuesday,Summer,21.9,20.1,21.1,1.8,21.3,21.3,0.0,heavy,True,11.2,90.0,15.09
2a4388ae8483027b60289117ee4d4544,New York,US,2026-06-24,North America,Temperate,2026,6,June,Wednesday,Summer,28.1,17.8,23.0,10.3,0.0,0.0,0.0,dry,False,15.1,55.0,15.09
e30d081e47b4bd8437b1edd795abd1ba,New York,US,2026-06-25,North America,Temperate,2026,6,June,Thursday,Summer,29.0,17.7,23.5,11.3,0.1,0.1,0.0,light,True,17.6,58.0,15.09
aa9923045a130ee4820a3b7d6cebb466,New York,US,2026-06-26,North America,Temperate,2026,6,June,Friday,Summer,28.2,19.3,23.8,8.9,7.1,7.1,0.0,moderate,True,11.7,74.0,15.08
ac0d6b7b533939275c38fb794e27094a,New York,US,2026-06-27,North America,Temperate,2026,6,June,Saturday,Summer,26.2,21.1,23.1,5.1,12.2,12.2,0.0,heavy,True,7.2,80.0,15.08
e0bb32513c97ab1d3051cbdfed89e9cd,New York,US,2026-06-28,North America,Temperate,2026,6,June,Sunday,Summer,27.3,19.9,23.3,7.4,2.6,2.6,0.0,moderate,True,8.5,77.0,15.07
bdbe0cc1cae4e4b87f62f5001f0b679e,New York,US,2026-06-29,North America,Temperate,2026,6,June,Monday,Summer,31.6,19.4,25.6,12.2,0.0,0.0,0.0,dry,False,12.4,63.0,15.06
301d67e3b7738be6eaa2619b5520abe2,New York,US,2026-06-30,North America,Temperate,2026,6,June,Tuesday,Summer,34.0,22.2,28.3,11.8,1.0,1.0,0.0,light,True,14.4,51.0,15.05
e962b67d83dd1143ea97159d6f7bb5b2,New York,US,2026-07-01,North America,Temperate,2026,7,July,Wednesday,Summer,35.8,23.3,29.1,12.5,4.8,4.8,0.0,moderate,True,12.9,62.0,15.04
4faf2047d258a832d414eaf74c72721f,New York,US,2026-07-02,North America,Temperate,2026,7,July,Thursday,Summer,40.7,27.3,33.7,13.4,1.8,1.8,0.0,light,True,13.5,54.0,15.03
d1b4db2ecef000405a85d5176f72db85,New York,US,2026-07-03,North America,Temperate,2026,7,July,Friday,Summer,40.0,29.1,33.8,10.9,1.5,1.5,0.0,light,True,18.3,47.0,15.02
910801664b2cbfcd2c9bc5e5d2f7bbbb,New York,US,2026-07-04,North America,Temperate,2026,7,July,Saturday,Summer,36.0,25.1,30.6,10.9,3.4,3.4,0.0,moderate,True,14.0,56.0,15.01
6f5901e3e01fe536d2c48a26961e5921,New York,US,2026-07-05,North America,Temperate,2026,7,July,Sunday,Summer,28.7,22.1,24.8,6.6,19.3,19.3,0.0,heavy,True,11.2,83.0,14.99
6065e1e59d4428d2d0c6a0a10ac11d69,New York,US,2026-07-06,North America,Temperate,2026,7,July,Monday,Summer,22.1,19.3,20.6,2.8,51.3,51.3,0.0,heavy,True,16.2,96.0,14.98
40196565a97fd5abb4e4566f022ba17c,New York,US,2026-07-07,North America,Temperate,2026,7,July,Tuesday,Summer,22.6,18.1,20.4,4.5,1.2,1.2,0.0,light,True,14.5,84.0,14.96
bae78d5ad8d6d2176b85c7c02d2f1f26,New York,US,2026-07-08,North America,Temperate,2026,7,July,Wednesday,Summer,29.8,18.1,23.2,11.7,0.0,0.0,0.0,dry,False,9.9,73.0,14.94
72b7bfd91686e9bb32c3f277313d622c,New York,US,2026-07-09,North America,Temperate,2026,7,July,Thursday,Summer,29.9,20.7,24.4,9.2,7.2,7.2,0.0,moderate,True,11.6,84.0,14.93
eba87a397e59a7721846db8183b36edb,New York,US,2026-07-10,North America,Temperate,2026,7,July,Friday,Summer,29.7,22.8,25.8,6.9,1.0,1.0,0.0,light,True,12.1,79.0,14.91
8a4f6e02e297e9cdfbe2e86df4ac2c0b,New York,US,2026-07-11,North America,Temperate,2026,7,July,Saturday,Summer,28.0,22.0,24.6,6.0,12.4,12.4,0.0,heavy,True,10.0,78.0,14.89
20079b0f547187ab363db71ad53d60f1,New York,US,2026-07-12,North America,Temperate,2026,7,July,Sunday,Summer,29.6,19.8,24.5,9.8,0.2,0.2,0.0,light,True,11.6,61.0,14.87
fbe4a873ad6d7052c42f3e9e93215fa4,New York,US,2026-07-13,North America,Temperate,2026,7,July,Monday,Summer,29.9,19.6,25.1,10.3,0.3,0.3,0.0,light,True,13.9,57.0,14.85
abdb63b29272a926943aa3298d92a80a,New York,US,2026-07-14,North America,Temperate,2026,7,July,Tuesday,Summer,34.2,21.4,28.3,12.8,0.0,0.0,0.0,dry,False,18.7,53.0,14.83
7a52ee31d938ed22a26c6c947f45dc13,New York,US,2026-07-15,North America,Temperate,2026,7,July,Wednesday,Summer,36.9,25.5,30.2,11.4,0.7,0.7,0.0,light,True,19.3,56.0,14.8
96d7db604788f77a9b1d5d477b5f0c8f,New York,US,2026-07-16,North America,Temperate,2026,7,July,Thursday,Summer,33.2,23.5,27.9,9.7,0.4,0.4,0.0,light,True,19.6,54.0,14.78
fc0fb2d866f5129cffa25b56f769e8fb,New York,US,2026-07-17,North America,Temperate,2026,7,July,Friday,Summer,31.3,21.7,26.6,9.6,0.0,0.0,0.0,dry,False,12.3,45.0,14.76
6a39c3ae91f75fc082b02b2648f8b1b8,New York,US,2026-07-18,North America,Temperate,2026,7,July,Saturday,Summer,27.0,21.8,23.6,5.2,29.5,29.5,0.0,heavy,True,18.1,81.0,14.73
2b03b59e3907cc9438da2b3d107f722d,New York,US,2026-07-19,North America,Temperate,2026,7,July,Sunday,Summer,26.9,21.8,24.1,5.1,1.9,1.9,0.0,light,True,16.9,62.0,14.71
da6fb0d240bc3b2c477729ce2f767b7e,New York,US,2026-07-20,North America,Temperate,2026,7,July,Monday,Summer,29.1,16.8,23.1,12.3,0.0,0.0,0.0,dry,False,12.6,49.0,14.68
9f12dc68ba47ba66be9bdeaa20f398a3,New York,US,2026-07-21,North America,Temperate,2026,7,July,Tuesday,Summer,28.2,21.5,24.0,6.7,20.9,20.9,0.0,heavy,True,21.9,82.0,14.65
11f3d7d22d5476937dbb258643558c23,New York,US,2026-07-22,North America,Temperate,2026,7,July,Wednesday,Summer,30.0,22.1,25.6,7.9,0.4,0.4,0.0,light,True,16.0,68.0,14.63
a52bdbe9525beaccc8e8b0e1610920c1,Tokyo,JP,2025-07-23,Asia,Subtropical,2025,7,July,Wednesday,Summer,34.7,26.1,30.1,8.6,0.1,0.1,0.0,light,True,9.5,69.0,14.17
4d43380c02d174f529752b1bff572ec0,Tokyo,JP,2025-07-24,Asia,Subtropical,2025,7,July,Thursday,Summer,34.8,25.9,30.4,8.9,0.3,0.3,0.0,light,True,10.4,68.0,14.15
773a4204664b9b9254be0df2a23c4d61,Tokyo,JP,2025-07-25,Asia,Subtropical,2025,7,July,Friday,Summer,35.9,26.6,31.0,9.3,0.5,0.5,0.0,light,True,12.1,66.0,14.13
6229fce284311f72a02700c14281e3d0,Tokyo,JP,2025-07-26,Asia,Subtropical,2025,7,July,Saturday,Summer,35.7,26.8,30.9,8.9,0.0,0.0,0.0,dry,False,13.5,63.0,14.1
116c061634f4a16dd7779ecd56d05e9f,Tokyo,JP,2025-07-27,Asia,Subtropical,2025,7,July,Sunday,Summer,35.3,26.6,30.4,8.7,0.0,0.0,0.0,dry,False,14.4,65.0,14.08
14cc933e944f98887af52fd640a0b975,Tokyo,JP,2025-07-28,Asia,Subtropical,2025,7,July,Monday,Summer,34.8,25.8,30.4,9.0,0.1,0.1,0.0,light,True,11.9,65.0,14.05
bee4863506180a5970b8d1ab0a90cdf5,Tokyo,JP,2025-07-29,Asia,Subtropical,2025,7,July,Tuesday,Summer,37.4,25.3,30.2,12.1,0.0,0.0,0.0,dry,False,16.1,64.0,14.03
6116dc4abe574f6da8c7705da098ba37,Tokyo,JP,2025-07-30,Asia,Subtropical,2025,7,July,Wednesday,Summer,34.9,25.5,29.5,9.4,0.0,0.0,0.0,dry,False,13.5,62.0,14.0
7d69d0048f56f14134a3a34e373030cc,Tokyo,JP,2025-07-31,Asia,Subtropical,2025,7,July,Thursday,Summer,33.1,24.7,28.4,8.4,0.0,0.0,0.0,dry,False,13.8,65.0,13.97
39c06eae88bee9d257f757745a62512e,Tokyo,JP,2025-08-01,Asia,Subtropical,2025,8,August,Friday,Summer,30.8,23.9,26.9,6.9,3.5,3.5,0.0,moderate,True,21.0,75.0,13.94
2c52a321213d6acb60662503eb45df91,Tokyo,JP,2025-08-02,Asia,Subtropical,2025,8,August,Saturday,Summer,34.0,26.1,29.3,7.9,5.6,5.6,0.0,moderate,True,23.4,78.0,13.92
074293f0ea38c886f622daa2570f5cbb,Tokyo,JP,2025-08-03,Asia,Subtropical,2025,8,August,Sunday,Summer,34.3,26.2,29.6,8.1,1.2,1.2,0.0,light,True,9.7,79.0,13.89
a513f8b7124172cff9f3c58e1d53d523,Tokyo,JP,2025-08-04,Asia,Subtropical,2025,8,August,Monday,Summer,35.8,26.9,31.0,8.9,0.0,0.0,0.0,dry,False,16.6,68.0,13.86
a0303987ebe94c9e70e7b457d977e11a,Tokyo,JP,2025-08-05,Asia,Subtropical,2025,8,August,Tuesday,Summer,38.5,27.4,32.9,11.1,0.0,0.0,0.0,dry,False,10.6,59.0,13.83
cf62501317564c6fb6c0e9ed771ee797,Tokyo,JP,2025-08-06,Asia,Subtropical,2025,8,August,Wednesday,Summer,37.4,29.6,33.0,7.8,0.0,0.0,0.0,dry,False,9.2,61.0,13.8
98adc445a9a8cb6758df82b22f02203f,Tokyo,JP,2025-08-07,Asia,Subtropical,2025,8,August,Thursday,Summer,34.4,27.8,30.5,6.6,1.0,1.0,0.0,light,True,10.1,67.0,13.77
a3d20088a7a3b028810fd83b0cd834e9,Tokyo,JP,2025-08-08,Asia,Subtropical,2025,8,August,Friday,Summer,36.4,25.2,29.9,11.2,1.6,1.6,0.0,light,True,10.6,59.0,13.74
736395e62682e0abb0bd365b4574bb7a,Tokyo,JP,2025-08-09,Asia,Subtropical,2025,8,August,Saturday,Summer,31.7,24.2,27.9,7.5,0.2,0.2,0.0,light,True,9.8,69.0,13.71
ca7bc7868c835b7bc6e123ffb3168787,Tokyo,JP,2025-08-10,Asia,Subtropical,2025,8,August,Sunday,Summer,29.0,24.5,26.8,4.5,9.9,9.9,0.0,heavy,True,23.3,83.0,13.68
4dc5b32e0bb82aa5837460a32a262193,Tokyo,JP,2025-08-11,Asia,Subtropical,2025,8,August,Monday,Summer,28.5,25.6,27.1,2.9,15.4,15.4,0.0,heavy,True,25.0,82.0,13.64
5d49fd44589e8f5bc0cf25b18ed79bd4,Tokyo,JP,2025-08-12,Asia,Subtropical,2025,8,August,Tuesday,Summer,29.3,26.4,27.7,2.9,2.9,2.9,0.0,moderate,True,22.1,83.0,13.61
09bd3b7f39b2195f9c8756894099d8b6,Tokyo,JP,2025-08-13,Asia,Subtropical,2025,8,August,Wednesday,Summer,30.6,24.7,27.5,5.9,0.5,0.5,0.0,light,True,8.5,81.0,13.58
b99812c9494ce781c18925323b8255e2,Tokyo,JP,2025-08-14,Asia,Subtropical,2025,8,August,Thursday,Summer,30.9,23.3,26.7,7.6,0.0,0.0,0.0,dry,False,9.7,76.0,13.55
ade1f8450933faa424a53c95787ffa86,Tokyo,JP,2025-08-15,Asia,Subtropical,2025,8,August,Friday,Summer,33.6,24.4,28.6,9.2,0.0,0.0,0.0,dry,False,12.2,72.0,13.52
051d958412f0d757dd818764fda9f252,Tokyo,JP,2025-08-16,Asia,Subtropical,2025,8,August,Saturday,Summer,33.9,25.6,29.2,8.3,0.2,0.2,0.0,light,True,14.1,72.0,13.49
4a5ead4c7ed9778677adfbeecd94f24c,Tokyo,JP,2025-08-17,Asia,Subtropical,2025,8,August,Sunday,Summer,36.0,25.8,30.6,10.2,0.1,0.1,0.0,light,True,9.8,66.0,13.45
b148cbd97d5f66b895fc2419533ae420,Tokyo,JP,2025-08-18,Asia,Subtropical,2025,8,August,Monday,Summer,37.9,28.1,31.8,9.8,0.5,0.5,0.0,light,True,11.5,59.0,13.42
33d39b7aaeabb7cef9e571a265ee258d,Tokyo,JP,2025-08-19,Asia,Subtropical,2025,8,August,Tuesday,Summer,36.0,26.1,30.8,9.9,0.0,0.0,0.0,dry,False,10.2,69.0,13.39
74b3a5ff4fc2cb1a76d194112ca988e7,Tokyo,JP,2025-08-20,Asia,Subtropical,2025,8,August,Wednesday,Summer,36.0,27.1,31.4,8.9,0.6,0.6,0.0,light,True,10.4,64.0,13.35
cb641479ddb25f0421655b9a748508f9,Tokyo,JP,2025-08-21,Asia,Subtropical,2025,8,August,Thursday,Summer,37.9,28.3,32.0,9.6,2.4,2.4,0.0,light,True,10.1,57.0,13.32
425715511e6feb5ad9a8a812925f937f,Tokyo,JP,2025-08-22,Asia,Subtropical,2025,8,August,Friday,Summer,35.9,26.2,30.4,9.7,1.0,1.0,0.0,light,True,8.5,65.0,13.28
0f600a57e512a907e682412fd1bbdb9d,Tokyo,JP,2025-08-23,Asia,Subtropical,2025,8,August,Saturday,Summer,36.3,27.2,31.5,9.1,0.0,0.0,0.0,dry,False,11.9,66.0,13.25
9b3995d8c7a54e1719a27efd7b9a2a24,Tokyo,JP,2025-08-24,Asia,Subtropical,2025,8,August,Sunday,Summer,37.2,27.8,32.0,9.4,0.5,0.5,0.0,light,True,10.9,64.0,13.21
2638b47a2116ed45b943b184b4c4bd83,Tokyo,JP,2025-08-25,Asia,Subtropical,2025,8,August,Monday,Summer,36.8,27.2,31.1,9.6,0.3,0.3,0.0,light,True,15.6,65.0,13.18
5a33bbf94effd54e03c978bc7f02ad5c,Tokyo,JP,2025-08-26,Asia,Subtropical,2025,8,August,Tuesday,Summer,35.2,27.4,30.8,7.8,0.4,0.4,0.0,light,True,15.0,66.0,13.14
6471bc85083c966b413298a9d5e8048c,Tokyo,JP,2025-08-27,Asia,Subtropical,2025,8,August,Wednesday,Summer,36.5,26.9,31.5,9.6,0.0,0.0,0.0,dry,False,14.0,62.0,13.11
50b819fcf1c006676ccfb65759aec3f7,Tokyo,JP,2025-08-28,Asia,Subtropical,2025,8,August,Thursday,Summer,33.0,27.1,29.6,5.9,0.0,0.0,0.0,dry,False,14.3,59.0,13.07
1b924bf0d5516acd3f86f96a23c3e167,Tokyo,JP,2025-08-29,Asia,Subtropical,2025,8,August,Friday,Summer,34.1,25.1,29.3,9.0,0.0,0.0,0.0,dry,False,12.4,65.0,13.04
eb354e1b0c0c9c1323f45bd694473695,Tokyo,JP,2025-08-30,Asia,Subtropical,2025,8,August,Saturday,Summer,38.8,26.7,32.1,12.1,0.0,0.0,0.0,dry,False,13.2,59.0,13.0
8da5b50d90c3af4886e148722322d131,Tokyo,JP,2025-08-31,Asia,Subtropical,2025,8,August,Sunday,Summer,36.9,28.2,31.6,8.7,0.0,0.0,0.0,dry,False,13.9,63.0,12.97
604ae98b6eafca0f40ce0fe2bfbfdc17,Tokyo,JP,2025-09-01,Asia,Subtropical,2025,9,September,Monday,Autumn,35.8,27.7,30.9,8.1,0.0,0.0,0.0,dry,False,14.9,66.0,12.93
f96324fa848359ed543d892a889dc421,Tokyo,JP,2025-09-02,Asia,Subtropical,2025,9,September,Tuesday,Autumn,36.6,27.1,31.3,9.5,0.0,0.0,0.0,dry,False,13.8,62.0,12.9
09d9b745ddb67d3785b505ae2ff882f0,Tokyo,JP,2025-09-03,Asia,Subtropical,2025,9,September,Wednesday,Autumn,36.5,28.0,31.8,8.5,0.4,0.4,0.0,light,True,9.5,60.0,12.86
ef57b47301f82cf4a11e9ca4ff0c5174,Tokyo,JP,2025-09-04,Asia,Subtropical,2025,9,September,Thursday,Autumn,29.1,25.2,26.8,3.9,6.3,6.3,0.0,moderate,True,14.5,80.0,12.82
fcc806712bea4320de051be62f1ece18,Tokyo,JP,2025-09-05,Asia,Subtropical,2025,9,September,Friday,Autumn,25.7,23.6,24.9,2.1,77.9,77.9,0.0,heavy,True,19.2,91.0,12.79
d811a3989084dc088d3c8e9b71b3c334,Tokyo,JP,2025-09-06,Asia,Subtropical,2025,9,September,Saturday,Autumn,30.0,23.3,26.4,6.7,0.0,0.0,0.0,dry,False,10.5,76.0,12.75
2255f6a736e509449c570914cb92b536,Tokyo,JP,2025-09-07,Asia,Subtropical,2025,9,September,Sunday,Autumn,30.7,23.9,26.9,6.8,0.0,0.0,0.0,dry,False,10.5,77.0,12.72
e6b7a78595fd7657a0aba8bdc86958f5,Tokyo,JP,2025-09-08,Asia,Subtropical,2025,9,September,Monday,Autumn,33.1,23.9,28.4,9.2,1.1,1.1,0.0,light,True,9.5,80.0,12.68
bf13415629683f910742069b2b20b9c3,Tokyo,JP,2025-09-09,Asia,Subtropical,2025,9,September,Tuesday,Autumn,32.6,25.9,28.7,6.7,0.6,0.6,0.0,light,True,9.5,79.0,12.64
c74853c8f2faf98cad4f6705c89994c2,Tokyo,JP,2025-09-10,Asia,Subtropical,2025,9,September,Wednesday,Autumn,33.1,25.5,28.3,7.6,4.1,4.1,0.0,moderate,True,10.5,80.0,12.61
7c6211813ae3a7b3c3a9254316c74457,Tokyo,JP,2025-09-11,Asia,Subtropical,2025,9,September,Thursday,Autumn,31.9,23.5,26.6,8.4,26.0,26.0,0.0,heavy,True,10.3,82.0,12.57
23d2d612899b59fb19ad89f95be7faf0,Tokyo,JP,2025-09-12,Asia,Subtropical,2025,9,September,Friday,Autumn,28.6,22.4,24.4,6.2,19.4,19.4,0.0,heavy,True,9.0,87.0,12.53
ccc466d1867173bbd33d9a666b93a7b0,Tokyo,JP,2025-09-13,Asia,Subtropical,2025,9,September,Saturday,Autumn,28.5,22.8,25.5,5.7,13.9,13.9,0.0,heavy,True,17.4,87.0,12.49
a9ec0677ded66cf083f4f01470ea2a78,Tokyo,JP,2025-09-14,Asia,Subtropical,2025,9,September,Sunday,Autumn,31.5,26.1,28.6,5.4,0.0,0.0,0.0,dry,False,16.5,78.0,12.46
7e31113ff675b1357644a8472e932581,Tokyo,JP,2025-09-15,Asia,Subtropical,2025,9,September,Monday,Autumn,30.3,24.6,27.3,5.7,0.1,0.1,0.0,light,True,7.9,78.0,12.42
0ee1ab550424e0d008a3de14be77bcea,Tokyo,JP,2025-09-16,Asia,Subtropical,2025,9,September,Tuesday,Autumn,31.8,24.3,27.8,7.5,4.9,4.9,0.0,moderate,True,13.1,81.0,12.38
dd195399d0446eeed01e8ac4bd003781,Tokyo,JP,2025-09-17,Asia,Subtropical,2025,9,September,Wednesday,Autumn,33.8,24.9,29.4,8.9,0.0,0.0,0.0,dry,False,10.1,75.0,12.35
8a48e574cf7017b86a80957fe5e3cd25,Tokyo,JP,2025-09-18,Asia,Subtropical,2025,9,September,Thursday,Autumn,36.5,23.9,29.1,12.6,7.8,7.8,0.0,heavy,True,12.2,69.0,12.31
8576b195e75317b81cf9e2a71e57a855,Tokyo,JP,2025-09-19,Asia,Subtropical,2025,9,September,Friday,Autumn,24.5,20.6,22.5,3.9,16.7,16.7,0.0,heavy,True,11.8,78.0,12.27
a97ac9e4c8631a7d44913cdd9fd79ad8,Tokyo,JP,2025-09-20,Asia,Subtropical,2025,9,September,Saturday,Autumn,28.1,20.8,24.1,7.3,1.9,1.9,0.0,light,True,16.2,82.0,12.23
3af8415bf11c5c41ac27cf38ca0358f7,Tokyo,JP,2025-09-21,Asia,Subtropical,2025,9,September,Sunday,Autumn,29.5,20.4,25.2,9.1,17.4,17.4,0.0,heavy,True,17.0,74.0,12.2
a670e06ac2c84fdcb52cc8bb7944b403,Tokyo,JP,2025-09-22,Asia,Subtropical,2025,9,September,Monday,Autumn,25.5,19.4,21.8,6.1,0.6,0.6,0.0,light,True,12.1,67.0,12.16
ab95f037a4cad3a4c88de102bda43eb8,Tokyo,JP,2025-09-23,Asia,Subtropical,2025,9,September,Tuesday,Autumn,24.2,17.1,20.6,7.1,0.0,0.0,0.0,dry,False,10.1,67.0,12.12
47a7292097fb1b407252796b0a6d3644,Tokyo,JP,2025-09-24,Asia,Subtropical,2025,9,September,Wednesday,Autumn,26.4,17.0,21.4,9.4,0.0,0.0,0.0,dry,False,10.2,65.0,12.09
0e36e084bca6db881862a81e98b8f020,Tokyo,JP,2025-09-25,Asia,Subtropical,2025,9,September,Thursday,Autumn,28.3,18.1,23.3,10.2,0.0,0.0,0.0,dry,False,10.8,67.0,12.05
a65ada2183f72e250fe9493955ba9c5e,Tokyo,JP,2025-09-26,Asia,Subtropical,2025,9,September,Friday,Autumn,32.2,21.8,26.1,10.4,4.6,4.6,0.0,moderate,True,9.3,70.0,12.01
5a2ef0f938d147d6290711bebaf98e34,Tokyo,JP,2025-09-27,Asia,Subtropical,2025,9,September,Saturday,Autumn,27.5,21.4,23.8,6.1,15.7,15.7,0.0,heavy,True,9.0,75.0,11.98
8d337b6650db6a69733290e41e59b5f5,Tokyo,JP,2025-09-28,Asia,Subtropical,2025,9,September,Sunday,Autumn,28.0,20.8,24.4,7.2,0.9,0.9,0.0,light,True,17.1,68.0,11.94
76ce68c2a04edf60da270f54ef5a9872,Tokyo,JP,2025-09-29,Asia,Subtropical,2025,9,September,Monday,Autumn,32.0,23.7,27.3,8.3,0.4,0.4,0.0,light,True,16.8,62.0,11.9
8023a2825dadef7b8e862cbe1267716d,Tokyo,JP,2025-09-30,Asia,Subtropical,2025,9,September,Tuesday,Autumn,28.0,20.4,23.7,7.6,7.4,7.4,0.0,moderate,True,12.0,65.0,11.86
a5afc7bb75990cdf37c0568d585ab935,Tokyo,JP,2025-10-01,Asia,Subtropical,2025,10,October,Wednesday,Autumn,21.9,18.6,20.4,3.3,26.7,26.7,0.0,heavy,True,9.7,87.0,11.83
f9176dbc9bf5cda3200f1b7be685cef1,Tokyo,JP,2025-10-02,Asia,Subtropical,2025,10,October,Thursday,Autumn,26.4,16.6,21.5,9.8,0.0,0.0,0.0,dry,False,6.3,79.0,11.79
8e32d0eddf6205bae3128b5f3d48e79b,Tokyo,JP,2025-10-03,Asia,Subtropical,2025,10,October,Friday,Autumn,24.6,18.4,21.6,6.2,0.0,0.0,0.0,dry,False,7.8,76.0,11.75
606d8414c0c409159d42c4bb0527e23f,Tokyo,JP,2025-10-04,Asia,Subtropical,2025,10,October,Saturday,Autumn,24.2,19.7,21.6,4.5,2.7,2.7,0.0,moderate,True,7.2,86.0,11.71
5b9725aec18290493f6eafda4e49b1c4,Tokyo,JP,2025-10-05,Asia,Subtropical,2025,10,October,Sunday,Autumn,27.8,19.5,23.6,8.3,0.3,0.3,0.0,light,True,8.9,84.0,11.68
36928724e673f0b9c6fe7c756e2ecf5d,Tokyo,JP,2025-10-06,Asia,Subtropical,2025,10,October,Monday,Autumn,29.0,20.9,23.8,8.1,0.4,0.4,0.0,light,True,17.1,79.0,11.64
06214f017ce697da31fcad3ff84a58dc,Tokyo,JP,2025-10-07,Asia,Subtropical,2025,10,October,Tuesday,Autumn,24.1,19.3,21.4,4.8,0.0,0.0,0.0,dry,False,13.1,70.0,11.6
448e321a4331c04af382e6c3bb2c9e65,Tokyo,JP,2025-10-08,Asia,Subtropical,2025,10,October,Wednesday,Autumn,28.2,18.6,23.2,9.6,0.0,0.0,0.0,dry,False,9.4,69.0,11.56
51bd36bdd19c1cf648d6b99c9655e149,Tokyo,JP,2025-10-09,Asia,Subtropical,2025,10,October,Thursday,Autumn,23.7,17.5,21.4,6.2,0.0,0.0,0.0,dry,False,23.1,64.0,11.53
d28018e221bca4f6ad95c7959fc0fb86,Tokyo,JP,2025-10-10,Asia,Subtropical,2025,10,October,Friday,Autumn,24.0,16.2,19.9,7.8,0.0,0.0,0.0,dry,False,9.0,58.0,11.49
15f5f4caa719ad00dc3dcf4b604f5a84,Tokyo,JP,2025-10-11,Asia,Subtropical,2025,10,October,Saturday,Autumn,19.0,16.1,17.6,2.9,4.1,4.1,0.0,moderate,True,10.9,84.0,11.45
fa3ea92492a38f7b33d17273d3d06b85,Tokyo,JP,2025-10-12,Asia,Subtropical,2025,10,October,Sunday,Autumn,24.4,15.5,19.5,8.9,0.0,0.0,0.0,dry,False,7.4,85.0,11.42
1f7f3624d3005489d1a0740395a7a88b,Tokyo,JP,2025-10-13,Asia,Subtropical,2025,10,October,Monday,Autumn,25.9,19.0,21.4,6.9,0.1,0.1,0.0,light,True,18.4,83.0,11.38
3be56de2067cc48a05ef2da716ea513f,Tokyo,JP,2025-10-14,Asia,Subtropical,2025,10,October,Tuesday,Autumn,20.7,16.7,18.5,4.0,0.4,0.4,0.0,light,True,10.4,76.0,11.35
630ccb52b748a263fcc24cdfeaac766e,Tokyo,JP,2025-10-15,Asia,Subtropical,2025,10,October,Wednesday,Autumn,19.9,15.2,17.4,4.7,4.3,4.3,0.0,moderate,True,12.7,87.0,11.31
70b3e232f2033ba90b225d7f79c8d981,Tokyo,JP,2025-10-16,Asia,Subtropical,2025,10,October,Thursday,Autumn,22.9,16.3,18.6,6.6,12.8,12.8,0.0,heavy,True,13.3,89.0,11.28
4c0664fb651884605ca42a1bc4d51e5e,Tokyo,JP,2025-10-17,Asia,Subtropical,2025,10,October,Friday,Autumn,23.3,16.6,19.5,6.7,5.3,5.3,0.0,moderate,True,11.2,79.0,11.24
e0fb30ed3b70eb7f16531c0b2b4048ec,Tokyo,JP,2025-10-18,Asia,Subtropical,2025,10,October,Saturday,Autumn,24.8,14.5,20.0,10.3,0.0,0.0,0.0,dry,False,16.2,83.0,11.2
753df8b89eeec5186a6346cea8b32c86,Tokyo,JP,2025-10-19,Asia,Subtropical,2025,10,October,Sunday,Autumn,24.4,15.9,20.1,8.5,3.0,3.0,0.0,moderate,True,12.7,77.0,11.17
5e84486d4e5802d4ca9744e0a59c8e27,Tokyo,JP,2025-10-20,Asia,Subtropical,2025,10,October,Monday,Autumn,20.7,15.0,17.4,5.7,5.0,5.0,0.0,moderate,True,9.4,87.0,11.13
12a76155b8ff0ced95cb70bcbd6c419c,Tokyo,JP,2025-10-21,Asia,Subtropical,2025,10,October,Tuesday,Autumn,16.3,13.7,14.7,2.6,3.0,3.0,0.0,moderate,True,9.0,74.0,11.1
35b39c257c3cd4ad6f5ac3624d525573,Tokyo,JP,2025-10-22,Asia,Subtropical,2025,10,October,Wednesday,Autumn,14.2,11.4,12.3,2.8,14.7,14.7,0.0,heavy,True,10.5,86.0,11.06
bc2acd654ee53134f8d9d6be7697cc8c,Tokyo,JP,2025-10-23,Asia,Subtropical,2025,10,October,Thursday,Autumn,17.6,11.3,13.5,6.3,0.2,0.2,0.0,light,True,11.5,76.0,11.03
a1b3fd16373383d575ea58985586d55e,Tokyo,JP,2025-10-24,Asia,Subtropical,2025,10,October,Friday,Autumn,16.5,10.6,13.0,5.9,2.8,2.8,0.0,moderate,True,10.4,79.0,10.99
e8fae527a56aa55d31393558f7ebf19b,Tokyo,JP,2025-10-25,Asia,Subtropical,2025,10,October,Saturday,Autumn,13.4,12.1,12.7,1.3,4.3,4.3,0.0,moderate,True,11.4,90.0,10.96
8247f725d5b88930e61aecee98323a5c,Tokyo,JP,2025-10-26,Asia,Subtropical,2025,10,October,Sunday,Autumn,18.0,13.0,15.4,5.0,22.0,22.0,0.0,heavy,True,11.3,93.0,10.92
c7d51201a288fa851ec89dde244577e0,Tokyo,JP,2025-10-27,Asia,Subtropical,2025,10,October,Monday,Autumn,21.2,14.0,17.4,7.2,0.4,0.4,0.0,light,True,12.7,77.0,10.89
1488bc582d5eb1e3106e3bf58ed99990,Tokyo,JP,2025-10-28,Asia,Subtropical,2025,10,October,Tuesday,Autumn,19.6,12.6,15.5,7.0,0.0,0.0,0.0,dry,False,14.3,57.0,10.85
22692829e7512d5e74136514f75dbbdc,Tokyo,JP,2025-10-29,Asia,Subtropical,2025,10,October,Wednesday,Autumn,15.7,11.2,12.9,4.5,0.0,0.0,0.0,dry,False,16.2,60.0,10.82
3d728239eeafc430c98fa9f4a7f9575a,Tokyo,JP,2025-10-30,Asia,Subtropical,2025,10,October,Thursday,Autumn,17.3,7.9,12.6,9.4,0.0,0.0,0.0,dry,False,12.9,70.0,10.78
252e4ef002562df73a4bc792b31f2b81,Tokyo,JP,2025-10-31,Asia,Subtropical,2025,10,October,Friday,Autumn,17.0,11.3,14.0,5.7,47.6,47.6,0.0,heavy,True,19.0,83.0,10.75
401af6333671ca3fb4c7755df2e6d33f,Tokyo,JP,2025-11-01,Asia,Subtropical,2025,11,November,Saturday,Autumn,20.9,10.8,16.2,10.1,1.2,1.2,0.0,light,True,13.3,85.0,10.72
6c2819dbb6876d7e1fdb25887d0dd669,Tokyo,JP,2025-11-02,Asia,Subtropical,2025,11,November,Sunday,Autumn,18.9,11.2,14.8,7.7,0.0,0.0,0.0,dry,False,7.1,79.0,10.69
99f11d475e4403dd837cfd9c3592d326,Tokyo,JP,2025-11-03,Asia,Subtropical,2025,11,November,Monday,Autumn,18.1,10.2,13.3,7.9,0.0,0.0,0.0,dry,False,21.2,69.0,10.65
29e3e7aee00ee880ea2585806ac5757a,Tokyo,JP,2025-11-04,Asia,Subtropical,2025,11,November,Tuesday,Autumn,15.6,7.6,11.5,8.0,0.0,0.0,0.0,dry,False,10.7,67.0,10.62
caaf62ae7a61e2f041701fc023d10839,Tokyo,JP,2025-11-05,Asia,Subtropical,2025,11,November,Wednesday,Autumn,14.8,8.3,11.6,6.5,0.0,0.0,0.0,dry,False,9.0,76.0,10.59
4a97972ae6575c6e2182fe93eb54a6c1,Tokyo,JP,2025-11-06,Asia,Subtropical,2025,11,November,Thursday,Autumn,17.9,11.2,14.3,6.7,2.5,2.5,0.0,light,True,14.2,73.0,10.56
51c37dd739cd99d9ace756b4cec97272,Tokyo,JP,2025-11-07,Asia,Subtropical,2025,11,November,Friday,Autumn,19.5,10.9,14.6,8.6,0.0,0.0,0.0,dry,False,19.4,56.0,10.53
5aad5b57e8db200a0f74378596f11587,Tokyo,JP,2025-11-08,Asia,Subtropical,2025,11,November,Saturday,Autumn,15.9,10.4,12.8,5.5,0.0,0.0,0.0,dry,False,17.0,62.0,10.5
c21552029b836455170d8b35b6a53b43,Tokyo,JP,2025-11-09,Asia,Subtropical,2025,11,November,Sunday,Autumn,13.0,10.1,11.5,2.9,9.2,9.2,0.0,heavy,True,10.4,90.0,10.47
fe24c4ab42f709b342ae712ef20d70ba,Tokyo,JP,2025-11-10,Asia,Subtropical,2025,11,November,Monday,Autumn,18.2,10.5,13.4,7.7,1.9,1.9,0.0,light,True,19.0,70.0,10.44
89464ddb8cb31b1b7bc3281586295a4f,Tokyo,JP,2025-11-11,Asia,Subtropical,2025,11,November,Tuesday,Autumn,14.7,9.5,11.7,5.2,0.0,0.0,0.0,dry,False,16.3,57.0,10.41
5dbf271b7f004c295c96998472311a0b,Tokyo,JP,2025-11-12,Asia,Subtropical,2025,11,November,Wednesday,Autumn,14.4,7.4,10.8,7.0,0.0,0.0,0.0,dry,False,13.8,62.0,10.38
fb8ca1b31bebf10605863552e23181ed,Tokyo,JP,2025-11-13,Asia,Subtropical,2025,11,November,Thursday,Autumn,12.8,7.5,10.0,5.3,0.0,0.0,0.0,dry,False,8.7,77.0,10.35
826c71e1934d8129a8c21b6fb3fecc4d,Tokyo,JP,2025-11-14,Asia,Subtropical,2025,11,November,Friday,Autumn,18.5,10.4,13.9,8.1,0.0,0.0,0.0,dry,False,10.7,66.0,10.32
824354c3a3478ed9b114f6bf11ceda72,Tokyo,JP,2025-11-15,Asia,Subtropical,2025,11,November,Saturday,Autumn,16.4,10.3,12.7,6.1,0.0,0.0,0.0,dry,False,8.5,70.0,10.29
c86b32c0a495e3f9b01ec0f7a6596ff3,Tokyo,JP,2025-11-16,Asia,Subtropical,2025,11,November,Sunday,Autumn,16.4,7.6,12.1,8.8,0.0,0.0,0.0,dry,False,7.3,78.0,10.26
956010cc1ab3a094991ab1a972259917,Tokyo,JP,2025-11-17,Asia,Subtropical,2025,11,November,Monday,Autumn,20.9,9.3,14.8,11.6,0.0,0.0,0.0,dry,False,13.0,71.0,10.24
430b0b2b11f094001b2ff5af205aa233,Tokyo,JP,2025-11-18,Asia,Subtropical,2025,11,November,Tuesday,Autumn,14.0,7.2,11.3,6.8,0.7,0.7,0.0,light,True,14.5,59.0,10.21
eec83398db928ad34b3f61990ab677c5,Tokyo,JP,2025-11-19,Asia,Subtropical,2025,11,November,Wednesday,Autumn,13.0,4.9,8.5,8.1,0.0,0.0,0.0,dry,False,9.3,59.0,10.19
443debd4ef7524139d911cab792276ab,Tokyo,JP,2025-11-20,Asia,Subtropical,2025,11,November,Thursday,Autumn,13.6,5.9,9.0,7.7,0.0,0.0,0.0,dry,False,8.4,64.0,10.16
cad19bda26843eec981c8238a62fc533,Tokyo,JP,2025-11-21,Asia,Subtropical,2025,11,November,Friday,Autumn,16.0,4.5,10.2,11.5,0.0,0.0,0.0,dry,False,11.1,71.0,10.14
224386c339b6b657501aa191a665c740,Tokyo,JP,2025-11-22,Asia,Subtropical,2025,11,November,Saturday,Autumn,16.2,6.9,11.8,9.3,0.0,0.0,0.0,dry,False,11.1,64.0,10.11
942cd827c62bae0d3764163d46b858e0,Tokyo,JP,2025-11-23,Asia,Subtropical,2025,11,November,Sunday,Autumn,15.1,9.1,11.6,6.0,0.2,0.2,0.0,light,True,9.0,71.0,10.09
fa3e70544203ced3afd027b58308348a,Tokyo,JP,2025-11-24,Asia,Subtropical,2025,11,November,Monday,Autumn,17.6,6.9,12.0,10.7,0.0,0.0,0.0,dry,False,6.6,77.0,10.07
396adf12903a7c224ce8c55453810183,Tokyo,JP,2025-11-25,Asia,Subtropical,2025,11,November,Tuesday,Autumn,11.4,7.0,9.5,4.4,7.1,7.1,0.0,moderate,True,7.3,85.0,10.05
7c9ecf678fe966fcbdd1d5eb71a0b1e2,Tokyo,JP,2025-11-26,Asia,Subtropical,2025,11,November,Wednesday,Autumn,17.4,4.3,10.5,13.1,0.1,0.1,0.0,light,True,19.3,71.0,10.02
936ab3dc307d5485ff42268c92422860,Tokyo,JP,2025-11-27,Asia,Subtropical,2025,11,November,Thursday,Autumn,15.4,6.2,11.0,9.2,0.0,0.0,0.0,dry,False,8.1,77.0,10.0
be2558f6b8be6b237b1763a24f3bfe0c,Tokyo,JP,2025-11-28,Asia,Subtropical,2025,11,November,Friday,Autumn,19.2,7.4,12.8,11.8,0.1,0.1,0.0,light,True,19.0,64.0,9.98
cc615d345894ca1949605740da8c0e24,Tokyo,JP,2025-11-29,Asia,Subtropical,2025,11,November,Saturday,Autumn,15.1,7.9,11.2,7.2,0.0,0.0,0.0,dry,False,18.6,49.0,9.96
6b8155316bf60d8c51977f31c81e47cf,Tokyo,JP,2025-11-30,Asia,Subtropical,2025,11,November,Sunday,Autumn,16.2,6.5,10.8,9.7,0.0,0.0,0.0,dry,False,9.9,62.0,9.95
19bb9ed80919f4253f92a4eb854d0f23,Tokyo,JP,2025-12-01,Asia,Subtropical,2025,12,December,Monday,Winter,20.7,5.2,12.7,15.5,0.0,0.0,0.0,dry,False,9.6,66.0,9.93
04b97dcf1047fbc28408cffd4b734c08,Tokyo,JP,2025-12-02,Asia,Subtropical,2025,12,December,Tuesday,Winter,17.4,9.4,13.2,8.0,0.3,0.3,0.0,light,True,10.0,73.0,9.91
c94330c8f90c000a3a7a12276c1e7dcf,Tokyo,JP,2025-12-03,Asia,Subtropical,2025,12,December,Wednesday,Winter,11.9,9.3,10.6,2.6,1.9,1.9,0.0,light,True,21.0,82.0,9.89
99aa1499e725041e85a0e77882eb783e,Tokyo,JP,2025-12-04,Asia,Subtropical,2025,12,December,Thursday,Winter,10.1,3.6,7.2,6.5,0.0,0.0,0.0,dry,False,15.2,29.0,9.88
83ce07ff0e6fe5efd8f43f3eeb863a0a,Tokyo,JP,2025-12-05,Asia,Subtropical,2025,12,December,Friday,Winter,11.1,-0.4,5.7,11.5,0.0,0.0,0.0,dry,False,12.2,45.0,9.86
997f2759a2552b754108f0611b594573,Tokyo,JP,2025-12-06,Asia,Subtropical,2025,12,December,Saturday,Winter,11.8,2.1,6.7,9.7,0.0,0.0,0.0,dry,False,8.7,53.0,9.85
b332c1c09588c9fcb0ca98a5b1a239e9,Tokyo,JP,2025-12-07,Asia,Subtropical,2025,12,December,Sunday,Winter,15.0,1.7,8.4,13.3,0.0,0.0,0.0,dry,False,7.1,55.0,9.83
f7868372e32e99365f533ef7b8a5e216,Tokyo,JP,2025-12-08,Asia,Subtropical,2025,12,December,Monday,Winter,17.7,3.0,10.1,14.7,0.0,0.0,0.0,dry,False,17.7,53.0,9.82
8ac88749c337065c1b263342726bf776,Tokyo,JP,2025-12-09,Asia,Subtropical,2025,12,December,Tuesday,Winter,12.7,7.3,10.2,5.4,0.0,0.0,0.0,dry,False,16.0,40.0,9.81
852eec6e96704126dcc0e9208debaeb4,Tokyo,JP,2025-12-10,Asia,Subtropical,2025,12,December,Wednesday,Winter,14.3,2.5,8.2,11.8,0.0,0.0,0.0,dry,False,7.3,45.0,9.8
0a2424dcc2acb5c2c60a77ea0f1d9d43,Tokyo,JP,2025-12-11,Asia,Subtropical,2025,12,December,Thursday,Winter,15.7,3.6,9.3,12.1,0.0,0.0,0.0,dry,False,15.7,62.0,9.79
21e1ee9d1688c0aa9d21c97f7f11782e,Tokyo,JP,2025-12-12,Asia,Subtropical,2025,12,December,Friday,Winter,10.0,3.4,6.9,6.6,0.0,0.0,0.0,dry,False,29.0,39.0,9.78
af25f087935a19fce02240fe21aec327,Tokyo,JP,2025-12-13,Asia,Subtropical,2025,12,December,Saturday,Winter,8.4,2.1,5.0,6.3,2.7,2.7,0.0,moderate,True,18.7,47.0,9.77
95374dc572c9558c60af8b5b9c8c6a4b,Tokyo,JP,2025-12-14,Asia,Subtropical,2025,12,December,Sunday,Winter,7.5,1.9,4.9,5.6,12.5,12.5,0.0,heavy,True,16.9,93.0,9.76
af9c292420ae3aaafa9d7d23762ebf2f,Tokyo,JP,2025-12-15,Asia,Subtropical,2025,12,December,Monday,Winter,12.9,4.1,8.1,8.8,0.0,0.0,0.0,dry,False,15.4,54.0,9.76
2656f5882ef53e2f1019002586580510,Tokyo,JP,2025-12-16,Asia,Subtropical,2025,12,December,Tuesday,Winter,11.4,3.3,6.8,8.1,0.0,0.0,0.0,dry,False,13.1,62.0,9.75
96e7cddc8b759e5f5f6420a91eb7363a,Tokyo,JP,2025-12-17,Asia,Subtropical,2025,12,December,Wednesday,Winter,12.0,2.4,7.2,9.6,0.0,0.0,0.0,dry,False,15.0,72.0,9.75
2c12fe74fad8ae5514b2be4fe87b0837,Tokyo,JP,2025-12-18,Asia,Subtropical,2025,12,December,Thursday,Winter,11.6,6.1,8.2,5.5,0.0,0.0,0.0,dry,False,17.0,53.0,9.75
6424a944f29920f7e4dc8b97e75d7a00,Tokyo,JP,2025-12-19,Asia,Subtropical,2025,12,December,Friday,Winter,10.4,1.4,6.0,9.0,0.0,0.0,0.0,dry,False,6.8,65.0,9.74
ef9408c3ff12f674fd0edc02f2460162,Tokyo,JP,2025-12-20,Asia,Subtropical,2025,12,December,Saturday,Winter,14.2,3.2,8.0,11.0,3.2,3.2,0.0,moderate,True,10.3,83.0,9.74
d93f47de96e0ff8357e31b2137e07ff3,Tokyo,JP,2025-12-21,Asia,Subtropical,2025,12,December,Sunday,Winter,19.0,7.8,13.0,11.2,1.0,1.0,0.0,light,True,16.5,83.0,9.74
3e1a331fdeb9b5067b6fa160bd39d44d,Tokyo,JP,2025-12-22,Asia,Subtropical,2025,12,December,Monday,Winter,11.8,4.5,9.0,7.3,0.3,0.3,0.0,light,True,18.7,50.0,9.74
366fa99fcfb3e4ba84df5040a0c4c5e0,Tokyo,JP,2025-12-23,Asia,Subtropical,2025,12,December,Tuesday,Winter,8.9,0.6,4.9,8.3,0.0,0.0,0.0,dry,False,9.1,66.0,9.74
8d0987ab4e06e086a37d0ba4f5cb33af,Tokyo,JP,2025-12-24,Asia,Subtropical,2025,12,December,Wednesday,Winter,7.7,4.3,5.9,3.4,15.3,15.3,0.0,heavy,True,11.2,89.0,9.74
e4b23a6e835b47af2de961e193195d5e,Tokyo,JP,2025-12-25,Asia,Subtropical,2025,12,December,Thursday,Winter,11.8,6.5,8.9,5.3,3.9,3.9,0.0,moderate,True,15.0,93.0,9.75
c7f2275cba58628cf34697d7e57f136f,Tokyo,JP,2025-12-26,Asia,Subtropical,2025,12,December,Friday,Winter,9.8,1.6,6.8,8.2,1.2,1.2,0.0,light,True,31.4,59.0,9.75
c97b4eb7845bcf45ce7c868d016bf0d2,Tokyo,JP,2025-12-27,Asia,Subtropical,2025,12,December,Saturday,Winter,5.4,0.4,2.5,5.0,0.0,0.0,0.0,dry,False,14.2,58.0,9.75
6a222702198328a1dca4ebf516553380,Tokyo,JP,2025-12-28,Asia,Subtropical,2025,12,December,Sunday,Winter,9.2,-0.4,3.6,9.6,0.0,0.0,0.0,dry,False,9.8,66.0,9.76
1a584236c86003cafa832e32e9c1da21,Tokyo,JP,2025-12-29,Asia,Subtropical,2025,12,December,Monday,Winter,10.4,1.7,5.2,8.7,0.0,0.0,0.0,dry,False,9.2,78.0,9.77
8538a4acd85d5894b178371ce71dd8ae,Tokyo,JP,2025-12-30,Asia,Subtropical,2025,12,December,Tuesday,Winter,13.8,1.0,7.2,12.8,0.0,0.0,0.0,dry,False,12.4,76.0,9.77
4ecf957ee4265f7646d3d0143fd0af5e,Tokyo,JP,2025-12-31,Asia,Subtropical,2025,12,December,Wednesday,Winter,12.1,2.3,6.9,9.8,0.0,0.0,0.0,dry,False,10.3,70.0,9.78
ce77181cb6e1a79b0a13698319feefc9,Tokyo,JP,2026-01-01,Asia,Subtropical,2026,1,January,Thursday,Winter,9.8,2.9,5.8,6.9,0.0,0.0,0.0,dry,False,11.4,66.0,9.79
7dce733660470b519edfc9aae644e57f,Tokyo,JP,2026-01-02,Asia,Subtropical,2026,1,January,Friday,Winter,8.8,0.8,4.3,8.0,2.8,1.8,0.7,moderate,True,15.1,66.0,9.8
f3c4d9479b2183a156e71a25523080b0,Tokyo,JP,2026-01-03,Asia,Subtropical,2026,1,January,Saturday,Winter,9.1,-1.2,3.4,10.3,0.0,0.0,0.0,dry,False,11.8,57.0,9.81
42af0d685e71871bcfb859b102e8255f,Tokyo,JP,2026-01-04,Asia,Subtropical,2026,1,January,Sunday,Winter,9.9,0.5,5.1,9.4,0.0,0.0,0.0,dry,False,9.3,52.0,9.82
1abf91c8d31742ada7882edd05b360a4,Tokyo,JP,2026-01-05,Asia,Subtropical,2026,1,January,Monday,Winter,10.6,0.7,5.0,9.9,0.0,0.0,0.0,dry,False,17.7,65.0,9.83
e77eadb83b048a95fee7b7d5ff06512b,Tokyo,JP,2026-01-06,Asia,Subtropical,2026,1,January,Tuesday,Winter,11.0,2.6,6.0,8.4,0.0,0.0,0.0,dry,False,15.1,36.0,9.85
3685448431fa2cb0cb4ead81c3229953,Tokyo,JP,2026-01-07,Asia,Subtropical,2026,1,January,Wednesday,Winter,5.9,1.4,3.1,4.5,0.0,0.0,0.0,dry,False,9.9,62.0,9.86
282c846a36df96144f5938edde86733a,Tokyo,JP,2026-01-08,Asia,Subtropical,2026,1,January,Thursday,Winter,9.3,-2.0,3.0,11.3,0.0,0.0,0.0,dry,False,23.4,58.0,9.88
9ca9bbb681a5ba344372a307421fd33b,Tokyo,JP,2026-01-09,Asia,Subtropical,2026,1,January,Friday,Winter,9.2,1.3,4.9,7.9,0.0,0.0,0.0,dry,False,16.3,38.0,9.89
e9732690447ddd6026807c290dc4246b,Tokyo,JP,2026-01-10,Asia,Subtropical,2026,1,January,Saturday,Winter,13.9,0.6,7.6,13.3,0.0,0.0,0.0,dry,False,27.1,54.0,9.91
3c98d31835b182bc3d62f84791f17f4b,Tokyo,JP,2026-01-11,Asia,Subtropical,2026,1,January,Sunday,Winter,16.5,4.3,11.5,12.2,0.0,0.0,0.0,dry,False,25.7,32.0,9.93
ab46517c50b0abd2612d153909454cf3,Tokyo,JP,2026-01-12,Asia,Subtropical,2026,1,January,Monday,Winter,9.0,-0.1,4.7,9.1,0.0,0.0,0.0,dry,False,12.4,33.0,9.95
8e3f20a7d1b32576a91e453315e302c9,Tokyo,JP,2026-01-13,Asia,Subtropical,2026,1,January,Tuesday,Winter,14.3,-2.2,6.7,16.5,0.0,0.0,0.0,dry,False,24.6,50.0,9.97
478e206eb042d0ec3640487757a9421b,Tokyo,JP,2026-01-14,Asia,Subtropical,2026,1,January,Wednesday,Winter,11.2,3.3,6.9,7.9,0.0,0.0,0.0,dry,False,13.5,39.0,9.98
a1facc4239d0cfb113232c1d6fd3966b,Tokyo,JP,2026-01-15,Asia,Subtropical,2026,1,January,Thursday,Winter,11.0,1.2,6.7,9.8,0.0,0.0,0.0,dry,False,13.3,46.0,10.01
e16ec7eccf68d9748baaf6dc12a0fc49,Tokyo,JP,2026-01-16,Asia,Subtropical,2026,1,January,Friday,Winter,17.6,3.5,10.5,14.1,0.0,0.0,0.0,dry,False,11.7,47.0,10.03
5cc792ecf0f12bb06a00d7aa1ca3793f,Tokyo,JP,2026-01-17,Asia,Subtropical,2026,1,January,Saturday,Winter,15.3,3.1,9.2,12.2,0.0,0.0,0.0,dry,False,16.6,49.0,10.05
74d67eead06812065aad017e09c3e5b5,Tokyo,JP,2026-01-18,Asia,Subtropical,2026,1,January,Sunday,Winter,12.8,5.7,8.9,7.1,0.0,0.0,0.0,dry,False,17.2,45.0,10.07
d988b899b28ccf1ce258c5de2878262c,Tokyo,JP,2026-01-19,Asia,Subtropical,2026,1,January,Monday,Winter,12.2,5.1,7.9,7.1,0.0,0.0,0.0,dry,False,9.5,56.0,10.09
0b82d29295691d26431f6dc31f5230e5,Tokyo,JP,2026-01-20,Asia,Subtropical,2026,1,January,Tuesday,Winter,8.2,2.2,5.9,6.0,0.0,0.0,0.0,dry,False,24.0,44.0,10.12
67add66372bc547f9cab8735a79291c7,Tokyo,JP,2026-01-21,Asia,Subtropical,2026,1,January,Wednesday,Winter,5.8,1.0,2.7,4.8,0.0,0.0,0.0,dry,False,17.1,33.0,10.14
f3914072fa00bf5dae7294435da1f9f9,Tokyo,JP,2026-01-22,Asia,Subtropical,2026,1,January,Thursday,Winter,6.4,-1.1,2.4,7.5,0.0,0.0,0.0,dry,False,16.1,33.0,10.16
23f444768dcbbd095436c9bb5520d08f,Tokyo,JP,2026-01-23,Asia,Subtropical,2026,1,January,Friday,Winter,8.1,-3.5,2.9,11.6,0.0,0.0,0.0,dry,False,11.1,38.0,10.19
af7f826631c6d79237ef5fed68cea504,Tokyo,JP,2026-01-24,Asia,Subtropical,2026,1,January,Saturday,Winter,10.4,-3.0,3.8,13.4,0.2,0.2,0.0,light,True,12.6,42.0,10.21
e600834432c09b8d80cdc67b519e942c,Tokyo,JP,2026-01-25,Asia,Subtropical,2026,1,January,Sunday,Winter,7.2,0.5,3.3,6.7,0.0,0.0,0.0,dry,False,24.6,35.0,10.24
63bc9d8c5facab6a5c6a6a7befaafd54,Tokyo,JP,2026-01-26,Asia,Subtropical,2026,1,January,Monday,Winter,7.9,-0.5,3.9,8.4,0.0,0.0,0.0,dry,False,14.2,30.0,10.27
bd9b3a869d998a441aa3199bc3c9231f,Tokyo,JP,2026-01-27,Asia,Subtropical,2026,1,January,Tuesday,Winter,9.8,1.4,5.4,8.4,0.0,0.0,0.0,dry,False,9.7,45.0,10.3
52300929335b2dd74ccd793407408e00,Tokyo,JP,2026-01-28,Asia,Subtropical,2026,1,January,Wednesday,Winter,9.0,1.6,5.2,7.4,0.0,0.0,0.0,dry,False,15.0,39.0,10.32
7dd5da666fce9ef333273e0849bf5318,Tokyo,JP,2026-01-29,Asia,Subtropical,2026,1,January,Thursday,Winter,8.0,1.5,4.5,6.5,0.4,0.0,0.3,light,True,14.2,40.0,10.35
291ccf53f83d8213fd5a69560626d8da,Tokyo,JP,2026-01-30,Asia,Subtropical,2026,1,January,Friday,Winter,8.9,-1.8,3.3,10.7,0.0,0.0,0.0,dry,False,14.2,37.0,10.38
7c9f02ceb450f8e4fe5abb471614021d,Tokyo,JP,2026-01-31,Asia,Subtropical,2026,1,January,Saturday,Winter,8.6,-0.3,4.0,8.9,0.0,0.0,0.0,dry,False,14.3,32.0,10.41
e6748443a776a9536c2145c0d3233d21,Tokyo,JP,2026-02-01,Asia,Subtropical,2026,2,February,Sunday,Winter,10.6,-1.1,4.9,11.7,0.0,0.0,0.0,dry,False,10.4,40.0,10.44
d8017d4bb579274833b8a7951f439780,Tokyo,JP,2026-02-02,Asia,Subtropical,2026,2,February,Monday,Winter,10.7,0.6,6.0,10.1,0.0,0.0,0.0,dry,False,15.0,43.0,10.47
70b1bce999cf486910f9c513fe1eb9d1,Tokyo,JP,2026-02-03,Asia,Subtropical,2026,2,February,Tuesday,Winter,9.9,2.3,5.6,7.6,0.0,0.0,0.0,dry,False,16.4,40.0,10.5
f959e548e60002610560641510b6cff3,Tokyo,JP,2026-02-04,Asia,Subtropical,2026,2,February,Wednesday,Winter,11.0,-0.3,5.6,11.3,0.0,0.0,0.0,dry,False,9.9,46.0,10.54
660b9d86cbe065ad171207655255be4f,Tokyo,JP,2026-02-05,Asia,Subtropical,2026,2,February,Thursday,Winter,13.4,2.0,8.1,11.4,0.0,0.0,0.0,dry,False,6.4,42.0,10.57
b8a7bd0b1b92f7363abd5e23a1db2d49,Tokyo,JP,2026-02-06,Asia,Subtropical,2026,2,February,Friday,Winter,15.8,1.4,8.5,14.4,0.0,0.0,0.0,dry,False,17.5,42.0,10.6
dd6307d48ec66e65ce2ff2ee70f296df,Tokyo,JP,2026-02-07,Asia,Subtropical,2026,2,February,Saturday,Winter,5.9,0.6,2.7,5.3,3.9,0.1,2.7,moderate,True,17.8,61.0,10.63
5a812bdefc652c2bebfee8604695d7df,Tokyo,JP,2026-02-08,Asia,Subtropical,2026,2,February,Sunday,Winter,0.3,-3.4,-1.8,3.7,8.6,0.4,5.7,heavy,True,19.6,79.0,10.66
0b836fe1c2075449858ba69e1334ecaa,Tokyo,JP,2026-02-09,Asia,Subtropical,2026,2,February,Monday,Winter,9.1,-3.1,2.6,12.2,0.0,0.0,0.0,dry,False,13.3,34.0,10.7
5a53016a5df1a43cbfb63dfc0dc405e3,Tokyo,JP,2026-02-10,Asia,Subtropical,2026,2,February,Tuesday,Winter,10.7,-0.5,5.1,11.2,0.0,0.0,0.0,dry,False,10.9,51.0,10.73
5c278703d52b6a604087efc01545d781,Tokyo,JP,2026-02-11,Asia,Subtropical,2026,2,February,Wednesday,Winter,9.0,0.8,5.3,8.2,13.5,13.5,0.0,heavy,True,13.9,79.0,10.76
82303d349e37671127fe20a5830e6a88,Tokyo,JP,2026-02-12,Asia,Subtropical,2026,2,February,Thursday,Winter,10.2,3.8,6.5,6.4,0.0,0.0,0.0,dry,False,15.9,52.0,10.8
f210aea4fe11e08704803edbebc49ae0,Tokyo,JP,2026-02-13,Asia,Subtropical,2026,2,February,Friday,Winter,12.0,2.4,6.4,9.6,0.0,0.0,0.0,dry,False,8.6,60.0,10.83
39110fc174e456721188acc3dfb77c54,Tokyo,JP,2026-02-14,Asia,Subtropical,2026,2,February,Saturday,Winter,15.0,1.2,8.2,13.8,0.0,0.0,0.0,dry,False,8.0,69.0,10.86
a07b7dc665d2a2f3cab02433551f5e89,Tokyo,JP,2026-02-15,Asia,Subtropical,2026,2,February,Sunday,Winter,18.1,5.4,11.6,12.7,0.0,0.0,0.0,dry,False,7.3,69.0,10.9
70861ddbceafa59288bbfd788a858461,Tokyo,JP,2026-02-16,Asia,Subtropical,2026,2,February,Monday,Winter,15.4,6.0,11.0,9.4,5.3,5.3,0.0,moderate,True,15.1,57.0,10.93
3b800e101e4aa5bca78a543cbf2405d7,Tokyo,JP,2026-02-17,Asia,Subtropical,2026,2,February,Tuesday,Winter,7.1,2.8,5.1,4.3,2.6,2.6,0.0,moderate,True,9.7,70.0,10.97
2803cba66a29a3a6b817f13efc4c2c2f,Tokyo,JP,2026-02-18,Asia,Subtropical,2026,2,February,Wednesday,Winter,11.6,3.4,7.2,8.2,0.1,0.1,0.0,light,True,19.6,60.0,11.0
4b54ea199eecb1f2c6d458bb608a7ef0,Tokyo,JP,2026-02-19,Asia,Subtropical,2026,2,February,Thursday,Winter,9.8,1.5,5.0,8.3,0.0,0.0,0.0,dry,False,23.0,34.0,11.04
11ba8ce87e47c77c2a78f47bfdb53740,Tokyo,JP,2026-02-20,Asia,Subtropical,2026,2,February,Friday,Winter,10.8,0.2,5.5,10.6,0.0,0.0,0.0,dry,False,10.0,48.0,11.08
5ac535f53d45b59a590d178c0180279c,Tokyo,JP,2026-02-21,Asia,Subtropical,2026,2,February,Saturday,Winter,14.7,3.0,9.0,11.7,0.0,0.0,0.0,dry,False,8.8,49.0,11.11
fa944531a7a254c93a3f4f7e18f94e98,Tokyo,JP,2026-02-22,Asia,Subtropical,2026,2,February,Sunday,Winter,17.5,2.4,11.2,15.1,0.0,0.0,0.0,dry,False,18.1,65.0,11.15
165c792685f3c1d1cf76231c9a10bf34,Tokyo,JP,2026-02-23,Asia,Subtropical,2026,2,February,Monday,Winter,22.8,12.2,17.6,10.6,0.0,0.0,0.0,dry,False,22.2,64.0,11.18
d0254e3db3b68f25e49cf23e2166eb08,Tokyo,JP,2026-02-24,Asia,Subtropical,2026,2,February,Tuesday,Winter,19.2,10.6,13.8,8.6,0.0,0.0,0.0,dry,False,10.8,62.0,11.22
ae53dd6b02668d6c3a85ba7bbc5c247f,Tokyo,JP,2026-02-25,Asia,Subtropical,2026,2,February,Wednesday,Winter,13.1,6.5,9.4,6.6,49.5,49.5,0.0,heavy,True,16.5,90.0,11.26
2ee3cf08b1000056a1f961a5db6ee96a,Tokyo,JP,2026-02-26,Asia,Subtropical,2026,2,February,Thursday,Winter,12.1,5.7,8.5,6.4,0.8,0.8,0.0,light,True,19.4,77.0,11.29
8b1376c75a2d31b1fc4bb205acba741b,Tokyo,JP,2026-02-27,Asia,Subtropical,2026,2,February,Friday,Winter,16.2,7.9,11.4,8.3,0.0,0.0,0.0,dry,False,11.3,77.0,11.33
6e52538126706a9efe510e489b41b3f1,Tokyo,JP,2026-02-28,Asia,Subtropical,2026,2,February,Saturday,Winter,17.8,9.6,12.6,8.2,0.0,0.0,0.0,dry,False,23.8,70.0,11.37
e7a01998748acd07f43230b1b87d15fa,Tokyo,JP,2026-03-01,Asia,Subtropical,2026,3,March,Sunday,Spring,16.7,6.9,11.5,9.8,0.0,0.0,0.0,dry,False,15.9,54.0,11.4
459a66a8f6cb5b62115fd0df83f88d08,Tokyo,JP,2026-03-02,Asia,Subtropical,2026,3,March,Monday,Spring,13.1,8.1,10.5,5.0,0.2,0.2,0.0,light,True,9.7,73.0,11.44
96c019a265f3ebe3e95141f64c7e19ba,Tokyo,JP,2026-03-03,Asia,Subtropical,2026,3,March,Tuesday,Spring,10.4,4.3,7.5,6.1,18.4,18.4,0.0,heavy,True,18.1,89.0,11.48
7db591c501d0bde5670e6f3eb9542b11,Tokyo,JP,2026-03-04,Asia,Subtropical,2026,3,March,Wednesday,Spring,13.9,4.5,8.0,9.4,19.2,19.2,0.0,heavy,True,26.6,69.0,11.51
c0346c23ba95be1d6d68c411b1b71259,Tokyo,JP,2026-03-05,Asia,Subtropical,2026,3,March,Thursday,Spring,14.6,5.4,8.5,9.2,0.0,0.0,0.0,dry,False,20.8,46.0,11.55
2f31b8aa7572f5406000c421e1071f0b,Tokyo,JP,2026-03-06,Asia,Subtropical,2026,3,March,Friday,Spring,13.2,3.5,7.9,9.7,0.0,0.0,0.0,dry,False,7.4,74.0,11.59
2fe2d58b2f35db23c0f83e67af576f59,Tokyo,JP,2026-03-07,Asia,Subtropical,2026,3,March,Saturday,Spring,15.1,6.8,10.8,8.3,1.7,1.7,0.0,light,True,16.9,59.0,11.63
19de47aadd737a34d88e8fef51f9b131,Tokyo,JP,2026-03-08,Asia,Subtropical,2026,3,March,Sunday,Spring,10.6,3.2,6.4,7.4,0.6,0.5,0.1,light,True,19.5,44.0,11.66
89409473b7e753119fe457515a1101d6,Tokyo,JP,2026-03-09,Asia,Subtropical,2026,3,March,Monday,Spring,11.6,2.2,6.6,9.4,0.0,0.0,0.0,dry,False,11.4,56.0,11.7
fb301062351b5c4018d5de5664e76cc7,Tokyo,JP,2026-03-10,Asia,Subtropical,2026,3,March,Tuesday,Spring,8.2,2.3,4.9,5.9,4.0,3.1,0.6,moderate,True,13.7,73.0,11.74
21c85bd750c33b5fa9fee0e9b74f3c5e,Tokyo,JP,2026-03-11,Asia,Subtropical,2026,3,March,Wednesday,Spring,10.1,0.5,5.5,9.6,0.0,0.0,0.0,dry,False,10.1,57.0,11.78
4db8a4d4416837fdb51bac9a0319db8e,Tokyo,JP,2026-03-12,Asia,Subtropical,2026,3,March,Thursday,Spring,11.2,3.4,7.0,7.8,0.0,0.0,0.0,dry,False,11.6,53.0,11.82
35be2906bcc96789e8cfbeebcf67ddba,Tokyo,JP,2026-03-13,Asia,Subtropical,2026,3,March,Friday,Spring,10.0,2.8,6.6,7.2,0.0,0.0,0.0,dry,False,12.3,53.0,11.85
0bf9c8fb2c800572c38e2f0ad8f7ec72,Tokyo,JP,2026-03-14,Asia,Subtropical,2026,3,March,Saturday,Spring,15.4,5.0,9.3,10.4,0.0,0.0,0.0,dry,False,14.6,54.0,11.89
f7049a12c0cfc72aed9626c72e3a0605,Tokyo,JP,2026-03-15,Asia,Subtropical,2026,3,March,Sunday,Spring,15.3,4.5,10.1,10.8,0.0,0.0,0.0,dry,False,10.8,55.0,11.93
f1333009327f8d7a3be69189806c3942,Tokyo,JP,2026-03-16,Asia,Subtropical,2026,3,March,Monday,Spring,13.7,6.9,9.8,6.8,2.8,2.8,0.0,moderate,True,10.8,68.0,11.97
53c570e936cb733283dcd5014a640eac,Tokyo,JP,2026-03-17,Asia,Subtropical,2026,3,March,Tuesday,Spring,14.5,7.6,10.9,6.9,0.0,0.0,0.0,dry,False,10.6,58.0,12.01
b9687b1c09c4ffd00fc0eb5b3e790311,Tokyo,JP,2026-03-18,Asia,Subtropical,2026,3,March,Wednesday,Spring,16.9,7.9,12.4,9.0,4.2,4.2,0.0,moderate,True,14.9,74.0,12.04
7b242afb7b1a7e6a419303bf827a7589,Tokyo,JP,2026-03-19,Asia,Subtropical,2026,3,March,Thursday,Spring,19.5,10.6,14.1,8.9,7.2,7.2,0.0,moderate,True,17.1,64.0,12.08
3a0185b8f9f5b20e367f79ba47f10e8e,Tokyo,JP,2026-03-20,Asia,Subtropical,2026,3,March,Friday,Spring,11.1,7.3,9.7,3.8,4.8,4.8,0.0,moderate,True,9.5,74.0,12.12
93f8b8bc39cf885d8b2374b9f17818d9,Tokyo,JP,2026-03-21,Asia,Subtropical,2026,3,March,Saturday,Spring,15.2,3.7,9.5,11.5,0.0,0.0,0.0,dry,False,21.0,51.0,12.16
cfb0330c0008a7afac08a3f60227fe3b,Tokyo,JP,2026-03-22,Asia,Subtropical,2026,3,March,Sunday,Spring,15.7,3.8,10.3,11.9,0.0,0.0,0.0,dry,False,9.7,54.0,12.19
dc73faef309cfc7c7a07458f2df0390b,Tokyo,JP,2026-03-23,Asia,Subtropical,2026,3,March,Monday,Spring,15.8,9.2,11.5,6.6,2.8,2.8,0.0,moderate,True,13.4,72.0,12.23
fbc628048d988ebb966ff443a4305cb0,Tokyo,JP,2026-03-24,Asia,Subtropical,2026,3,March,Tuesday,Spring,16.8,8.2,12.2,8.6,0.0,0.0,0.0,dry,False,17.6,44.0,12.27
ece1150a6eeaad493c1b61ab0e11237c,Tokyo,JP,2026-03-25,Asia,Subtropical,2026,3,March,Wednesday,Spring,12.5,9.4,10.9,3.1,11.9,11.9,0.0,heavy,True,6.2,77.0,12.31
a4014d45b471a71507de8de99f2fbded,Tokyo,JP,2026-03-26,Asia,Subtropical,2026,3,March,Thursday,Spring,13.3,9.9,11.3,3.4,17.3,17.3,0.0,heavy,True,11.2,92.0,12.34
057ef8c5f077a4c2b392ab58fca9922c,Tokyo,JP,2026-03-27,Asia,Subtropical,2026,3,March,Friday,Spring,16.5,9.2,12.8,7.3,6.4,6.4,0.0,moderate,True,9.9,79.0,12.38
b0a0a36e35b7a9f590af9af3708f0baf,Tokyo,JP,2026-03-28,Asia,Subtropical,2026,3,March,Saturday,Spring,17.7,9.5,13.6,8.2,3.7,3.7,0.0,moderate,True,10.8,79.0,12.42
99396033aa758c77c89723c1d6eb74a6,Tokyo,JP,2026-03-29,Asia,Subtropical,2026,3,March,Sunday,Spring,20.3,10.4,15.0,9.9,1.2,1.2,0.0,light,True,13.5,78.0,12.46
dd9b7f17a3f78ae928a3035c0b05b570,Tokyo,JP,2026-03-30,Asia,Subtropical,2026,3,March,Monday,Spring,19.4,11.5,15.4,7.9,0.6,0.6,0.0,light,True,14.9,76.0,12.49
4ef53fd1c13d94b9eb6a15bd72c127b5,Tokyo,JP,2026-03-31,Asia,Subtropical,2026,3,March,Tuesday,Spring,19.2,15.9,16.9,3.3,13.9,13.9,0.0,heavy,True,25.0,85.0,12.53
555d566de0a0fef0d93bf1efd0ff542e,Tokyo,JP,2026-04-01,Asia,Subtropical,2026,4,April,Wednesday,Spring,17.8,10.8,14.4,7.0,17.4,17.4,0.0,heavy,True,13.0,85.0,12.57
8a4f69ce65f6e66f1a5bd967f7ddc08c,Tokyo,JP,2026-04-02,Asia,Subtropical,2026,4,April,Thursday,Spring,16.2,9.0,11.0,7.2,24.9,24.9,0.0,heavy,True,21.1,76.0,12.61
90a31a3fe5d625e81656ab989fe4998e,Tokyo,JP,2026-04-03,Asia,Subtropical,2026,4,April,Friday,Spring,18.1,7.0,12.8,11.1,0.0,0.0,0.0,dry,False,12.5,63.0,12.65
118c305a7187a90ebc6d242a84f117f0,Tokyo,JP,2026-04-04,Asia,Subtropical,2026,4,April,Saturday,Spring,16.0,12.2,14.2,3.8,16.4,16.4,0.0,heavy,True,23.2,83.0,12.68
d426828b633bbc4dab49d97f47ac719c,Tokyo,JP,2026-04-05,Asia,Subtropical,2026,4,April,Sunday,Spring,23.2,13.3,18.4,9.9,4.2,4.2,0.0,moderate,True,23.5,81.0,12.72
1347c6aba504500ba6d34707f5cf8764,Tokyo,JP,2026-04-06,Asia,Subtropical,2026,4,April,Monday,Spring,22.7,14.7,18.1,8.0,0.4,0.4,0.0,light,True,11.7,75.0,12.76
b668d216c2d6b1c179af83c33465021c,Tokyo,JP,2026-04-07,Asia,Subtropical,2026,4,April,Tuesday,Spring,18.3,8.7,14.9,9.6,0.5,0.5,0.0,light,True,27.7,71.0,12.79
deb2a13024826bf9802a71c3e48e4d71,Tokyo,JP,2026-04-08,Asia,Subtropical,2026,4,April,Wednesday,Spring,16.7,6.4,11.3,10.3,0.0,0.0,0.0,dry,False,17.5,50.0,12.83
41f1b9b078d71f2f6a697abde4515300,Tokyo,JP,2026-04-09,Asia,Subtropical,2026,4,April,Thursday,Spring,18.9,9.2,14.8,9.7,3.6,3.6,0.0,moderate,True,22.0,67.0,12.87
8b237fbe37b654a5439da095820cc43d,Tokyo,JP,2026-04-10,Asia,Subtropical,2026,4,April,Friday,Spring,20.0,15.7,17.8,4.3,19.6,19.6,0.0,heavy,True,23.1,89.0,12.9
589b08a6b13fd80e3b0c85f75d42378b,Tokyo,JP,2026-04-11,Asia,Subtropical,2026,4,April,Saturday,Spring,25.5,15.3,19.8,10.2,0.0,0.0,0.0,dry,False,14.1,75.0,12.94
5fd9920be667535aa33c736f3ddc02d9,Tokyo,JP,2026-04-12,Asia,Subtropical,2026,4,April,Sunday,Spring,21.4,12.2,16.6,9.2,0.0,0.0,0.0,dry,False,14.2,59.0,12.98
1bf5e68cbb61047b4b77f0df48848757,Tokyo,JP,2026-04-13,Asia,Subtropical,2026,4,April,Monday,Spring,22.6,12.2,17.6,10.4,0.0,0.0,0.0,dry,False,15.3,76.0,13.01
3ff6a3f4d36d2af3549520657b5f34e9,Tokyo,JP,2026-04-14,Asia,Subtropical,2026,4,April,Tuesday,Spring,23.5,14.2,18.0,9.3,0.1,0.1,0.0,light,True,12.1,77.0,13.05
5b2efb3e4699aafc7958bfa0d35baca5,Tokyo,JP,2026-04-15,Asia,Subtropical,2026,4,April,Wednesday,Spring,23.1,14.2,17.9,8.9,10.5,10.5,0.0,heavy,True,12.0,75.0,13.08
c78a17539a69474348167c37572d681d,Tokyo,JP,2026-04-16,Asia,Subtropical,2026,4,April,Thursday,Spring,21.3,10.6,15.6,10.7,7.4,7.4,0.0,moderate,True,18.7,75.0,13.12
1918e127ce1482af2de0dfca169d3093,Tokyo,JP,2026-04-17,Asia,Subtropical,2026,4,April,Friday,Spring,17.8,8.3,12.9,9.5,0.0,0.0,0.0,dry,False,9.8,67.0,13.15
fd1d2ecf1176b17905fbcfe0d2c2045c,Tokyo,JP,2026-04-18,Asia,Subtropical,2026,4,April,Saturday,Spring,21.0,11.0,15.9,10.0,0.0,0.0,0.0,dry,False,11.3,72.0,13.19
9669b9f11aacfe980791cc95530fc794,Tokyo,JP,2026-04-19,Asia,Subtropical,2026,4,April,Sunday,Spring,24.6,13.5,18.4,11.1,0.0,0.0,0.0,dry,False,12.2,69.0,13.22
cdcdcf359f6723a1b0bfcd8dbef1153a,Tokyo,JP,2026-04-20,Asia,Subtropical,2026,4,April,Monday,Spring,23.6,14.4,18.5,9.2,0.0,0.0,0.0,dry,False,16.2,62.0,13.26
49763f3ef73dd9078b1d99a27b6525a3,Tokyo,JP,2026-04-21,Asia,Subtropical,2026,4,April,Tuesday,Spring,24.8,16.5,19.8,8.3,0.0,0.0,0.0,dry,False,21.9,48.0,13.29
eeb8a63536e9f0cc6659d3934cc86704,Tokyo,JP,2026-04-22,Asia,Subtropical,2026,4,April,Wednesday,Spring,23.3,12.2,18.2,11.1,0.0,0.0,0.0,dry,False,20.5,42.0,13.33
e8770a18ed6ca7428afc5f2bf1d35bdb,Tokyo,JP,2026-04-23,Asia,Subtropical,2026,4,April,Thursday,Spring,20.2,12.6,16.5,7.6,20.2,20.2,0.0,heavy,True,16.5,62.0,13.36
b3458795e0c1147c602efbf240a539ab,Tokyo,JP,2026-04-24,Asia,Subtropical,2026,4,April,Friday,Spring,18.7,11.9,14.4,6.8,6.6,6.6,0.0,moderate,True,15.8,75.0,13.4
e817ecee91206c8c3d6777dcb2543ad6,Tokyo,JP,2026-04-25,Asia,Subtropical,2026,4,April,Saturday,Spring,17.5,10.8,13.9,6.7,0.0,0.0,0.0,dry,False,8.9,68.0,13.43
e19019e5eed8458f795443b0ca8d9d30,Tokyo,JP,2026-04-26,Asia,Subtropical,2026,4,April,Sunday,Spring,20.3,9.2,15.3,11.1,0.0,0.0,0.0,dry,False,11.9,70.0,13.47
71e5792627995022c9d2dc8e784548e8,Tokyo,JP,2026-04-27,Asia,Subtropical,2026,4,April,Monday,Spring,21.6,11.8,15.8,9.8,37.6,37.6,0.0,heavy,True,21.2,80.0,13.5
6286d9a9fdb01f7c0819683b95003e1a,Tokyo,JP,2026-04-28,Asia,Subtropical,2026,4,April,Tuesday,Spring,22.5,10.5,17.9,12.0,0.0,0.0,0.0,dry,False,17.9,75.0,13.53
dd0067426f0a419ad91deeccdc1cd8a8,Tokyo,JP,2026-04-29,Asia,Subtropical,2026,4,April,Wednesday,Spring,18.5,14.2,16.4,4.3,7.1,7.1,0.0,moderate,True,10.3,86.0,13.57
b0c19bde9b4bcb394ce48b0e099f152d,Tokyo,JP,2026-04-30,Asia,Subtropical,2026,4,April,Thursday,Spring,15.4,12.1,13.7,3.3,1.7,1.7,0.0,light,True,7.8,76.0,13.6
00123eaeec87e9748a7225c5f441ccb6,Tokyo,JP,2026-05-01,Asia,Subtropical,2026,5,May,Friday,Spring,20.4,10.7,14.1,9.7,41.7,41.7,0.0,heavy,True,24.1,89.0,13.63
f4d018ad3f7d59c9ba4a60515b8ad720,Tokyo,JP,2026-05-02,Asia,Subtropical,2026,5,May,Saturday,Spring,26.1,12.9,19.6,13.2,0.0,0.0,0.0,dry,False,14.4,54.0,13.66
fada845585bd3eb139e14fd1f8dc2e28,Tokyo,JP,2026-05-03,Asia,Subtropical,2026,5,May,Sunday,Spring,23.2,13.9,18.2,9.3,0.3,0.3,0.0,light,True,20.1,72.0,13.69
2dce069c3f46535bbfd23195a0d9e52e,Tokyo,JP,2026-05-04,Asia,Subtropical,2026,5,May,Monday,Spring,26.3,15.2,21.4,11.1,4.9,4.9,0.0,moderate,True,27.2,71.0,13.72
590dc3962dfe6d7c3640208516ce506a,Tokyo,JP,2026-05-05,Asia,Subtropical,2026,5,May,Tuesday,Spring,21.4,11.6,16.3,9.8,0.0,0.0,0.0,dry,False,21.0,48.0,13.75
24a72bec8f4a2b2611953ae6b8e978f6,Tokyo,JP,2026-05-06,Asia,Subtropical,2026,5,May,Wednesday,Spring,20.2,14.8,17.5,5.4,0.0,0.0,0.0,dry,False,13.0,75.0,13.78
4bc7fdb256e6a013e26ba9a37471aca3,Tokyo,JP,2026-05-07,Asia,Subtropical,2026,5,May,Thursday,Spring,24.6,16.1,20.0,8.5,0.0,0.0,0.0,dry,False,16.0,83.0,13.81
d362d9157b2a6fcef65dd0604b35914f,Tokyo,JP,2026-05-08,Asia,Subtropical,2026,5,May,Friday,Spring,25.8,17.5,21.5,8.3,0.0,0.0,0.0,dry,False,14.9,75.0,13.84
ebf329d3ffd52289e7b072e8244b9d78,Tokyo,JP,2026-05-09,Asia,Subtropical,2026,5,May,Saturday,Spring,23.9,16.1,19.8,7.8,0.0,0.0,0.0,dry,False,22.8,38.0,13.87
9c730d45f2a3b2dae3e268770a8e282e,Tokyo,JP,2026-05-10,Asia,Subtropical,2026,5,May,Sunday,Spring,24.4,14.1,19.2,10.3,0.0,0.0,0.0,dry,False,17.9,39.0,13.9
d15470f6c12b5543838e1dd3606b99f8,Tokyo,JP,2026-05-11,Asia,Subtropical,2026,5,May,Monday,Spring,25.2,17.0,20.7,8.2,0.1,0.1,0.0,light,True,17.4,59.0,13.93
06226501dd33f41f55c72465550fdab8,Tokyo,JP,2026-05-12,Asia,Subtropical,2026,5,May,Tuesday,Spring,25.7,16.7,21.0,9.0,0.0,0.0,0.0,dry,False,13.0,52.0,13.96
7630310ac736c069c45e6886f5f3d2a7,Tokyo,JP,2026-05-13,Asia,Subtropical,2026,5,May,Wednesday,Spring,27.5,15.7,21.5,11.8,0.3,0.3,0.0,light,True,13.8,53.0,13.99
280999bde6400fa66c814d9a367fcd0c,Tokyo,JP,2026-05-14,Asia,Subtropical,2026,5,May,Thursday,Spring,26.6,14.7,20.3,11.9,0.8,0.8,0.0,light,True,13.0,61.0,14.01
6eb49f21f5f5fab7f9179b26d1670f08,Tokyo,JP,2026-05-15,Asia,Subtropical,2026,5,May,Friday,Spring,24.4,13.6,18.5,10.8,0.0,0.0,0.0,dry,False,11.2,65.0,14.04
c616984f37447e0508f15fcc09c8a156,Tokyo,JP,2026-05-16,Asia,Subtropical,2026,5,May,Saturday,Spring,27.2,14.4,20.6,12.8,0.0,0.0,0.0,dry,False,13.6,61.0,14.07
a77466bab14c777a240cc5dc8271e9fd,Tokyo,JP,2026-05-17,Asia,Subtropical,2026,5,May,Sunday,Spring,31.2,17.1,23.9,14.1,0.0,0.0,0.0,dry,False,12.1,45.0,14.09
af8986298bc04002d2b18353344ac2ba,Tokyo,JP,2026-05-18,Asia,Subtropical,2026,5,May,Monday,Spring,30.2,17.9,23.6,12.3,0.0,0.0,0.0,dry,False,15.0,56.0,14.12
f36f012959c7713b89d0cc8d53c8489e,Tokyo,JP,2026-05-19,Asia,Subtropical,2026,5,May,Tuesday,Spring,29.9,18.2,23.8,11.7,0.0,0.0,0.0,dry,False,16.1,57.0,14.14
e33a35e34aa6129eaef542de283b03ba,Tokyo,JP,2026-05-20,Asia,Subtropical,2026,5,May,Wednesday,Spring,30.9,19.6,24.9,11.3,0.0,0.0,0.0,dry,False,13.6,64.0,14.17
a02e60d29e318e22f48e05e92ad1f4f9,Tokyo,JP,2026-05-21,Asia,Subtropical,2026,5,May,Thursday,Spring,23.5,15.7,19.3,7.8,9.5,9.5,0.0,heavy,True,18.4,85.0,14.19
32c94a9e775c60b621d8d492a0358a9c,Tokyo,JP,2026-05-22,Asia,Subtropical,2026,5,May,Friday,Spring,17.7,12.4,14.9,5.3,17.7,17.7,0.0,heavy,True,16.4,81.0,14.21
5753b06a3f920492d376701db87493a7,Tokyo,JP,2026-05-23,Asia,Subtropical,2026,5,May,Saturday,Spring,17.3,11.6,14.1,5.7,0.0,0.0,0.0,dry,False,10.1,74.0,14.24
669c2a1ea976ddf38879cabfc8d0145c,Tokyo,JP,2026-05-24,Asia,Subtropical,2026,5,May,Sunday,Spring,22.6,13.3,17.7,9.3,0.7,0.7,0.0,light,True,8.9,78.0,14.26
bf8165169c0d8200832f1b2a7bed3a15,Tokyo,JP,2026-05-25,Asia,Subtropical,2026,5,May,Monday,Spring,25.9,16.5,20.8,9.4,0.2,0.2,0.0,light,True,11.8,77.0,14.28
f17901fef85aa32ee7d1f99d6768864b,Tokyo,JP,2026-05-26,Asia,Subtropical,2026,5,May,Tuesday,Spring,26.5,17.5,21.6,9.0,0.1,0.1,0.0,light,True,10.5,75.0,14.3
a785edc30ce4ef606d5e38d6cd07a4bb,Tokyo,JP,2026-05-27,Asia,Subtropical,2026,5,May,Wednesday,Spring,28.2,18.8,23.3,9.4,1.6,1.6,0.0,light,True,10.4,74.0,14.32
642b19ddb2153c1edf99a9366f0ec598,Tokyo,JP,2026-05-28,Asia,Subtropical,2026,5,May,Thursday,Spring,28.9,20.7,24.6,8.2,0.8,0.8,0.0,light,True,15.0,77.0,14.34
f887970ba5e014c9d0dbb004f47f68b6,Tokyo,JP,2026-05-29,Asia,Subtropical,2026,5,May,Friday,Spring,32.3,22.7,26.9,9.6,0.0,0.0,0.0,dry,False,21.7,46.0,14.36
f7e5547e396e193614910f026afe0074,Tokyo,JP,2026-05-30,Asia,Subtropical,2026,5,May,Saturday,Spring,30.1,20.9,25.0,9.2,0.1,0.1,0.0,light,True,18.6,37.0,14.37
fe1e51011368354b859033b61e5e93da,Tokyo,JP,2026-05-31,Asia,Subtropical,2026,5,May,Sunday,Spring,32.2,21.5,25.7,10.7,0.8,0.8,0.0,light,True,13.9,55.0,14.39
bc8e2859d111d1fde19a712b62ac905a,Tokyo,JP,2026-06-01,Asia,Subtropical,2026,6,June,Monday,Summer,33.7,20.3,26.1,13.4,0.0,0.0,0.0,dry,False,13.5,56.0,14.41
4722d2e4c95c659760d41014ece47594,Tokyo,JP,2026-06-02,Asia,Subtropical,2026,6,June,Tuesday,Summer,26.4,20.1,22.9,6.3,2.1,2.1,0.0,light,True,16.2,64.0,14.42
09c60dfeed64081185d5cb23022dd8fa,Tokyo,JP,2026-06-03,Asia,Subtropical,2026,6,June,Wednesday,Summer,20.4,18.1,19.1,2.3,143.2,143.2,0.0,heavy,True,28.0,87.0,14.44
96f714f7b08d275dd75efa661e6b7c29,Tokyo,JP,2026-06-04,Asia,Subtropical,2026,6,June,Thursday,Summer,23.8,17.8,20.3,6.0,0.0,0.0,0.0,dry,False,14.9,66.0,14.45
fa87916355907bb612301b6acbc6d92c,Tokyo,JP,2026-06-05,Asia,Subtropical,2026,6,June,Friday,Summer,21.0,15.7,18.1,5.3,0.2,0.2,0.0,light,True,14.5,74.0,14.47
12086fa7b6e5ee3c6e7847436b46cd1f,Tokyo,JP,2026-06-06,Asia,Subtropical,2026,6,June,Saturday,Summer,23.0,15.1,18.2,7.9,0.0,0.0,0.0,dry,False,10.6,75.0,14.48
ebe3503f6fc93841fe6c56c26582afbd,Tokyo,JP,2026-06-07,Asia,Subtropical,2026,6,June,Sunday,Summer,21.4,15.4,18.3,6.0,10.0,10.0,0.0,heavy,True,6.4,89.0,14.49
02999e4d9ff154543d53537374a6cbdd,Tokyo,JP,2026-06-08,Asia,Subtropical,2026,6,June,Monday,Summer,24.0,18.1,20.5,5.9,8.1,8.1,0.0,heavy,True,10.1,87.0,14.5
4e5c57c01b5b38350a69fff15667d5d1,Tokyo,JP,2026-06-09,Asia,Subtropical,2026,6,June,Tuesday,Summer,22.6,18.9,20.3,3.7,18.2,18.2,0.0,heavy,True,10.9,89.0,14.51
6abb3abe907d9801edfe76cbfd09c1a4,Tokyo,JP,2026-06-10,Asia,Subtropical,2026,6,June,Wednesday,Summer,23.2,17.8,19.7,5.4,2.6,2.6,0.0,moderate,True,11.4,79.0,14.52
65630ffd636a1f2f1d3a3871ec25f6dd,Tokyo,JP,2026-06-11,Asia,Subtropical,2026,6,June,Thursday,Summer,24.6,16.4,20.3,8.2,1.4,1.4,0.0,light,True,14.8,72.0,14.53
f4b7149d212d4ecf0ce041fc0a18e28c,Tokyo,JP,2026-06-12,Asia,Subtropical,2026,6,June,Friday,Summer,25.0,17.2,20.3,7.8,19.8,19.8,0.0,heavy,True,12.7,85.0,14.54
45a7944aa062243260c329b52d459497,Tokyo,JP,2026-06-13,Asia,Subtropical,2026,6,June,Saturday,Summer,27.3,17.3,22.2,10.0,2.3,2.3,0.0,light,True,10.9,76.0,14.55
6d46cd70ba2de677bb380c010f539f3d,Tokyo,JP,2026-06-14,Asia,Subtropical,2026,6,June,Sunday,Summer,26.3,18.6,22.4,7.7,0.2,0.2,0.0,light,True,11.9,78.0,14.55
ac7aaf55213484574edaec5f680817e1,Tokyo,JP,2026-06-15,Asia,Subtropical,2026,6,June,Monday,Summer,22.0,17.2,19.4,4.8,6.1,6.1,0.0,moderate,True,14.7,80.0,14.56
032bcd68829f57ef071db941f95f8200,Tokyo,JP,2026-06-16,Asia,Subtropical,2026,6,June,Tuesday,Summer,26.6,16.1,21.4,10.5,0.0,0.0,0.0,dry,False,9.9,72.0,14.56
519c9300fbbd5ba70a01566ea17a4e4e,Tokyo,JP,2026-06-17,Asia,Subtropical,2026,6,June,Wednesday,Summer,27.4,18.4,22.8,9.0,0.0,0.0,0.0,dry,False,14.3,67.0,14.57
554d8271ce386b85c8a943e0c6e2d503,Tokyo,JP,2026-06-18,Asia,Subtropical,2026,6,June,Thursday,Summer,27.0,20.0,22.3,7.0,28.5,28.5,0.0,heavy,True,13.6,86.0,14.57
9c482a869368f9da40279ac8c1a01627,Tokyo,JP,2026-06-19,Asia,Subtropical,2026,6,June,Friday,Summer,28.5,19.7,23.9,8.8,0.7,0.7,0.0,light,True,12.1,83.0,14.57
a46700e72d9df32931883332c319d8d6,Tokyo,JP,2026-06-20,Asia,Subtropical,2026,6,June,Saturday,Summer,24.8,20.9,22.1,3.9,27.1,27.1,0.0,heavy,True,13.0,93.0,14.57
561e65be8f65f0d59c5605bfb51ce43d,Tokyo,JP,2026-06-21,Asia,Subtropical,2026,6,June,Sunday,Summer,26.8,21.1,23.9,5.7,20.1,20.1,0.0,heavy,True,14.7,83.0,14.57
29b3131212144bd98091a6a5b1988e10,Tokyo,JP,2026-06-22,Asia,Subtropical,2026,6,June,Monday,Summer,27.7,19.8,22.8,7.9,0.1,0.1,0.0,light,True,10.9,78.0,14.57
62be4608049e2a014683cf4d45f6becf,Tokyo,JP,2026-06-23,Asia,Subtropical,2026,6,June,Tuesday,Summer,24.0,18.0,20.5,6.0,0.0,0.0,0.0,dry,False,10.4,78.0,14.57
dd86acdfcc3f0cce508d858999ef9d77,Tokyo,JP,2026-06-24,Asia,Subtropical,2026,6,June,Wednesday,Summer,25.9,17.4,21.4,8.5,0.1,0.1,0.0,light,True,12.5,78.0,14.57
66fde3a3b67551c05f5deca21acced05,Tokyo,JP,2026-06-25,Asia,Subtropical,2026,6,June,Thursday,Summer,22.3,19.3,20.7,3.0,18.1,18.1,0.0,heavy,True,7.8,94.0,14.57
dddc71917adb7c6792032bf738986bfd,Tokyo,JP,2026-06-26,Asia,Subtropical,2026,6,June,Friday,Summer,26.3,19.6,22.1,6.7,29.9,29.9,0.0,heavy,True,14.6,94.0,14.56
5b5c8c962df8abb4153b95a39f781de7,Tokyo,JP,2026-06-27,Asia,Subtropical,2026,6,June,Saturday,Summer,23.5,20.7,22.1,2.8,59.1,59.1,0.0,heavy,True,12.9,95.0,14.56
cd29794b6fca971918b2793210491d06,Tokyo,JP,2026-06-28,Asia,Subtropical,2026,6,June,Sunday,Summer,23.5,21.2,22.5,2.3,7.1,7.1,0.0,moderate,True,9.4,90.0,14.56
5ee70892e75f0c55450e5a556c56f6a0,Tokyo,JP,2026-06-29,Asia,Subtropical,2026,6,June,Monday,Summer,26.7,20.1,22.9,6.6,2.7,2.7,0.0,moderate,True,7.0,86.0,14.55
658d8a9246531b5d062f79a2214b959e,Tokyo,JP,2026-06-30,Asia,Subtropical,2026,6,June,Tuesday,Summer,28.5,20.5,24.2,8.0,2.6,2.6,0.0,moderate,True,8.2,81.0,14.54
4b7e6c797e15d65fc6617186dd19331b,Tokyo,JP,2026-07-01,Asia,Subtropical,2026,7,July,Wednesday,Summer,28.1,20.0,24.0,8.1,2.2,2.2,0.0,light,True,8.2,83.0,14.54
cf4651fe635aa49cddd5c47c11ee59bc,Tokyo,JP,2026-07-02,Asia,Subtropical,2026,7,July,Thursday,Summer,23.7,21.0,22.0,2.7,28.4,28.4,0.0,heavy,True,11.7,90.0,14.53
3785c9a9c22c86397042968fc1637369,Tokyo,JP,2026-07-03,Asia,Subtropical,2026,7,July,Friday,Summer,25.7,20.6,22.9,5.1,2.8,2.8,0.0,moderate,True,9.1,82.0,14.52
9b46d3f1a1230f4b7e3178e800683d2c,Tokyo,JP,2026-07-04,Asia,Subtropical,2026,7,July,Saturday,Summer,26.1,19.8,23.0,6.3,1.2,1.2,0.0,light,True,11.0,84.0,14.51
3df5fd222de4b55786ba521b22b2d72a,Tokyo,JP,2026-07-05,Asia,Subtropical,2026,7,July,Sunday,Summer,26.7,21.2,23.7,5.5,3.9,3.9,0.0,moderate,True,11.3,82.0,14.5
4f49d2173a7a8defe2df5f253ebac4d9,Tokyo,JP,2026-07-06,Asia,Subtropical,2026,7,July,Monday,Summer,25.5,20.4,22.7,5.1,7.6,7.6,0.0,moderate,True,9.6,81.0,14.49
77841dded0c26bb25fac38a22b0c3f2f,Tokyo,JP,2026-07-07,Asia,Subtropical,2026,7,July,Tuesday,Summer,25.2,19.6,22.6,5.6,0.4,0.4,0.0,light,True,6.7,79.0,14.47
ef489f1af8bccc13646ef0294994dd5f,Tokyo,JP,2026-07-08,Asia,Subtropical,2026,7,July,Wednesday,Summer,28.7,20.2,24.3,8.5,0.0,0.0,0.0,dry,False,9.8,74.0,14.46
84bd1a93f3d968653a534c3ddccc2f0e,Tokyo,JP,2026-07-09,Asia,Subtropical,2026,7,July,Thursday,Summer,30.4,21.8,25.9,8.6,0.0,0.0,0.0,dry,False,10.8,71.0,14.45
2126787202269f2cf6b47b916b1465b9,Tokyo,JP,2026-07-10,Asia,Subtropical,2026,7,July,Friday,Summer,32.6,23.0,27.3,9.6,0.0,0.0,0.0,dry,False,12.4,69.0,14.43
1abb41815c4a28e00ec3eaf204dce4d6,Tokyo,JP,2026-07-11,Asia,Subtropical,2026,7,July,Saturday,Summer,32.1,23.6,27.9,8.5,0.0,0.0,0.0,dry,False,12.5,68.0,14.42
ac75530b10ba7219e8de6c0c758739bf,Tokyo,JP,2026-07-12,Asia,Subtropical,2026,7,July,Sunday,Summer,32.8,25.3,28.2,7.5,0.3,0.3,0.0,light,True,10.7,68.0,14.4
554efa9d5a04c9350026cdf4934bc78c,Tokyo,JP,2026-07-13,Asia,Subtropical,2026,7,July,Monday,Summer,32.5,25.7,28.3,6.8,2.7,2.7,0.0,moderate,True,7.7,78.0,14.38
82e2299ee6a839c58d4691d07064a0b5,Tokyo,JP,2026-07-14,Asia,Subtropical,2026,7,July,Tuesday,Summer,36.1,24.5,30.2,11.6,0.0,0.0,0.0,dry,False,12.5,65.0,14.36
4e9837cad3b9f1c57e6e717bd00e4753,Tokyo,JP,2026-07-15,Asia,Subtropical,2026,7,July,Wednesday,Summer,35.4,26.8,30.7,8.6,0.5,0.5,0.0,light,True,16.8,68.0,14.35
1410b4aef7b7ed2b0b57a1e267f1d1a7,Tokyo,JP,2026-07-16,Asia,Subtropical,2026,7,July,Thursday,Summer,36.7,27.5,31.5,9.2,2.7,2.7,0.0,moderate,True,12.6,64.0,14.33
9356545f894468c8bb9c91613d0266ca,Tokyo,JP,2026-07-17,Asia,Subtropical,2026,7,July,Friday,Summer,32.4,25.7,28.3,6.7,24.4,24.4,0.0,heavy,True,11.4,80.0,14.31
030aa2168722c8400fc9284a997b4bdc,Tokyo,JP,2026-07-18,Asia,Subtropical,2026,7,July,Saturday,Summer,29.2,25.3,27.2,3.9,2.5,2.5,0.0,light,True,12.4,79.0,14.29
05d5aece0296a689f441a7b45ed74f2c,Tokyo,JP,2026-07-19,Asia,Subtropical,2026,7,July,Sunday,Summer,32.6,25.0,28.7,7.6,0.0,0.0,0.0,dry,False,10.8,71.0,14.27
87d27e08a5149483e025b5be69900c47,Tokyo,JP,2026-07-20,Asia,Subtropical,2026,7,July,Monday,Summer,37.1,25.8,31.6,11.3,0.0,0.0,0.0,dry,False,11.1,63.0,14.25
6481881ec8a06cc9b53950c351b30989,Tokyo,JP,2026-07-21,Asia,Subtropical,2026,7,July,Tuesday,Summer,38.1,27.8,32.7,10.3,4.6,4.6,0.0,moderate,True,10.9,64.0,14.23
7ce27113631666522753d6eacde84146,Tokyo,JP,2026-07-22,Asia,Subtropical,2026,7,July,Wednesday,Summer,37.9,28.3,32.6,9.6,4.0,4.0,0.0,moderate,True,11.8,65.0,14.2
a2106b5ca46b3f20b10270d8834a104c,Cape Town,ZA,2025-07-23,Africa,Mediterranean,2025,7,July,Wednesday,Winter,17.8,10.4,13.8,7.4,0.0,0.0,0.0,dry,False,16.6,91.0,10.26
6d95885731377e1625ff5cbd3912ed73,Cape Town,ZA,2025-07-24,Africa,Mediterranean,2025,7,July,Thursday,Winter,15.8,13.6,14.4,2.2,0.9,0.9,0.0,light,True,18.1,85.0,10.28
4f096fa5c71ce794c02312ef49224845,Cape Town,ZA,2025-07-25,Africa,Mediterranean,2025,7,July,Friday,Winter,14.3,11.0,12.4,3.3,0.4,0.4,0.0,light,True,15.6,69.0,10.3
1d9a9f45c278a81435318160cf59bb3c,Cape Town,ZA,2025-07-26,Africa,Mediterranean,2025,7,July,Saturday,Winter,14.7,10.3,12.3,4.4,0.0,0.0,0.0,dry,False,21.3,68.0,10.32
97e297a254d1c48acb634cc9bc2db479,Cape Town,ZA,2025-07-27,Africa,Mediterranean,2025,7,July,Sunday,Winter,18.8,10.7,13.6,8.1,0.0,0.0,0.0,dry,False,22.8,70.0,10.34
06a46d542a660a96e256df0bd730e125,Cape Town,ZA,2025-07-28,Africa,Mediterranean,2025,7,July,Monday,Winter,23.9,9.6,15.5,14.3,0.0,0.0,0.0,dry,False,6.2,65.0,10.37
069528c0d1010abd35f8defb0b68b74f,Cape Town,ZA,2025-07-29,Africa,Mediterranean,2025,7,July,Tuesday,Winter,25.6,14.8,19.2,10.8,0.0,0.0,0.0,dry,False,25.1,53.0,10.39
1f9e91973e8b41318da0af82d21c6c12,Cape Town,ZA,2025-07-30,Africa,Mediterranean,2025,7,July,Wednesday,Winter,15.1,13.2,13.9,1.9,25.1,25.1,0.0,heavy,True,30.5,94.0,10.42
834420679bc234cb72e463c2c242c4f7,Cape Town,ZA,2025-07-31,Africa,Mediterranean,2025,7,July,Thursday,Winter,13.5,10.2,12.1,3.3,2.7,2.7,0.0,moderate,True,31.6,70.0,10.44
8f1a191b52c24e941d73f1e7bfe2ae70,Cape Town,ZA,2025-08-01,Africa,Mediterranean,2025,8,August,Friday,Winter,14.5,7.3,10.8,7.2,0.0,0.0,0.0,dry,False,19.3,74.0,10.47
a60cf5d28e0cfdf3fddcf9d54787c30b,Cape Town,ZA,2025-08-02,Africa,Mediterranean,2025,8,August,Saturday,Winter,23.1,7.7,14.8,15.4,0.0,0.0,0.0,dry,False,18.0,56.0,10.49
59a6dfc25816a0ca72f8ed6ac50b8fc3,Cape Town,ZA,2025-08-03,Africa,Mediterranean,2025,8,August,Sunday,Winter,18.7,14.0,16.1,4.7,0.6,0.6,0.0,light,True,28.1,73.0,10.52
089df4ed31684a1dd9283b6f41aa95b6,Cape Town,ZA,2025-08-04,Africa,Mediterranean,2025,8,August,Monday,Winter,13.9,12.7,13.4,1.2,18.8,18.8,0.0,heavy,True,31.4,93.0,10.55
9fc04bb05037371f686ddd28e537c4b6,Cape Town,ZA,2025-08-05,Africa,Mediterranean,2025,8,August,Tuesday,Winter,13.8,9.6,11.7,4.2,7.4,7.4,0.0,moderate,True,17.9,80.0,10.57
1aeb2ff10137db54bb352a26a4af0730,Cape Town,ZA,2025-08-06,Africa,Mediterranean,2025,8,August,Wednesday,Winter,14.3,9.0,11.5,5.3,0.4,0.4,0.0,light,True,10.8,76.0,10.6
353e6a04a86a2a5a670ba272eeb9d9a4,Cape Town,ZA,2025-08-07,Africa,Mediterranean,2025,8,August,Thursday,Winter,15.4,8.8,12.0,6.6,0.0,0.0,0.0,dry,False,7.8,83.0,10.63
c6b3931f2b4b41e6bcd9f0549155c44f,Cape Town,ZA,2025-08-08,Africa,Mediterranean,2025,8,August,Friday,Winter,17.5,8.7,12.7,8.8,0.0,0.0,0.0,dry,False,6.9,91.0,10.66
99aa1a24e095ce6b84f69392bee8a0b9,Cape Town,ZA,2025-08-09,Africa,Mediterranean,2025,8,August,Saturday,Winter,14.8,10.6,12.4,4.2,17.9,17.9,0.0,heavy,True,37.5,89.0,10.68
f7cd730511465bb25b2da20d84ffff7b,Cape Town,ZA,2025-08-10,Africa,Mediterranean,2025,8,August,Sunday,Winter,15.3,9.6,12.8,5.7,2.3,2.3,0.0,light,True,24.0,76.0,10.71
b8f2c24d9bbee99cfae84a9981ed5d0b,Cape Town,ZA,2025-08-11,Africa,Mediterranean,2025,8,August,Monday,Winter,16.6,7.7,11.5,8.9,0.0,0.0,0.0,dry,False,12.0,79.0,10.74
88f836c853afbc4c7ab1f26303ae0341,Cape Town,ZA,2025-08-12,Africa,Mediterranean,2025,8,August,Tuesday,Winter,16.6,7.8,11.8,8.8,0.0,0.0,0.0,dry,False,10.4,84.0,10.77
b95be2e67d234cf7ae159914a063da81,Cape Town,ZA,2025-08-13,Africa,Mediterranean,2025,8,August,Wednesday,Winter,14.9,7.3,10.9,7.6,0.0,0.0,0.0,dry,False,9.4,84.0,10.8
c9de0d35706fa55fc5b9c5d0327bb160,Cape Town,ZA,2025-08-14,Africa,Mediterranean,2025,8,August,Thursday,Winter,16.0,8.5,12.1,7.5,0.0,0.0,0.0,dry,False,10.9,87.0,10.83
8f14c06c7d7da25e4f01ad66642c8a53,Cape Town,ZA,2025-08-15,Africa,Mediterranean,2025,8,August,Friday,Winter,16.1,10.4,13.0,5.7,0.1,0.1,0.0,light,True,11.4,90.0,10.86
1cf8e7158a74d24b18389a7bb3d58221,Cape Town,ZA,2025-08-16,Africa,Mediterranean,2025,8,August,Saturday,Winter,15.7,11.8,13.4,3.9,5.3,5.3,0.0,moderate,True,22.2,95.0,10.89
93f6d4194898fdc7a64aee9222df7de2,Cape Town,ZA,2025-08-17,Africa,Mediterranean,2025,8,August,Sunday,Winter,16.5,12.2,13.6,4.3,0.1,0.1,0.0,light,True,14.6,92.0,10.92
ceca37177d4d7c4c66b398b235b5e389,Cape Town,ZA,2025-08-18,Africa,Mediterranean,2025,8,August,Monday,Winter,16.4,8.8,13.0,7.6,0.0,0.0,0.0,dry,False,12.6,93.0,10.95
1ab7bc3ba705e35b74ce059f687d0212,Cape Town,ZA,2025-08-19,Africa,Mediterranean,2025,8,August,Tuesday,Winter,16.7,11.6,14.2,5.1,5.5,5.5,0.0,moderate,True,13.8,93.0,10.98
f9c1938c888c06c8583f9291d47de2bb,Cape Town,ZA,2025-08-20,Africa,Mediterranean,2025,8,August,Wednesday,Winter,15.9,10.5,12.9,5.4,7.9,7.9,0.0,heavy,True,28.3,94.0,11.01
cbcb1d6830543b63206f8a04d672e350,Cape Town,ZA,2025-08-21,Africa,Mediterranean,2025,8,August,Thursday,Winter,16.0,12.1,13.9,3.9,1.1,1.1,0.0,light,True,19.6,84.0,11.04
aef28bf1703fe9cec759afd37f5a9ae4,Cape Town,ZA,2025-08-22,Africa,Mediterranean,2025,8,August,Friday,Winter,16.0,13.0,14.2,3.0,2.0,2.0,0.0,light,True,25.9,75.0,11.07
e5f3261bcf7ecc7f35b7123ca9529aa7,Cape Town,ZA,2025-08-23,Africa,Mediterranean,2025,8,August,Saturday,Winter,14.9,12.6,13.5,2.3,1.4,1.4,0.0,light,True,26.2,76.0,11.11
ab7d7a747f39ba46bb8b92b72334c514,Cape Town,ZA,2025-08-24,Africa,Mediterranean,2025,8,August,Sunday,Winter,15.7,9.9,12.6,5.8,1.2,1.2,0.0,light,True,13.0,77.0,11.14
381a08165bb59c7b331d6429fc911664,Cape Town,ZA,2025-08-25,Africa,Mediterranean,2025,8,August,Monday,Winter,17.0,8.8,12.8,8.2,0.2,0.2,0.0,light,True,16.1,74.0,11.17
8d74401ad031840892ca098326cc449d,Cape Town,ZA,2025-08-26,Africa,Mediterranean,2025,8,August,Tuesday,Winter,18.2,12.1,14.1,6.1,0.0,0.0,0.0,dry,False,22.9,78.0,11.2
868d0e68d787621bfe21bc812b8991c5,Cape Town,ZA,2025-08-27,Africa,Mediterranean,2025,8,August,Wednesday,Winter,18.9,11.9,14.7,7.0,0.0,0.0,0.0,dry,False,21.7,75.0,11.24
8d341f8fc7807e796540f8e20a687378,Cape Town,ZA,2025-08-28,Africa,Mediterranean,2025,8,August,Thursday,Winter,18.9,11.1,15.0,7.8,0.0,0.0,0.0,dry,False,13.9,88.0,11.27
d6e443d491ce917064423a3575d87176,Cape Town,ZA,2025-08-29,Africa,Mediterranean,2025,8,August,Friday,Winter,18.0,10.5,14.2,7.5,0.8,0.8,0.0,light,True,13.6,88.0,11.3
445936a663a6c2043aba6595c7c0e514,Cape Town,ZA,2025-08-30,Africa,Mediterranean,2025,8,August,Saturday,Winter,18.9,11.3,14.6,7.6,0.0,0.0,0.0,dry,False,11.2,86.0,11.34
051c730371b7e1a751d972de0e296803,Cape Town,ZA,2025-08-31,Africa,Mediterranean,2025,8,August,Sunday,Winter,17.4,9.3,13.7,8.1,0.0,0.0,0.0,dry,False,21.8,81.0,11.37
50b17311bbb5b018f289dc98f703f3a1,Cape Town,ZA,2025-09-01,Africa,Mediterranean,2025,9,September,Monday,Spring,23.1,12.1,16.5,11.0,0.0,0.0,0.0,dry,False,22.0,70.0,11.4
4732603dad2f1f6d5ea670460fce7f96,Cape Town,ZA,2025-09-02,Africa,Mediterranean,2025,9,September,Tuesday,Spring,18.3,9.7,13.9,8.6,0.0,0.0,0.0,dry,False,12.6,85.0,11.44
0827253fe3e11c5fc158330e11f3329e,Cape Town,ZA,2025-09-03,Africa,Mediterranean,2025,9,September,Wednesday,Spring,19.3,9.5,14.3,9.8,0.0,0.0,0.0,dry,False,11.1,84.0,11.47
4462d100ecbe4556cca076e752f8a5a1,Cape Town,ZA,2025-09-04,Africa,Mediterranean,2025,9,September,Thursday,Spring,21.5,12.1,15.7,9.4,0.4,0.4,0.0,light,True,14.6,82.0,11.5
99ea2a2e620ee30e92317f07d77bc6b3,Cape Town,ZA,2025-09-05,Africa,Mediterranean,2025,9,September,Friday,Spring,18.8,12.8,15.2,6.0,0.9,0.9,0.0,light,True,20.6,81.0,11.53
5bc65b1679e83d14fbac0e1e315b0d31,Cape Town,ZA,2025-09-06,Africa,Mediterranean,2025,9,September,Saturday,Spring,18.1,12.1,14.6,6.0,0.0,0.0,0.0,dry,False,20.2,77.0,11.57
2e63ed601c869e2b9e0fa25c74c999fc,Cape Town,ZA,2025-09-07,Africa,Mediterranean,2025,9,September,Sunday,Spring,18.2,12.8,15.0,5.4,0.0,0.0,0.0,dry,False,28.3,79.0,11.6
a48b39b2a297f1a366db01634472f57d,Cape Town,ZA,2025-09-08,Africa,Mediterranean,2025,9,September,Monday,Spring,27.0,12.8,18.8,14.2,0.0,0.0,0.0,dry,False,21.2,68.0,11.64
2e823de74370970519d38e4d6a6b7179,Cape Town,ZA,2025-09-09,Africa,Mediterranean,2025,9,September,Tuesday,Spring,22.4,13.1,16.3,9.3,0.0,0.0,0.0,dry,False,15.3,82.0,11.67
93b85cfebdb15fc7f406713df23d743f,Cape Town,ZA,2025-09-10,Africa,Mediterranean,2025,9,September,Wednesday,Spring,16.7,12.8,14.3,3.9,0.0,0.0,0.0,dry,False,9.8,91.0,11.7
f51a4d5267f180ecf8ab87dc00a30ec1,Cape Town,ZA,2025-09-11,Africa,Mediterranean,2025,9,September,Thursday,Spring,18.3,13.4,15.1,4.9,0.4,0.4,0.0,light,True,19.4,80.0,11.74
ee8c6fc6c0134d1d87f49c71a992413b,Cape Town,ZA,2025-09-12,Africa,Mediterranean,2025,9,September,Friday,Spring,19.1,12.7,15.6,6.4,0.0,0.0,0.0,dry,False,24.9,73.0,11.77
9fc5e479bf63bf9f6be29fd96140e3c0,Cape Town,ZA,2025-09-13,Africa,Mediterranean,2025,9,September,Saturday,Spring,19.7,14.5,16.3,5.2,0.0,0.0,0.0,dry,False,21.0,73.0,11.81
f5044bee8e09846566b0957fb35ac77e,Cape Town,ZA,2025-09-14,Africa,Mediterranean,2025,9,September,Sunday,Spring,20.5,11.7,15.5,8.8,0.0,0.0,0.0,dry,False,14.4,77.0,11.84
a281588d87353060d8694dcf6e97e6f4,Cape Town,ZA,2025-09-15,Africa,Mediterranean,2025,9,September,Monday,Spring,16.2,10.2,13.7,6.0,8.0,8.0,0.0,heavy,True,34.3,87.0,11.88
15f80a18478fb5c1125bf5c862c191a9,Cape Town,ZA,2025-09-16,Africa,Mediterranean,2025,9,September,Tuesday,Spring,16.0,11.4,13.8,4.6,3.3,3.3,0.0,moderate,True,26.9,74.0,11.91
807d81fdd4818c82ce9c49ae1bcf9733,Cape Town,ZA,2025-09-17,Africa,Mediterranean,2025,9,September,Wednesday,Spring,14.8,9.1,12.0,5.7,0.0,0.0,0.0,dry,False,10.0,70.0,11.95
d9f99a5e71ca5bb5a8f1b82797f132a2,Cape Town,ZA,2025-09-18,Africa,Mediterranean,2025,9,September,Thursday,Spring,17.5,8.9,13.0,8.6,0.3,0.3,0.0,light,True,18.9,70.0,11.98
79dc659ec914b27af9e28828392ecf1e,Cape Town,ZA,2025-09-19,Africa,Mediterranean,2025,9,September,Friday,Spring,24.7,10.6,17.3,14.1,0.0,0.0,0.0,dry,False,18.4,63.0,12.02
9b1d2fa7d9295f893b62a6ffc34b70d3,Cape Town,ZA,2025-09-20,Africa,Mediterranean,2025,9,September,Saturday,Spring,18.1,12.1,15.3,6.0,0.0,0.0,0.0,dry,False,14.1,81.0,12.05
d17f8ca36d2583393d2dd7d18fbf6e80,Cape Town,ZA,2025-09-21,Africa,Mediterranean,2025,9,September,Sunday,Spring,17.9,11.4,14.5,6.5,2.0,2.0,0.0,light,True,24.4,84.0,12.09
d53ed46d920080627ebcfe3c3f023ebb,Cape Town,ZA,2025-09-22,Africa,Mediterranean,2025,9,September,Monday,Spring,17.8,11.0,14.2,6.8,0.1,0.1,0.0,light,True,14.6,74.0,12.12
fee74639bbb6270ee9d932ab2c7d5ecb,Cape Town,ZA,2025-09-23,Africa,Mediterranean,2025,9,September,Tuesday,Spring,16.2,8.2,12.5,8.0,1.0,1.0,0.0,light,True,19.2,75.0,12.16
eff5a7266eb36e6b52148e6e950eaeb2,Cape Town,ZA,2025-09-24,Africa,Mediterranean,2025,9,September,Wednesday,Spring,17.4,12.5,14.6,4.9,0.0,0.0,0.0,dry,False,27.9,67.0,12.19
eb2b0bc8ababfce7d437c814e0ef4820,Cape Town,ZA,2025-09-25,Africa,Mediterranean,2025,9,September,Thursday,Spring,19.8,11.9,15.4,7.9,0.0,0.0,0.0,dry,False,25.4,65.0,12.23
5eced4d0b6cf3a0cd2170cda92eed884,Cape Town,ZA,2025-09-26,Africa,Mediterranean,2025,9,September,Friday,Spring,24.0,13.8,17.9,10.2,0.0,0.0,0.0,dry,False,26.4,61.0,12.26
d871d29996408dddec5fac354d4a82b8,Cape Town,ZA,2025-09-27,Africa,Mediterranean,2025,9,September,Saturday,Spring,24.4,12.1,17.3,12.3,0.0,0.0,0.0,dry,False,23.8,76.0,12.3
4ef0c883257c48c12ca35031f4a752d4,Cape Town,ZA,2025-09-28,Africa,Mediterranean,2025,9,September,Sunday,Spring,20.8,14.7,17.0,6.1,0.3,0.3,0.0,light,True,23.6,78.0,12.33
059876eb02ab1637afcc7106a60025d4,Cape Town,ZA,2025-09-29,Africa,Mediterranean,2025,9,September,Monday,Spring,21.5,14.5,17.1,7.0,0.0,0.0,0.0,dry,False,23.9,70.0,12.37
d0531c28cff45821b6afb91e17a1378e,Cape Town,ZA,2025-09-30,Africa,Mediterranean,2025,9,September,Tuesday,Spring,33.1,12.2,21.3,20.9,0.0,0.0,0.0,dry,False,18.7,54.0,12.4
3b1c60b7d34967cadc3427bef1ca761a,Cape Town,ZA,2025-10-01,Africa,Mediterranean,2025,10,October,Wednesday,Spring,18.5,12.7,14.8,5.8,3.3,3.3,0.0,moderate,True,28.1,84.0,12.44
5ebd98867c21b973b11a7b23be285ed1,Cape Town,ZA,2025-10-02,Africa,Mediterranean,2025,10,October,Thursday,Spring,17.0,11.4,13.9,5.6,0.1,0.1,0.0,light,True,28.4,61.0,12.47
ce83a38c68f9f23d2ed5e0c45fa24d22,Cape Town,ZA,2025-10-03,Africa,Mediterranean,2025,10,October,Friday,Spring,25.2,11.2,17.5,14.0,0.0,0.0,0.0,dry,False,26.4,56.0,12.51
e538f500fa00f2a59e50982569acf17a,Cape Town,ZA,2025-10-04,Africa,Mediterranean,2025,10,October,Saturday,Spring,18.0,11.4,14.8,6.6,1.2,1.2,0.0,light,True,21.1,80.0,12.54
91a38dd62001798a648550de7e5fd788,Cape Town,ZA,2025-10-05,Africa,Mediterranean,2025,10,October,Sunday,Spring,17.0,10.5,14.2,6.5,0.2,0.2,0.0,light,True,22.0,75.0,12.58
49f1f078e7a21262f50e0a255f2c0940,Cape Town,ZA,2025-10-06,Africa,Mediterranean,2025,10,October,Monday,Spring,17.5,13.4,15.0,4.1,6.2,6.2,0.0,moderate,True,25.5,84.0,12.61
4f3499ed8844c6d904db248548c5dd86,Cape Town,ZA,2025-10-07,Africa,Mediterranean,2025,10,October,Tuesday,Spring,17.8,11.9,14.6,5.9,0.4,0.4,0.0,light,True,18.1,84.0,12.65
c317a600d8bbb025346e4a19953bd7a1,Cape Town,ZA,2025-10-08,Africa,Mediterranean,2025,10,October,Wednesday,Spring,20.1,10.7,15.2,9.4,0.0,0.0,0.0,dry,False,21.3,80.0,12.68
a97fe5899aeda71cf05fa6d4711d8233,Cape Town,ZA,2025-10-09,Africa,Mediterranean,2025,10,October,Thursday,Spring,27.6,14.6,19.2,13.0,0.0,0.0,0.0,dry,False,22.5,60.0,12.72
0bc7f0035c30aaefaf913ba0e8cbfd84,Cape Town,ZA,2025-10-10,Africa,Mediterranean,2025,10,October,Friday,Spring,23.8,13.9,18.2,9.9,0.0,0.0,0.0,dry,False,24.4,80.0,12.75
867c68736268c519fa6aa895d5378528,Cape Town,ZA,2025-10-11,Africa,Mediterranean,2025,10,October,Saturday,Spring,23.7,14.8,18.2,8.9,0.0,0.0,0.0,dry,False,21.6,81.0,12.79
6a661a0738749df5390df055e9ff497a,Cape Town,ZA,2025-10-12,Africa,Mediterranean,2025,10,October,Sunday,Spring,22.9,15.7,18.5,7.2,0.0,0.0,0.0,dry,False,23.0,75.0,12.82
e8d0311d140da794c0155ee2f972bdcf,Cape Town,ZA,2025-10-13,Africa,Mediterranean,2025,10,October,Monday,Spring,18.6,13.2,16.1,5.4,1.7,1.7,0.0,light,True,20.0,90.0,12.86
a105a66b94c15f8e7dc1fb3b1f0bdd6a,Cape Town,ZA,2025-10-14,Africa,Mediterranean,2025,10,October,Tuesday,Spring,19.0,13.1,15.9,5.9,2.1,2.1,0.0,light,True,18.4,78.0,12.89
06c03c4a42dab05b6ce237ad9314b987,Cape Town,ZA,2025-10-15,Africa,Mediterranean,2025,10,October,Wednesday,Spring,18.4,10.8,14.7,7.6,0.0,0.0,0.0,dry,False,18.7,66.0,12.92
4637b28a3d33d32a7222324d731f5a6e,Cape Town,ZA,2025-10-16,Africa,Mediterranean,2025,10,October,Thursday,Spring,17.5,13.0,15.3,4.5,0.0,0.0,0.0,dry,False,28.5,59.0,12.96
4fe29c8510ea9817ce988c23e7f58d04,Cape Town,ZA,2025-10-17,Africa,Mediterranean,2025,10,October,Friday,Spring,26.2,9.8,17.5,16.4,0.0,0.0,0.0,dry,False,12.2,63.0,12.99
40d743ab593b3a13ff8f6881ad351f54,Cape Town,ZA,2025-10-18,Africa,Mediterranean,2025,10,October,Saturday,Spring,20.4,14.5,16.9,5.9,0.0,0.0,0.0,dry,False,20.1,66.0,13.03
2f2a185db788b9237ee4a3c9ec1e5aba,Cape Town,ZA,2025-10-19,Africa,Mediterranean,2025,10,October,Sunday,Spring,21.8,14.5,17.5,7.3,0.0,0.0,0.0,dry,False,27.5,63.0,13.06
18da025e8a8b91b15328241947e5014d,Cape Town,ZA,2025-10-20,Africa,Mediterranean,2025,10,October,Monday,Spring,27.1,13.6,19.6,13.5,0.0,0.0,0.0,dry,False,23.2,62.0,13.09
89975824d98815c0a30c0e81ad00f78d,Cape Town,ZA,2025-10-21,Africa,Mediterranean,2025,10,October,Tuesday,Spring,29.4,14.4,20.9,15.0,0.0,0.0,0.0,dry,False,27.3,62.0,13.13
da799f3ed26578655120385da07e33be,Cape Town,ZA,2025-10-22,Africa,Mediterranean,2025,10,October,Wednesday,Spring,32.9,14.5,22.8,18.4,0.0,0.0,0.0,dry,False,14.6,55.0,13.16
8b125dd597bbed485bb183338978a647,Cape Town,ZA,2025-10-23,Africa,Mediterranean,2025,10,October,Thursday,Spring,19.4,14.4,16.6,5.0,0.6,0.6,0.0,light,True,14.4,82.0,13.2
afbc0d8bacbc9f6cf5e4725dbca913da,Cape Town,ZA,2025-10-24,Africa,Mediterranean,2025,10,October,Friday,Spring,21.0,14.3,16.8,6.7,0.0,0.0,0.0,dry,False,19.9,66.0,13.23
305419429dbfb5c8601fe9d40f8d0e39,Cape Town,ZA,2025-10-25,Africa,Mediterranean,2025,10,October,Saturday,Spring,18.0,12.9,15.3,5.1,1.4,1.4,0.0,light,True,18.0,65.0,13.26
a903e4cef59ac4a4aeebe6998556255f,Cape Town,ZA,2025-10-26,Africa,Mediterranean,2025,10,October,Sunday,Spring,17.9,11.8,14.3,6.1,1.9,1.9,0.0,light,True,19.0,62.0,13.3
852816ea7ce752826a380e8aa80f4f12,Cape Town,ZA,2025-10-27,Africa,Mediterranean,2025,10,October,Monday,Spring,18.3,11.3,14.6,7.0,0.1,0.1,0.0,light,True,17.5,71.0,13.33
fbb0c69d75eca67407fe57dd53d57a5f,Cape Town,ZA,2025-10-28,Africa,Mediterranean,2025,10,October,Tuesday,Spring,22.4,11.3,16.8,11.1,0.0,0.0,0.0,dry,False,21.7,72.0,13.36
ccfde33eff6af1a5ba8e247f71f537cd,Cape Town,ZA,2025-10-29,Africa,Mediterranean,2025,10,October,Wednesday,Spring,22.0,15.4,18.1,6.6,0.0,0.0,0.0,dry,False,32.4,69.0,13.39
59746458b62e05ea1cb1d4fdab03c646,Cape Town,ZA,2025-10-30,Africa,Mediterranean,2025,10,October,Thursday,Spring,32.1,15.6,22.7,16.5,0.0,0.0,0.0,dry,False,31.3,58.0,13.43
9ab0b7533b26ec9376974d38a7a78ad7,Cape Town,ZA,2025-10-31,Africa,Mediterranean,2025,10,October,Friday,Spring,18.9,14.2,16.8,4.7,2.7,2.7,0.0,moderate,True,23.2,83.0,13.46
9afffb5bda3647d799ce795222b7e258,Cape Town,ZA,2025-11-01,Africa,Mediterranean,2025,11,November,Saturday,Spring,18.7,13.6,15.8,5.1,1.9,1.9,0.0,light,True,20.4,67.0,13.49
3b408b2cb736908f67001a7d21a82e85,Cape Town,ZA,2025-11-02,Africa,Mediterranean,2025,11,November,Sunday,Spring,22.2,11.4,16.8,10.8,0.0,0.0,0.0,dry,False,23.2,58.0,13.52
98e91e85d7a03f29d88db2c9ca10bf12,Cape Town,ZA,2025-11-03,Africa,Mediterranean,2025,11,November,Monday,Spring,24.6,12.0,17.8,12.6,0.0,0.0,0.0,dry,False,24.7,70.0,13.55
4e3cd2f445bbbee484ddaa1b3bf37704,Cape Town,ZA,2025-11-04,Africa,Mediterranean,2025,11,November,Tuesday,Spring,23.1,14.1,18.5,9.0,0.0,0.0,0.0,dry,False,25.7,66.0,13.58
bfac983846cbe3b9c5654f1111d1bf48,Cape Town,ZA,2025-11-05,Africa,Mediterranean,2025,11,November,Wednesday,Spring,24.3,16.2,19.7,8.1,0.0,0.0,0.0,dry,False,29.0,71.0,13.61
d471444e2f2a0ec5f2acb2ec214c9751,Cape Town,ZA,2025-11-06,Africa,Mediterranean,2025,11,November,Thursday,Spring,27.7,17.2,21.5,10.5,0.0,0.0,0.0,dry,False,28.4,60.0,13.64
71df2e7b9a7de29314728fac1fe6cc0a,Cape Town,ZA,2025-11-07,Africa,Mediterranean,2025,11,November,Friday,Spring,33.7,16.2,23.3,17.5,0.0,0.0,0.0,dry,False,21.4,58.0,13.67
c9751881b0f40d2071d0250714f78c42,Cape Town,ZA,2025-11-08,Africa,Mediterranean,2025,11,November,Saturday,Spring,35.0,17.7,25.0,17.3,0.0,0.0,0.0,dry,False,17.2,58.0,13.7
0c3bdb813c0090d139ad5302ef425ac5,Cape Town,ZA,2025-11-09,Africa,Mediterranean,2025,11,November,Sunday,Spring,29.1,17.4,23.2,11.7,0.0,0.0,0.0,dry,False,13.9,66.0,13.73
1abd1e9e39b3392fdb42aeb392235cf1,Cape Town,ZA,2025-11-10,Africa,Mediterranean,2025,11,November,Monday,Spring,22.7,15.0,18.2,7.7,0.2,0.2,0.0,light,True,15.0,86.0,13.76
b921ebd518f0ba684c00813f0eab6669,Cape Town,ZA,2025-11-11,Africa,Mediterranean,2025,11,November,Tuesday,Spring,27.4,17.5,21.4,9.9,0.1,0.1,0.0,light,True,21.9,77.0,13.78
ee752ce77193e2cf378e37b2917f4f29,Cape Town,ZA,2025-11-12,Africa,Mediterranean,2025,11,November,Wednesday,Spring,26.0,17.0,21.0,9.0,0.0,0.0,0.0,dry,False,16.0,74.0,13.81
80e8bb14bf09ddab3e602af7932010dd,Cape Town,ZA,2025-11-13,Africa,Mediterranean,2025,11,November,Thursday,Spring,25.5,16.8,20.6,8.7,0.0,0.0,0.0,dry,False,27.5,66.0,13.84
b9be85e45259075bd2004baae682289d,Cape Town,ZA,2025-11-14,Africa,Mediterranean,2025,11,November,Friday,Spring,24.2,16.5,19.8,7.7,0.0,0.0,0.0,dry,False,31.6,73.0,13.87
4168ab4bae06d70ca0cd14967db27666,Cape Town,ZA,2025-11-15,Africa,Mediterranean,2025,11,November,Saturday,Spring,21.9,16.7,18.7,5.2,0.0,0.0,0.0,dry,False,28.8,61.0,13.89
ed4b9261327d34af1044ecb397ffb97c,Cape Town,ZA,2025-11-16,Africa,Mediterranean,2025,11,November,Sunday,Spring,23.3,16.4,19.0,6.9,0.0,0.0,0.0,dry,False,33.6,60.0,13.92
a976ebe955dcd298f53adacc1bd92596,Cape Town,ZA,2025-11-17,Africa,Mediterranean,2025,11,November,Monday,Spring,28.6,14.4,20.1,14.2,0.0,0.0,0.0,dry,False,25.5,59.0,13.95
be88ad69334d6cc58ecef8f82a671904,Cape Town,ZA,2025-11-18,Africa,Mediterranean,2025,11,November,Tuesday,Spring,24.1,16.2,19.5,7.9,0.0,0.0,0.0,dry,False,30.3,63.0,13.97
3550ac7137fea0cf87e28f2e89323c5b,Cape Town,ZA,2025-11-19,Africa,Mediterranean,2025,11,November,Wednesday,Spring,24.3,16.8,19.9,7.5,0.0,0.0,0.0,dry,False,31.0,60.0,14.0
c49407a93819207074049602c9e86b5e,Cape Town,ZA,2025-11-20,Africa,Mediterranean,2025,11,November,Thursday,Spring,24.1,16.3,19.7,7.8,0.0,0.0,0.0,dry,False,31.8,68.0,14.02
fcbabc01c778c3b282a695487d141924,Cape Town,ZA,2025-11-21,Africa,Mediterranean,2025,11,November,Friday,Spring,24.7,18.1,20.7,6.6,0.0,0.0,0.0,dry,False,31.6,65.0,14.04
9bb46dbfe977083792ca9f9485b82dd0,Cape Town,ZA,2025-11-22,Africa,Mediterranean,2025,11,November,Saturday,Spring,27.3,17.7,21.1,9.6,0.0,0.0,0.0,dry,False,34.2,69.0,14.07
dea6b098160bc658d9ae5d0633b14dac,Cape Town,ZA,2025-11-23,Africa,Mediterranean,2025,11,November,Sunday,Spring,24.2,18.1,20.4,6.1,0.0,0.0,0.0,dry,False,29.7,68.0,14.09
6605e2353105049e37120be12f835927,Cape Town,ZA,2025-11-24,Africa,Mediterranean,2025,11,November,Monday,Spring,26.4,16.6,20.6,9.8,0.0,0.0,0.0,dry,False,24.4,65.0,14.11
1d506838eebee4ba0dec8ffc22568955,Cape Town,ZA,2025-11-25,Africa,Mediterranean,2025,11,November,Tuesday,Spring,34.3,15.5,24.9,18.8,0.0,0.0,0.0,dry,False,22.1,49.0,14.13
b9115c653aae250a14d5ce7ba0071e7c,Cape Town,ZA,2025-11-26,Africa,Mediterranean,2025,11,November,Wednesday,Spring,25.5,17.7,21.0,7.8,0.0,0.0,0.0,dry,False,27.6,77.0,14.15
25ca4547cb7a3e0da780e77deac6f211,Cape Town,ZA,2025-11-27,Africa,Mediterranean,2025,11,November,Thursday,Spring,30.2,18.2,23.4,12.0,0.0,0.0,0.0,dry,False,24.2,60.0,14.17
0e0eb1a40b1e28475796dc4cbd91cd7e,Cape Town,ZA,2025-11-28,Africa,Mediterranean,2025,11,November,Friday,Spring,20.7,13.6,18.5,7.1,0.0,0.0,0.0,dry,False,18.4,79.0,14.19
cafb77382d90656a19c3baacb41f1471,Cape Town,ZA,2025-11-29,Africa,Mediterranean,2025,11,November,Saturday,Spring,24.5,17.7,20.9,6.8,0.2,0.2,0.0,light,True,20.4,68.0,14.21
19bb4d88fe80fd424ad3986577568886,Cape Town,ZA,2025-11-30,Africa,Mediterranean,2025,11,November,Sunday,Spring,26.3,17.4,20.9,8.9,0.0,0.0,0.0,dry,False,24.6,63.0,14.23
f3f8f1671265cf0892fdb970aaf20e50,Cape Town,ZA,2025-12-01,Africa,Mediterranean,2025,12,December,Monday,Summer,28.2,16.8,21.5,11.4,0.0,0.0,0.0,dry,False,23.4,65.0,14.24
adc5464848eb2bd7c728a533c0f1546b,Cape Town,ZA,2025-12-02,Africa,Mediterranean,2025,12,December,Tuesday,Summer,26.7,18.4,21.7,8.3,0.0,0.0,0.0,dry,False,22.8,70.0,14.26
4e8785885ecf0c70d6e979caa6b0beba,Cape Town,ZA,2025-12-03,Africa,Mediterranean,2025,12,December,Wednesday,Summer,27.5,17.4,21.4,10.1,0.0,0.0,0.0,dry,False,27.0,65.0,14.27
649a538bf684ca74d378069dcef9c052,Cape Town,ZA,2025-12-04,Africa,Mediterranean,2025,12,December,Thursday,Summer,34.4,16.3,23.2,18.1,0.0,0.0,0.0,dry,False,21.6,58.0,14.29
3166b5d5bff626bc188f5af7c3690971,Cape Town,ZA,2025-12-05,Africa,Mediterranean,2025,12,December,Friday,Summer,25.9,17.6,20.6,8.3,0.0,0.0,0.0,dry,False,26.3,69.0,14.3
aa09a36abc658c671a098b32fcb806c0,Cape Town,ZA,2025-12-06,Africa,Mediterranean,2025,12,December,Saturday,Summer,24.3,17.5,20.2,6.8,0.0,0.0,0.0,dry,False,30.9,57.0,14.32
2a792b1a1700de622c684c2a3d1134b2,Cape Town,ZA,2025-12-07,Africa,Mediterranean,2025,12,December,Sunday,Summer,27.3,16.8,20.7,10.5,0.0,0.0,0.0,dry,False,28.1,61.0,14.33
7bfb38907cab056581a2ecb2c6008717,Cape Town,ZA,2025-12-08,Africa,Mediterranean,2025,12,December,Monday,Summer,25.5,16.8,20.9,8.7,0.0,0.0,0.0,dry,False,21.9,65.0,14.34
61366e6e2bdec83c1fd98fbffaab1d71,Cape Town,ZA,2025-12-09,Africa,Mediterranean,2025,12,December,Tuesday,Summer,24.9,16.9,20.3,8.0,1.7,1.7,0.0,light,True,28.4,72.0,14.35
ad020f1e882f0ba5b4f9c242757601d1,Cape Town,ZA,2025-12-10,Africa,Mediterranean,2025,12,December,Wednesday,Summer,29.0,16.7,21.8,12.3,0.0,0.0,0.0,dry,False,24.7,59.0,14.36
51b13afdbc1363886a5ddf30ab63407f,Cape Town,ZA,2025-12-11,Africa,Mediterranean,2025,12,December,Thursday,Summer,27.4,15.1,21.4,12.3,0.0,0.0,0.0,dry,False,13.4,68.0,14.37
434c86e12d316a23426c45a3b89d5e2c,Cape Town,ZA,2025-12-12,Africa,Mediterranean,2025,12,December,Friday,Summer,20.4,15.2,17.2,5.2,7.1,7.1,0.0,moderate,True,27.6,86.0,14.38
be3c2c08878d278e6cd7a2b4132f1395,Cape Town,ZA,2025-12-13,Africa,Mediterranean,2025,12,December,Saturday,Summer,19.9,13.4,16.9,6.5,0.1,0.1,0.0,light,True,17.0,62.0,14.39
9f1ec2c832cb17989fe95e226bce048c,Cape Town,ZA,2025-12-14,Africa,Mediterranean,2025,12,December,Sunday,Summer,23.5,12.3,18.1,11.2,0.0,0.0,0.0,dry,False,15.8,61.0,14.4
b7a60f3496caaa1c530d9e724a9e59f2,Cape Town,ZA,2025-12-15,Africa,Mediterranean,2025,12,December,Monday,Summer,25.5,16.2,20.7,9.3,0.0,0.0,0.0,dry,False,18.0,67.0,14.4
dcd787e859da28ab1df5582dafea7496,Cape Town,ZA,2025-12-16,Africa,Mediterranean,2025,12,December,Tuesday,Summer,23.2,16.5,20.0,6.7,0.7,0.7,0.0,light,True,19.8,75.0,14.41
9652c7d90e8f2f015a079f0f43cb98b3,Cape Town,ZA,2025-12-17,Africa,Mediterranean,2025,12,December,Wednesday,Summer,21.8,16.1,18.7,5.7,0.1,0.1,0.0,light,True,19.8,57.0,14.41
73eaf8277eb390d38d7f8b6a7b6d04d1,Cape Town,ZA,2025-12-18,Africa,Mediterranean,2025,12,December,Thursday,Summer,24.5,15.4,19.6,9.1,0.0,0.0,0.0,dry,False,25.5,58.0,14.41
f7a42e0f5115d115e1f7f63d6df7b61e,Cape Town,ZA,2025-12-19,Africa,Mediterranean,2025,12,December,Friday,Summer,24.9,16.7,20.2,8.2,0.0,0.0,0.0,dry,False,31.7,65.0,14.42
5a97db5ebbe84308eec0177bc12d1b1f,Cape Town,ZA,2025-12-20,Africa,Mediterranean,2025,12,December,Saturday,Summer,26.4,17.6,21.6,8.8,0.0,0.0,0.0,dry,False,32.2,65.0,14.42
fe3085fb6d1a43f8f1a2db24bfc9d994,Cape Town,ZA,2025-12-21,Africa,Mediterranean,2025,12,December,Sunday,Summer,33.4,17.5,24.2,15.9,0.0,0.0,0.0,dry,False,22.4,63.0,14.42
99e57b70662879c26a57923bd9105572,Cape Town,ZA,2025-12-22,Africa,Mediterranean,2025,12,December,Monday,Summer,29.0,18.8,23.1,10.2,0.0,0.0,0.0,dry,False,24.3,77.0,14.42
f94757dd3dc59391da62e5a9510ee98e,Cape Town,ZA,2025-12-23,Africa,Mediterranean,2025,12,December,Tuesday,Summer,24.9,19.0,21.7,5.9,0.2,0.2,0.0,light,True,26.8,72.0,14.42
2533bef24df84df382824ebe350d9231,Cape Town,ZA,2025-12-24,Africa,Mediterranean,2025,12,December,Wednesday,Summer,23.9,18.0,20.5,5.9,0.0,0.0,0.0,dry,False,31.5,73.0,14.41
8f304d21500b52e562b7232e91fa5242,Cape Town,ZA,2025-12-25,Africa,Mediterranean,2025,12,December,Thursday,Summer,28.1,16.7,21.6,11.4,0.0,0.0,0.0,dry,False,29.9,72.0,14.41
cad033b886e05bbd223a219c39d1e923,Cape Town,ZA,2025-12-26,Africa,Mediterranean,2025,12,December,Friday,Summer,26.6,18.0,21.4,8.6,0.0,0.0,0.0,dry,False,27.0,70.0,14.41
e5f82558bf85f95e1c192b097624fd51,Cape Town,ZA,2025-12-27,Africa,Mediterranean,2025,12,December,Saturday,Summer,26.1,17.6,21.2,8.5,0.0,0.0,0.0,dry,False,25.8,67.0,14.4
24d371ebbcfa5e96b554f66530e1614c,Cape Town,ZA,2025-12-28,Africa,Mediterranean,2025,12,December,Sunday,Summer,28.3,17.6,22.1,10.7,0.0,0.0,0.0,dry,False,24.7,66.0,14.4
652185ef6295e54b9fcc4f6a6e471f35,Cape Town,ZA,2025-12-29,Africa,Mediterranean,2025,12,December,Monday,Summer,34.0,18.0,26.0,16.0,0.0,0.0,0.0,dry,False,17.3,57.0,14.39
416a6b4cf33928b1717deead3d8df717,Cape Town,ZA,2025-12-30,Africa,Mediterranean,2025,12,December,Tuesday,Summer,24.9,16.4,20.3,8.5,0.0,0.0,0.0,dry,False,13.9,80.0,14.38
d3d164208a3473f7d2f55f3b54c0dd62,Cape Town,ZA,2025-12-31,Africa,Mediterranean,2025,12,December,Wednesday,Summer,27.5,18.9,22.3,8.6,0.0,0.0,0.0,dry,False,25.8,83.0,14.38
acbae5e55e61d23779a3bcc074ae8396,Cape Town,ZA,2026-01-01,Africa,Mediterranean,2026,1,January,Thursday,Summer,28.7,18.9,22.7,9.8,0.0,0.0,0.0,dry,False,19.5,77.0,14.37
aeaeb14b5da537b784143981b951aa7d,Cape Town,ZA,2026-01-02,Africa,Mediterranean,2026,1,January,Friday,Summer,26.4,18.6,22.6,7.8,0.0,0.0,0.0,dry,False,16.7,74.0,14.36
3e11fe533a375387e843b950f49b73ff,Cape Town,ZA,2026-01-03,Africa,Mediterranean,2026,1,January,Saturday,Summer,25.7,19.1,21.9,6.6,0.0,0.0,0.0,dry,False,30.9,78.0,14.35
7817f49f851162337fba65c27db5977b,Cape Town,ZA,2026-01-04,Africa,Mediterranean,2026,1,January,Sunday,Summer,29.6,19.3,22.8,10.3,0.0,0.0,0.0,dry,False,29.7,67.0,14.34
a46f500719e61cfc0825653a009193ef,Cape Town,ZA,2026-01-05,Africa,Mediterranean,2026,1,January,Monday,Summer,28.6,17.0,22.4,11.6,0.0,0.0,0.0,dry,False,20.7,66.0,14.32
151e798f0754dbc9ec9e1c2612a7a858,Cape Town,ZA,2026-01-06,Africa,Mediterranean,2026,1,January,Tuesday,Summer,23.1,17.7,20.1,5.4,3.9,3.9,0.0,moderate,True,18.6,89.0,14.31
c36e33507ae8892dee9e8f113c2aa68e,Cape Town,ZA,2026-01-07,Africa,Mediterranean,2026,1,January,Wednesday,Summer,25.1,17.1,20.6,8.0,0.0,0.0,0.0,dry,False,17.7,62.0,14.3
8979b85c1afeab07144bbf46c0e2c23f,Cape Town,ZA,2026-01-08,Africa,Mediterranean,2026,1,January,Thursday,Summer,23.3,13.7,19.3,9.6,0.5,0.5,0.0,light,True,21.4,75.0,14.28
5eb651d820b1df48d672ac59f892e870,Cape Town,ZA,2026-01-09,Africa,Mediterranean,2026,1,January,Friday,Summer,24.2,17.7,20.6,6.5,0.0,0.0,0.0,dry,False,32.6,64.0,14.27
69ee8cd29cd4b64f07675d6357170d53,Cape Town,ZA,2026-01-10,Africa,Mediterranean,2026,1,January,Saturday,Summer,33.9,17.9,24.2,16.0,0.0,0.0,0.0,dry,False,31.6,57.0,14.25
0a342c524af7f8f66842ed61cd04de43,Cape Town,ZA,2026-01-11,Africa,Mediterranean,2026,1,January,Sunday,Summer,34.2,18.6,24.6,15.6,0.0,0.0,0.0,dry,False,19.9,70.0,14.23
4309e1799bf2b01f451da4ed58a0a5da,Cape Town,ZA,2026-01-12,Africa,Mediterranean,2026,1,January,Monday,Summer,27.0,19.5,22.4,7.5,0.2,0.2,0.0,light,True,19.7,78.0,14.21
049273ba704a36179a68712f7f91a751,Cape Town,ZA,2026-01-13,Africa,Mediterranean,2026,1,January,Tuesday,Summer,27.3,17.9,22.0,9.4,0.0,0.0,0.0,dry,False,17.5,69.0,14.2
9244438c7b0e00cd4fe24f004cf2f6ab,Cape Town,ZA,2026-01-14,Africa,Mediterranean,2026,1,January,Wednesday,Summer,26.1,15.4,20.8,10.7,0.6,0.6,0.0,light,True,25.9,70.0,14.18
7baafafec547ea7ece0893e8c67074c8,Cape Town,ZA,2026-01-15,Africa,Mediterranean,2026,1,January,Thursday,Summer,21.3,16.9,18.4,4.4,0.0,0.0,0.0,dry,False,32.3,64.0,14.16
6f6ca09f376f4d350e91ac229f3cd0c0,Cape Town,ZA,2026-01-16,Africa,Mediterranean,2026,1,January,Friday,Summer,22.8,16.8,19.0,6.0,0.0,0.0,0.0,dry,False,23.8,59.0,14.14
2b3f8ea33e49e2991c93520a004df46f,Cape Town,ZA,2026-01-17,Africa,Mediterranean,2026,1,January,Saturday,Summer,22.3,13.8,18.8,8.5,0.8,0.8,0.0,light,True,19.0,66.0,14.11
cc1f3b05cd989adc026224c34389f9e6,Cape Town,ZA,2026-01-18,Africa,Mediterranean,2026,1,January,Sunday,Summer,22.9,14.0,18.9,8.9,0.0,0.0,0.0,dry,False,21.8,53.0,14.09
05df3a3d0ae1883dbf7c6b37e4626b32,Cape Town,ZA,2026-01-19,Africa,Mediterranean,2026,1,January,Monday,Summer,25.2,16.8,20.5,8.4,0.0,0.0,0.0,dry,False,29.8,57.0,14.07
6acbf206ae909b9333928242b3c5c241,Cape Town,ZA,2026-01-20,Africa,Mediterranean,2026,1,January,Tuesday,Summer,26.7,17.5,21.5,9.2,0.0,0.0,0.0,dry,False,31.4,67.0,14.05
e172a875a95c5c1758e9f8a10ba21373,Cape Town,ZA,2026-01-21,Africa,Mediterranean,2026,1,January,Wednesday,Summer,27.7,16.4,21.3,11.3,0.0,0.0,0.0,dry,False,31.0,67.0,14.03
387fa85bbabe6bde49d95fa0ec4f31c3,Cape Town,ZA,2026-01-22,Africa,Mediterranean,2026,1,January,Thursday,Summer,24.5,17.7,20.2,6.8,0.1,0.1,0.0,light,True,24.4,71.0,14.0
7065aa71771d73d52857b994e7ceff84,Cape Town,ZA,2026-01-23,Africa,Mediterranean,2026,1,January,Friday,Summer,24.3,15.8,19.8,8.5,0.0,0.0,0.0,dry,False,17.6,59.0,13.98
c92879b6a3708401199007db1f629beb,Cape Town,ZA,2026-01-24,Africa,Mediterranean,2026,1,January,Saturday,Summer,26.6,14.5,20.5,12.1,0.0,0.0,0.0,dry,False,17.3,67.0,13.95
e40ec2d3b0f9d3b7fe425785c5eeebc0,Cape Town,ZA,2026-01-25,Africa,Mediterranean,2026,1,January,Sunday,Summer,27.1,17.5,22.0,9.6,0.0,0.0,0.0,dry,False,18.3,71.0,13.93
3271c604dcdbfecced25344116a249c0,Cape Town,ZA,2026-01-26,Africa,Mediterranean,2026,1,January,Monday,Summer,25.8,18.0,21.4,7.8,0.3,0.3,0.0,light,True,17.8,73.0,13.9
efec39b5945c2ac524cd749bf3cc5985,Cape Town,ZA,2026-01-27,Africa,Mediterranean,2026,1,January,Tuesday,Summer,25.8,16.8,21.3,9.0,0.0,0.0,0.0,dry,False,18.1,69.0,13.87
4c7ddb54e16a06a5f15b9ed87da1df1b,Cape Town,ZA,2026-01-28,Africa,Mediterranean,2026,1,January,Wednesday,Summer,25.4,18.2,21.2,7.2,0.0,0.0,0.0,dry,False,28.0,63.0,13.85
32ff0e948a98528ad3184ef96d0a9273,Cape Town,ZA,2026-01-29,Africa,Mediterranean,2026,1,January,Thursday,Summer,31.5,18.1,23.6,13.4,0.0,0.0,0.0,dry,False,27.2,61.0,13.82
52262e0a4a5738f6ee5fd30689b98c15,Cape Town,ZA,2026-01-30,Africa,Mediterranean,2026,1,January,Friday,Summer,29.8,19.8,24.1,10.0,0.0,0.0,0.0,dry,False,19.2,72.0,13.79
da36cbb9818c7136e52fc07e364b6b1b,Cape Town,ZA,2026-01-31,Africa,Mediterranean,2026,1,January,Saturday,Summer,27.2,18.9,22.4,8.3,0.0,0.0,0.0,dry,False,27.6,78.0,13.76
c1e3d8b178fc4f9f624c6f99c429dd08,Cape Town,ZA,2026-02-01,Africa,Mediterranean,2026,2,February,Sunday,Summer,28.5,19.1,22.9,9.4,0.0,0.0,0.0,dry,False,22.1,76.0,13.73
3306df96581de7efdf3767e17965b6a5,Cape Town,ZA,2026-02-02,Africa,Mediterranean,2026,2,February,Monday,Summer,25.8,20.8,22.5,5.0,0.3,0.3,0.0,light,True,22.0,77.0,13.7
164b08c3496ab21c93be3e5adf6018e0,Cape Town,ZA,2026-02-03,Africa,Mediterranean,2026,2,February,Tuesday,Summer,26.8,20.4,22.8,6.4,0.0,0.0,0.0,dry,False,20.6,77.0,13.67
f4cbaa99243460d99f3027f3e21ab578,Cape Town,ZA,2026-02-04,Africa,Mediterranean,2026,2,February,Wednesday,Summer,30.6,21.6,24.5,9.0,0.0,0.0,0.0,dry,False,19.6,75.0,13.64
859fe46b72f97380134257973c4126a8,Cape Town,ZA,2026-02-05,Africa,Mediterranean,2026,2,February,Thursday,Summer,27.2,21.0,23.5,6.2,0.1,0.1,0.0,light,True,23.0,79.0,13.61
b9d79a4d2bca35c3934d011baedd9c5f,Cape Town,ZA,2026-02-06,Africa,Mediterranean,2026,2,February,Friday,Summer,28.6,20.0,23.2,8.6,0.0,0.0,0.0,dry,False,23.3,74.0,13.58
e88b01d267c596170d6f92da682b7388,Cape Town,ZA,2026-02-07,Africa,Mediterranean,2026,2,February,Saturday,Summer,23.4,18.4,21.1,5.0,0.0,0.0,0.0,dry,False,16.5,75.0,13.55
d0b19d0d3cb3de98406209621f14fdf5,Cape Town,ZA,2026-02-08,Africa,Mediterranean,2026,2,February,Sunday,Summer,27.8,19.2,23.3,8.6,0.0,0.0,0.0,dry,False,28.8,66.0,13.52
930d9f97ddcc117e1dc0be2c03e0f8b4,Cape Town,ZA,2026-02-09,Africa,Mediterranean,2026,2,February,Monday,Summer,25.9,20.2,22.2,5.7,9.2,9.2,0.0,heavy,True,23.3,81.0,13.49
b521af285b82ae616a1818f10ec3d25d,Cape Town,ZA,2026-02-10,Africa,Mediterranean,2026,2,February,Tuesday,Summer,27.9,20.0,23.6,7.9,0.0,0.0,0.0,dry,False,24.8,80.0,13.46
126946604e5abed794b3ddbae34c9b9b,Cape Town,ZA,2026-02-11,Africa,Mediterranean,2026,2,February,Wednesday,Summer,26.0,20.7,22.7,5.3,0.2,0.2,0.0,light,True,26.8,79.0,13.43
cf43ebcac3d91448e27038134e2d0d47,Cape Town,ZA,2026-02-12,Africa,Mediterranean,2026,2,February,Thursday,Summer,22.9,18.3,20.3,4.6,0.0,0.0,0.0,dry,False,32.9,70.0,13.39
41ffcadd2bfb6dbcd84c66398fd7d648,Cape Town,ZA,2026-02-13,Africa,Mediterranean,2026,2,February,Friday,Summer,22.3,17.8,19.7,4.5,0.0,0.0,0.0,dry,False,24.9,67.0,13.36
916f308cb094e3b8b243d469aad8a0ca,Cape Town,ZA,2026-02-14,Africa,Mediterranean,2026,2,February,Saturday,Summer,21.7,16.9,18.9,4.8,0.2,0.2,0.0,light,True,31.9,54.0,13.33
cb546cdf460e40dbc5990aa728575f2c,Cape Town,ZA,2026-02-15,Africa,Mediterranean,2026,2,February,Sunday,Summer,31.5,15.4,23.2,16.1,0.0,0.0,0.0,dry,False,22.5,50.0,13.3
aa7a49841f74fd78a07812b882cd5788,Cape Town,ZA,2026-02-16,Africa,Mediterranean,2026,2,February,Monday,Summer,37.0,18.0,27.3,19.0,0.0,0.0,0.0,dry,False,10.1,40.0,13.26
e3071891a052017e15eb705cb828a064,Cape Town,ZA,2026-02-17,Africa,Mediterranean,2026,2,February,Tuesday,Summer,24.4,16.5,20.2,7.9,0.0,0.0,0.0,dry,False,10.9,81.0,13.23
6d3fda2fe92ad46ffc0da1ee5da99310,Cape Town,ZA,2026-02-18,Africa,Mediterranean,2026,2,February,Wednesday,Summer,22.7,16.5,19.7,6.2,0.2,0.2,0.0,light,True,14.7,85.0,13.2
6f419c85e5b351fb2cdd6c86fe16c877,Cape Town,ZA,2026-02-19,Africa,Mediterranean,2026,2,February,Thursday,Summer,26.5,18.1,21.7,8.4,0.0,0.0,0.0,dry,False,24.4,79.0,13.16
41611d44d90ebdc62c7fffc40c3a4a82,Cape Town,ZA,2026-02-20,Africa,Mediterranean,2026,2,February,Friday,Summer,29.2,18.6,23.6,10.6,0.0,0.0,0.0,dry,False,21.6,70.0,13.13
17fb849317aab973e3c64d153570d5ba,Cape Town,ZA,2026-02-21,Africa,Mediterranean,2026,2,February,Saturday,Summer,30.8,17.3,24.3,13.5,0.0,0.0,0.0,dry,False,11.3,70.0,13.09
74c54fac810c583b7ccd5767b4d18710,Cape Town,ZA,2026-02-22,Africa,Mediterranean,2026,2,February,Sunday,Summer,24.3,16.4,20.5,7.9,0.1,0.1,0.0,light,True,11.5,83.0,13.06
f13c19f8a6ff4a59930f0208cafb2a72,Cape Town,ZA,2026-02-23,Africa,Mediterranean,2026,2,February,Monday,Summer,25.4,16.8,20.8,8.6,0.0,0.0,0.0,dry,False,13.8,79.0,13.02
e0134f6bb282e0a576ad1b26b4c83447,Cape Town,ZA,2026-02-24,Africa,Mediterranean,2026,2,February,Tuesday,Summer,24.0,17.6,20.2,6.4,1.5,1.5,0.0,light,True,21.3,86.0,12.99
e5c9963c8a756e6e7602d454cff79c6f,Cape Town,ZA,2026-02-25,Africa,Mediterranean,2026,2,February,Wednesday,Summer,23.7,17.9,20.4,5.8,3.7,3.7,0.0,moderate,True,21.3,84.0,12.95
df525371b5b32cf06ee4c47aae8d67ad,Cape Town,ZA,2026-02-26,Africa,Mediterranean,2026,2,February,Thursday,Summer,23.0,17.0,20.0,6.0,0.0,0.0,0.0,dry,False,16.6,67.0,12.92
98261842226997ecd42fd353e44d881f,Cape Town,ZA,2026-02-27,Africa,Mediterranean,2026,2,February,Friday,Summer,23.4,13.8,18.6,9.6,0.0,0.0,0.0,dry,False,14.8,64.0,12.88
5a04c6c70b5fa3c95926cdfd7d18fdac,Cape Town,ZA,2026-02-28,Africa,Mediterranean,2026,2,February,Saturday,Summer,21.5,14.3,17.8,7.2,4.9,4.9,0.0,moderate,True,25.1,75.0,12.85
bda0db59858a6fdf2b6a30b870b73879,Cape Town,ZA,2026-03-01,Africa,Mediterranean,2026,3,March,Sunday,Autumn,17.9,13.6,16.2,4.3,3.8,3.8,0.0,moderate,True,22.3,65.0,12.81
7414f1683fcb13b1730a2f9c46170096,Cape Town,ZA,2026-03-02,Africa,Mediterranean,2026,3,March,Monday,Autumn,21.0,10.9,16.2,10.1,0.0,0.0,0.0,dry,False,15.7,65.0,12.78
b1d66f031018282b560925bb0e872ec3,Cape Town,ZA,2026-03-03,Africa,Mediterranean,2026,3,March,Tuesday,Autumn,22.5,12.8,17.8,9.7,0.0,0.0,0.0,dry,False,13.0,67.0,12.75
8f5506c337a3bee5b1ca41e3ae19f374,Cape Town,ZA,2026-03-04,Africa,Mediterranean,2026,3,March,Wednesday,Autumn,24.5,14.6,19.5,9.9,0.0,0.0,0.0,dry,False,13.5,76.0,12.71
5257fc39ffdd7680e5410f2b947c744f,Cape Town,ZA,2026-03-05,Africa,Mediterranean,2026,3,March,Thursday,Autumn,22.7,15.4,19.0,7.3,0.9,0.9,0.0,light,True,16.5,80.0,12.68
54809ff203022ab543d6e0fb781dc9a4,Cape Town,ZA,2026-03-06,Africa,Mediterranean,2026,3,March,Friday,Autumn,21.6,15.7,18.6,5.9,2.5,2.5,0.0,light,True,23.4,85.0,12.64
014b1b5b63b47ab0d8923371d19621e3,Cape Town,ZA,2026-03-07,Africa,Mediterranean,2026,3,March,Saturday,Autumn,21.3,16.1,18.4,5.2,0.0,0.0,0.0,dry,False,27.1,52.0,12.6
f7a12eb7c4a56e84f80bb724642ac3f0,Cape Town,ZA,2026-03-08,Africa,Mediterranean,2026,3,March,Sunday,Autumn,29.9,14.1,21.4,15.8,0.0,0.0,0.0,dry,False,27.6,51.0,12.57
0300943fdb2a20d341d485e1c57bda77,Cape Town,ZA,2026-03-09,Africa,Mediterranean,2026,3,March,Monday,Autumn,35.8,15.5,24.7,20.3,0.0,0.0,0.0,dry,False,17.2,53.0,12.53
8ce05d020ffedd8db47404d3a35b5e90,Cape Town,ZA,2026-03-10,Africa,Mediterranean,2026,3,March,Tuesday,Autumn,40.0,19.1,28.8,20.9,0.0,0.0,0.0,dry,False,16.9,45.0,12.5
2cfff81796505f6669a5928cdb6a6692,Cape Town,ZA,2026-03-11,Africa,Mediterranean,2026,3,March,Wednesday,Autumn,41.1,27.0,32.6,14.1,0.0,0.0,0.0,dry,False,13.4,31.0,12.46
4244a1460a823ab4ed099dfa8152244f,Cape Town,ZA,2026-03-12,Africa,Mediterranean,2026,3,March,Thursday,Autumn,38.5,24.2,31.1,14.3,0.0,0.0,0.0,dry,False,13.9,35.0,12.43
7b30ef8830fa10f814b7d735da890747,Cape Town,ZA,2026-03-13,Africa,Mediterranean,2026,3,March,Friday,Autumn,28.5,20.4,23.6,8.1,0.0,0.0,0.0,dry,False,22.1,77.0,12.39
55d3119ef27a692486eada957ac65fee,Cape Town,ZA,2026-03-14,Africa,Mediterranean,2026,3,March,Saturday,Autumn,28.5,19.3,22.8,9.2,0.0,0.0,0.0,dry,False,25.1,75.0,12.35
6568c6266df35af67ab4d7d5c9201d7c,Cape Town,ZA,2026-03-15,Africa,Mediterranean,2026,3,March,Sunday,Autumn,34.6,17.7,25.0,16.9,0.0,0.0,0.0,dry,False,14.5,63.0,12.32
a4c7bb39058bdf687bb3c611ff91059e,Cape Town,ZA,2026-03-16,Africa,Mediterranean,2026,3,March,Monday,Autumn,25.0,19.6,21.8,5.4,0.0,0.0,0.0,dry,False,30.5,84.0,12.28
8e414af1031bb57aa41eec517df2f487,Cape Town,ZA,2026-03-17,Africa,Mediterranean,2026,3,March,Tuesday,Autumn,30.8,18.9,22.8,11.9,0.8,0.8,0.0,light,True,20.4,77.0,12.25
6b192cdc0b33c468b88e45617439c9ae,Cape Town,ZA,2026-03-18,Africa,Mediterranean,2026,3,March,Wednesday,Autumn,25.8,16.8,21.1,9.0,0.0,0.0,0.0,dry,False,18.5,81.0,12.21
efecde013d698156cf8d8e8fa84d3dd8,Cape Town,ZA,2026-03-19,Africa,Mediterranean,2026,3,March,Thursday,Autumn,22.8,16.4,19.5,6.4,0.9,0.9,0.0,light,True,28.7,84.0,12.18
3d2a043b778d4e20c90bf7f3af60422e,Cape Town,ZA,2026-03-20,Africa,Mediterranean,2026,3,March,Friday,Autumn,22.2,16.0,18.9,6.2,1.5,1.5,0.0,light,True,15.2,74.0,12.14
cb981d01d4f61c2b9e7921e4fc845ad1,Cape Town,ZA,2026-03-21,Africa,Mediterranean,2026,3,March,Saturday,Autumn,23.7,16.1,19.1,7.6,0.0,0.0,0.0,dry,False,23.7,66.0,12.1
45353e612db282fde2c931b70a4ab04d,Cape Town,ZA,2026-03-22,Africa,Mediterranean,2026,3,March,Sunday,Autumn,23.4,16.0,19.3,7.4,0.0,0.0,0.0,dry,False,27.9,70.0,12.07
8c1ec669d665ec3faf06cf464a66739f,Cape Town,ZA,2026-03-23,Africa,Mediterranean,2026,3,March,Monday,Autumn,27.1,17.5,21.3,9.6,0.0,0.0,0.0,dry,False,27.9,64.0,12.03
5f6516b19bd6486d203652573c475685,Cape Town,ZA,2026-03-24,Africa,Mediterranean,2026,3,March,Tuesday,Autumn,34.7,17.5,25.2,17.2,0.0,0.0,0.0,dry,False,13.2,61.0,12.0
f99c24b413280a3aad497339032ca865,Cape Town,ZA,2026-03-25,Africa,Mediterranean,2026,3,March,Wednesday,Autumn,21.2,16.2,18.2,5.0,2.4,2.4,0.0,light,True,21.9,92.0,11.96
c941cd580c0341d5587adc8da677b44a,Cape Town,ZA,2026-03-26,Africa,Mediterranean,2026,3,March,Thursday,Autumn,23.6,14.2,18.6,9.4,0.0,0.0,0.0,dry,False,10.9,81.0,11.93
293710a03b72d6079e9ffc956ff5d3c4,Cape Town,ZA,2026-03-27,Africa,Mediterranean,2026,3,March,Friday,Autumn,21.3,13.8,17.5,7.5,0.0,0.0,0.0,dry,False,16.0,87.0,11.89
07ed1f002f689d14ad380fc93dbc4b62,Cape Town,ZA,2026-03-28,Africa,Mediterranean,2026,3,March,Saturday,Autumn,22.2,16.9,18.9,5.3,0.7,0.7,0.0,light,True,13.2,72.0,11.86
11a26ec7db4101e3e950ada9d72d8e84,Cape Town,ZA,2026-03-29,Africa,Mediterranean,2026,3,March,Sunday,Autumn,24.0,13.8,18.8,10.2,0.0,0.0,0.0,dry,False,15.4,72.0,11.82
83203ab855cedcfb7da9fe44a6c4f67d,Cape Town,ZA,2026-03-30,Africa,Mediterranean,2026,3,March,Monday,Autumn,23.6,15.9,19.4,7.7,0.0,0.0,0.0,dry,False,21.3,69.0,11.79
849d1097308b07121ae56334672117d2,Cape Town,ZA,2026-03-31,Africa,Mediterranean,2026,3,March,Tuesday,Autumn,29.4,14.3,20.7,15.1,0.0,0.0,0.0,dry,False,17.0,69.0,11.75
f2be52efaa405158513758b08c69a0c0,Cape Town,ZA,2026-04-01,Africa,Mediterranean,2026,4,April,Wednesday,Autumn,25.3,18.3,20.8,7.0,0.0,0.0,0.0,dry,False,23.2,86.0,11.72
ee381a390563f6c8a8ae1f8e45bdc97d,Cape Town,ZA,2026-04-02,Africa,Mediterranean,2026,4,April,Thursday,Autumn,29.3,18.1,22.5,11.2,2.3,2.3,0.0,light,True,19.8,75.0,11.68
84a7561061e815d7cc0aec9538599b51,Cape Town,ZA,2026-04-03,Africa,Mediterranean,2026,4,April,Friday,Autumn,23.8,17.9,20.2,5.9,5.4,5.4,0.0,moderate,True,11.2,82.0,11.65
2729f4483c3cda35d794ed4fde0b3a54,Cape Town,ZA,2026-04-04,Africa,Mediterranean,2026,4,April,Saturday,Autumn,21.0,15.5,18.0,5.5,0.1,0.1,0.0,light,True,14.1,87.0,11.61
13bc98a48cad7fbbef1836083ffdd84e,Cape Town,ZA,2026-04-05,Africa,Mediterranean,2026,4,April,Sunday,Autumn,21.0,15.5,17.8,5.5,0.3,0.3,0.0,light,True,15.8,70.0,11.58
c9557a7137c1437d0bb41717ce758fc3,Cape Town,ZA,2026-04-06,Africa,Mediterranean,2026,4,April,Monday,Autumn,21.2,13.9,17.8,7.3,1.1,1.1,0.0,light,True,18.4,66.0,11.54
6474cde805c6cdb0a717b521d6901c6c,Cape Town,ZA,2026-04-07,Africa,Mediterranean,2026,4,April,Tuesday,Autumn,26.1,14.7,19.9,11.4,0.0,0.0,0.0,dry,False,16.9,63.0,11.51
c654944419f0faf2bcaff3890ffaa7b5,Cape Town,ZA,2026-04-08,Africa,Mediterranean,2026,4,April,Wednesday,Autumn,34.5,16.0,25.3,18.5,0.0,0.0,0.0,dry,False,9.8,44.0,11.48
b734514e313b44037dc95f1af7aa8800,Cape Town,ZA,2026-04-09,Africa,Mediterranean,2026,4,April,Thursday,Autumn,32.1,19.4,25.2,12.7,0.0,0.0,0.0,dry,False,12.1,51.0,11.44
b94f268ddceeec66ffb964bab9711120,Cape Town,ZA,2026-04-10,Africa,Mediterranean,2026,4,April,Friday,Autumn,23.7,18.7,21.3,5.0,0.5,0.5,0.0,light,True,12.9,72.0,11.41
f8b3a21aaf8acbe551bb18ec996bae62,Cape Town,ZA,2026-04-11,Africa,Mediterranean,2026,4,April,Saturday,Autumn,24.0,17.4,20.2,6.6,0.2,0.2,0.0,light,True,14.9,76.0,11.37
8c805a45bba209fce09394645559e7a1,Cape Town,ZA,2026-04-12,Africa,Mediterranean,2026,4,April,Sunday,Autumn,25.5,17.1,20.2,8.4,0.0,0.0,0.0,dry,False,15.7,75.0,11.34
7bc509f502d6330b5920fede8b346f64,Cape Town,ZA,2026-04-13,Africa,Mediterranean,2026,4,April,Monday,Autumn,26.9,16.2,20.9,10.7,0.0,0.0,0.0,dry,False,8.4,68.0,11.31
80db3aba792411de41a9b61aabb8d511,Cape Town,ZA,2026-04-14,Africa,Mediterranean,2026,4,April,Tuesday,Autumn,22.2,14.8,18.3,7.4,2.1,2.1,0.0,light,True,15.3,84.0,11.28
1656b22449591d8db497fe0080fdcb3e,Cape Town,ZA,2026-04-15,Africa,Mediterranean,2026,4,April,Wednesday,Autumn,19.7,13.7,17.0,6.0,0.7,0.7,0.0,light,True,14.3,68.0,11.24
af8990af5640511c46b99c272be5a4a4,Cape Town,ZA,2026-04-16,Africa,Mediterranean,2026,4,April,Thursday,Autumn,20.0,11.5,15.4,8.5,0.0,0.0,0.0,dry,False,12.6,68.0,11.21
125a20d7b294ade714ba4aed663b1f01,Cape Town,ZA,2026-04-17,Africa,Mediterranean,2026,4,April,Friday,Autumn,14.6,11.7,13.0,2.9,34.2,34.2,0.0,heavy,True,22.1,87.0,11.18
9e3b895ee281b62895434f318d9cea8a,Cape Town,ZA,2026-04-18,Africa,Mediterranean,2026,4,April,Saturday,Autumn,15.8,11.9,13.9,3.9,4.1,4.1,0.0,moderate,True,23.7,82.0,11.14
860b393f8876881fcb8f9b111bc8e1a3,Cape Town,ZA,2026-04-19,Africa,Mediterranean,2026,4,April,Sunday,Autumn,15.1,12.0,13.6,3.1,22.9,22.9,0.0,heavy,True,37.0,83.0,11.11
3ed0453e43b96bddde981468d9947037,Cape Town,ZA,2026-04-20,Africa,Mediterranean,2026,4,April,Monday,Autumn,16.5,10.8,14.1,5.7,3.1,3.1,0.0,moderate,True,24.7,71.0,11.08
6433635265f4231a28ffe06e172e9501,Cape Town,ZA,2026-04-21,Africa,Mediterranean,2026,4,April,Tuesday,Autumn,16.3,12.4,14.5,3.9,4.8,4.8,0.0,moderate,True,19.4,83.0,11.05
d75a388bb3ece3f4aa1aedf5647ae303,Cape Town,ZA,2026-04-22,Africa,Mediterranean,2026,4,April,Wednesday,Autumn,18.1,12.5,15.1,5.6,0.0,0.0,0.0,dry,False,22.4,68.0,11.01
279f5774c3cc63dc99382f55247c8b92,Cape Town,ZA,2026-04-23,Africa,Mediterranean,2026,4,April,Thursday,Autumn,22.1,9.0,15.3,13.1,0.0,0.0,0.0,dry,False,10.3,69.0,10.98
6250cefd89f3f56dd93f92ad2034db40,Cape Town,ZA,2026-04-24,Africa,Mediterranean,2026,4,April,Friday,Autumn,27.5,11.7,18.6,15.8,0.0,0.0,0.0,dry,False,5.5,59.0,10.95
faa557acc06603dc365ac10452b1978d,Cape Town,ZA,2026-04-25,Africa,Mediterranean,2026,4,April,Saturday,Autumn,18.4,13.3,16.0,5.1,1.5,1.5,0.0,light,True,22.5,83.0,10.92
b6602a458f82f088b103f3b24042c871,Cape Town,ZA,2026-04-26,Africa,Mediterranean,2026,4,April,Sunday,Autumn,15.0,12.5,14.0,2.5,16.1,16.1,0.0,heavy,True,24.8,90.0,10.89
d52de77c73976d3ae05949774e6ab408,Cape Town,ZA,2026-04-27,Africa,Mediterranean,2026,4,April,Monday,Autumn,16.7,11.3,13.5,5.4,0.9,0.9,0.0,light,True,16.8,67.0,10.86
b0e05c7fc9eff86ee22e2d6241bb0c48,Cape Town,ZA,2026-04-28,Africa,Mediterranean,2026,4,April,Tuesday,Autumn,17.9,9.5,13.2,8.4,0.1,0.1,0.0,light,True,15.8,77.0,10.83
41eaf6dd3e3ea3fba68795335e629bd4,Cape Town,ZA,2026-04-29,Africa,Mediterranean,2026,4,April,Wednesday,Autumn,19.3,11.6,15.0,7.7,0.0,0.0,0.0,dry,False,17.3,76.0,10.8
936d9798784fafe433186510a99c75d1,Cape Town,ZA,2026-04-30,Africa,Mediterranean,2026,4,April,Thursday,Autumn,18.3,11.8,14.7,6.5,0.0,0.0,0.0,dry,False,16.5,79.0,10.77
b17b5911eae64bdc43c9304600106a8a,Cape Town,ZA,2026-05-01,Africa,Mediterranean,2026,5,May,Friday,Autumn,17.2,11.1,14.4,6.1,0.0,0.0,0.0,dry,False,27.1,75.0,10.74
9d33b20bd546e1921d700af2a39e432c,Cape Town,ZA,2026-05-02,Africa,Mediterranean,2026,5,May,Saturday,Autumn,16.6,14.2,15.4,2.4,1.6,1.6,0.0,light,True,26.4,79.0,10.71
5790411078a235982b2831afdf0380c3,Cape Town,ZA,2026-05-03,Africa,Mediterranean,2026,5,May,Sunday,Autumn,19.0,15.1,16.4,3.9,0.7,0.7,0.0,light,True,20.4,92.0,10.68
2e9e980435d9526b6d694867ebbf264f,Cape Town,ZA,2026-05-04,Africa,Mediterranean,2026,5,May,Monday,Autumn,17.8,12.9,15.5,4.9,18.3,18.3,0.0,heavy,True,24.2,87.0,10.65
61c896e212637f43b07e49a4b2453309,Cape Town,ZA,2026-05-05,Africa,Mediterranean,2026,5,May,Tuesday,Autumn,16.7,9.4,13.1,7.3,2.1,2.1,0.0,light,True,8.5,86.0,10.63
19ef324b7f5c5b1060465e3891b065da,Cape Town,ZA,2026-05-06,Africa,Mediterranean,2026,5,May,Wednesday,Autumn,18.4,11.5,14.8,6.9,5.1,5.1,0.0,moderate,True,23.0,88.0,10.6
3169714e36abaa220d156f50a539b923,Cape Town,ZA,2026-05-07,Africa,Mediterranean,2026,5,May,Thursday,Autumn,18.1,13.7,15.4,4.4,0.0,0.0,0.0,dry,False,14.4,80.0,10.57
afb30f92008af7c6176960063f94bbab,Cape Town,ZA,2026-05-08,Africa,Mediterranean,2026,5,May,Friday,Autumn,19.1,12.7,15.1,6.4,0.0,0.0,0.0,dry,False,11.0,81.0,10.54
9439ec9e9ed9278cb534d8d27a45b816,Cape Town,ZA,2026-05-09,Africa,Mediterranean,2026,5,May,Saturday,Autumn,16.8,9.5,13.0,7.3,0.1,0.1,0.0,light,True,23.1,89.0,10.52
a89bce0ed92a4313510746ca10156d34,Cape Town,ZA,2026-05-10,Africa,Mediterranean,2026,5,May,Sunday,Autumn,14.8,10.6,12.3,4.2,36.1,36.1,0.0,heavy,True,32.2,81.0,10.49
6f6d2cefe532a45bb99b66ca5ac3c43b,Cape Town,ZA,2026-05-11,Africa,Mediterranean,2026,5,May,Monday,Autumn,17.3,11.6,15.3,5.7,48.1,48.1,0.0,heavy,True,49.5,90.0,10.46
2c21e2ea45e0ba0ac93f3ebf0bbd2271,Cape Town,ZA,2026-05-12,Africa,Mediterranean,2026,5,May,Tuesday,Autumn,18.1,15.1,16.6,3.0,18.6,18.6,0.0,heavy,True,39.8,91.0,10.44
e00fc45a74306db499558863f0aa16a9,Cape Town,ZA,2026-05-13,Africa,Mediterranean,2026,5,May,Wednesday,Autumn,16.9,12.9,15.1,4.0,0.3,0.3,0.0,light,True,19.8,68.0,10.41
cccd6429c182b7e581939011d7e32792,Cape Town,ZA,2026-05-14,Africa,Mediterranean,2026,5,May,Thursday,Autumn,17.5,10.1,13.6,7.4,0.0,0.0,0.0,dry,False,11.4,81.0,10.39
adaa7a8b9569e0d759faa29c62050134,Cape Town,ZA,2026-05-15,Africa,Mediterranean,2026,5,May,Friday,Autumn,19.5,11.0,14.9,8.5,0.3,0.3,0.0,light,True,13.6,87.0,10.36
1ff05b2e5e224012113266f8df8b373c,Cape Town,ZA,2026-05-16,Africa,Mediterranean,2026,5,May,Saturday,Autumn,21.4,12.0,15.7,9.4,0.0,0.0,0.0,dry,False,12.2,87.0,10.34
7b473bc66ed517e7c221b1cabf7f2c42,Cape Town,ZA,2026-05-17,Africa,Mediterranean,2026,5,May,Sunday,Autumn,19.9,12.5,16.0,7.4,0.0,0.0,0.0,dry,False,24.0,91.0,10.32
4f8f303250fe7caaaafc8e6241b3e237,Cape Town,ZA,2026-05-18,Africa,Mediterranean,2026,5,May,Monday,Autumn,20.6,15.1,17.3,5.5,0.0,0.0,0.0,dry,False,23.6,84.0,10.29
498f1bfec5db03d7e11cbd3fc41d7370,Cape Town,ZA,2026-05-19,Africa,Mediterranean,2026,5,May,Tuesday,Autumn,22.4,15.7,18.2,6.7,0.3,0.3,0.0,light,True,19.5,83.0,10.27
bb9337f56078a6854ff96bb5f542a63d,Cape Town,ZA,2026-05-20,Africa,Mediterranean,2026,5,May,Wednesday,Autumn,21.9,15.1,17.5,6.8,0.0,0.0,0.0,dry,False,14.5,86.0,10.25
8973c67141da8c4c7b19ce5e0a289197,Cape Town,ZA,2026-05-21,Africa,Mediterranean,2026,5,May,Thursday,Autumn,16.9,13.2,14.8,3.7,0.0,0.0,0.0,dry,False,12.5,90.0,10.23
db7791a6563772f38b9f8df33b20c11c,Cape Town,ZA,2026-05-22,Africa,Mediterranean,2026,5,May,Friday,Autumn,17.1,12.8,14.7,4.3,2.4,2.4,0.0,light,True,9.9,94.0,10.21
58844824179a852a0c21a9f3e2e4fd3f,Cape Town,ZA,2026-05-23,Africa,Mediterranean,2026,5,May,Saturday,Autumn,19.8,12.1,15.2,7.7,0.2,0.2,0.0,light,True,8.5,93.0,10.19
4397b2f267aa275ecc61b45d7c33ee29,Cape Town,ZA,2026-05-24,Africa,Mediterranean,2026,5,May,Sunday,Autumn,19.8,14.4,16.1,5.4,0.0,0.0,0.0,dry,False,11.9,90.0,10.17
313e19e9444224c1fde87f63c937de0e,Cape Town,ZA,2026-05-25,Africa,Mediterranean,2026,5,May,Monday,Autumn,19.7,11.7,15.0,8.0,0.0,0.0,0.0,dry,False,8.2,91.0,10.15
7c061d8f807414195bb486aaaf52977b,Cape Town,ZA,2026-05-26,Africa,Mediterranean,2026,5,May,Tuesday,Autumn,18.3,12.0,14.7,6.3,0.0,0.0,0.0,dry,False,10.2,90.0,10.13
794e1a498925bdc7ec3b3ba91a7ff83e,Cape Town,ZA,2026-05-27,Africa,Mediterranean,2026,5,May,Wednesday,Autumn,17.5,12.1,14.6,5.4,1.3,1.3,0.0,light,True,14.0,95.0,10.11
0cf287793128abf6dfc03ebfc48b351c,Cape Town,ZA,2026-05-28,Africa,Mediterranean,2026,5,May,Thursday,Autumn,17.9,13.8,15.1,4.1,2.0,2.0,0.0,light,True,8.9,95.0,10.1
d7fef4846d7a5cc36f3fd3b4461a02ac,Cape Town,ZA,2026-05-29,Africa,Mediterranean,2026,5,May,Friday,Autumn,18.9,12.7,14.8,6.2,0.0,0.0,0.0,dry,False,14.3,82.0,10.08
23831a1acee7df48721c7f1f1be87d69,Cape Town,ZA,2026-05-30,Africa,Mediterranean,2026,5,May,Saturday,Autumn,19.4,12.2,15.1,7.2,0.0,0.0,0.0,dry,False,18.4,90.0,10.06
110f60954e1ad54a20408444d3477a3c,Cape Town,ZA,2026-05-31,Africa,Mediterranean,2026,5,May,Sunday,Autumn,23.6,10.1,15.7,13.5,0.0,0.0,0.0,dry,False,9.6,88.0,10.05
8f2eaab8c93aa25b93d44efccc5d2238,Cape Town,ZA,2026-06-01,Africa,Mediterranean,2026,6,June,Monday,Winter,18.7,10.3,14.1,8.4,0.0,0.0,0.0,dry,False,7.6,93.0,10.03
7ec999f073fc427dadbfdc64aa9adc4f,Cape Town,ZA,2026-06-02,Africa,Mediterranean,2026,6,June,Tuesday,Winter,19.0,12.0,15.0,7.0,0.6,0.6,0.0,light,True,29.2,87.0,10.02
b8a8d398e77f2896cc11d93b9a4f6cbc,Cape Town,ZA,2026-06-03,Africa,Mediterranean,2026,6,June,Wednesday,Winter,16.9,13.5,14.9,3.4,3.1,3.1,0.0,moderate,True,31.6,76.0,10.01
04f9f40139460826c59dba1740e949a4,Cape Town,ZA,2026-06-04,Africa,Mediterranean,2026,6,June,Thursday,Winter,16.8,12.0,14.3,4.8,0.0,0.0,0.0,dry,False,26.5,64.0,9.99
710019620aa6a15f72307ff0e86d458f,Cape Town,ZA,2026-06-05,Africa,Mediterranean,2026,6,June,Friday,Winter,17.5,9.8,12.8,7.7,0.0,0.0,0.0,dry,False,8.4,71.0,9.98
7e6be0821c3cba51db49508bc2ff2665,Cape Town,ZA,2026-06-06,Africa,Mediterranean,2026,6,June,Saturday,Winter,17.0,7.9,12.0,9.1,0.1,0.1,0.0,light,True,9.8,70.0,9.97
891bd52f963bc7c4ef90fb1d83f99b8f,Cape Town,ZA,2026-06-07,Africa,Mediterranean,2026,6,June,Sunday,Winter,18.7,7.8,12.8,10.9,0.0,0.0,0.0,dry,False,5.4,63.0,9.96
3518a0671586307f4df78873d4c62f50,Cape Town,ZA,2026-06-08,Africa,Mediterranean,2026,6,June,Monday,Winter,17.2,11.3,13.5,5.9,13.7,13.7,0.0,heavy,True,6.9,94.0,9.95
231c5ab9c9f78662d82beb5fcbc26804,Cape Town,ZA,2026-06-09,Africa,Mediterranean,2026,6,June,Tuesday,Winter,18.0,10.8,13.4,7.2,0.0,0.0,0.0,dry,False,7.4,89.0,9.94
4a890ad685dae7530da0ce1007407ecf,Cape Town,ZA,2026-06-10,Africa,Mediterranean,2026,6,June,Wednesday,Winter,17.7,9.5,12.6,8.2,0.0,0.0,0.0,dry,False,4.4,93.0,9.93
69159bb66ee53b2a15946094626437a9,Cape Town,ZA,2026-06-11,Africa,Mediterranean,2026,6,June,Thursday,Winter,16.1,8.4,13.0,7.7,7.1,7.1,0.0,moderate,True,31.8,91.0,9.92
c0eb8de0c6212ef294197a5cf1fbf375,Cape Town,ZA,2026-06-12,Africa,Mediterranean,2026,6,June,Friday,Winter,16.2,11.1,14.2,5.1,1.7,1.7,0.0,light,True,27.8,74.0,9.92
94ca7ad6dd1dbefc4f1eee03dd002681,Cape Town,ZA,2026-06-13,Africa,Mediterranean,2026,6,June,Saturday,Winter,17.1,8.6,12.2,8.5,0.0,0.0,0.0,dry,False,7.5,84.0,9.91
7fa68ee94f7e69541d800bfbd55607eb,Cape Town,ZA,2026-06-14,Africa,Mediterranean,2026,6,June,Sunday,Winter,13.7,6.7,10.1,7.0,5.8,5.8,0.0,moderate,True,18.3,95.0,9.9
a26d859281c8486f9e386678074307f7,Cape Town,ZA,2026-06-15,Africa,Mediterranean,2026,6,June,Monday,Winter,16.4,7.2,11.6,9.2,0.3,0.3,0.0,light,True,16.1,81.0,9.9
c76d3f37a19e98dc72d2a6075e5a37ac,Cape Town,ZA,2026-06-16,Africa,Mediterranean,2026,6,June,Tuesday,Winter,18.1,10.2,13.8,7.9,0.0,0.0,0.0,dry,False,23.8,74.0,9.9
b4fcd85fe670a7983e1d252bb5cf13c1,Cape Town,ZA,2026-06-17,Africa,Mediterranean,2026,6,June,Wednesday,Winter,19.3,12.3,15.0,7.0,0.0,0.0,0.0,dry,False,25.6,87.0,9.89
cb61b3dba5e1ab8917f1d21a40fc3f3b,Cape Town,ZA,2026-06-18,Africa,Mediterranean,2026,6,June,Thursday,Winter,18.3,13.9,15.5,4.4,0.0,0.0,0.0,dry,False,26.8,81.0,9.89
6f10e0efc68e35bfdc3e8374e034d4c0,Cape Town,ZA,2026-06-19,Africa,Mediterranean,2026,6,June,Friday,Winter,21.7,12.3,15.9,9.4,0.0,0.0,0.0,dry,False,24.2,76.0,9.89
ab98d690a1053e87c557070433e31393,Cape Town,ZA,2026-06-20,Africa,Mediterranean,2026,6,June,Saturday,Winter,26.7,12.9,19.2,13.8,0.0,0.0,0.0,dry,False,5.4,54.0,9.89
9cdb940b1c595612a730584b836d03d8,Cape Town,ZA,2026-06-21,Africa,Mediterranean,2026,6,June,Sunday,Winter,23.6,15.2,18.6,8.4,0.0,0.0,0.0,dry,False,7.7,63.0,9.89
07148b437d1d0e3edda3d3e9fc4745e0,Cape Town,ZA,2026-06-22,Africa,Mediterranean,2026,6,June,Monday,Winter,15.5,13.0,14.2,2.5,0.3,0.3,0.0,light,True,18.8,92.0,9.89
d052e350f2ca34136e21c1d3657b1c3e,Cape Town,ZA,2026-06-23,Africa,Mediterranean,2026,6,June,Tuesday,Winter,15.7,13.5,14.3,2.2,14.8,14.8,0.0,heavy,True,25.0,89.0,9.89
6303ec589a3aa04d8c868bad4a6c4fc3,Cape Town,ZA,2026-06-24,Africa,Mediterranean,2026,6,June,Wednesday,Winter,15.8,11.9,13.7,3.9,0.6,0.6,0.0,light,True,19.2,87.0,9.89
7bae6a20c6223381584957c8b73b4ea5,Cape Town,ZA,2026-06-25,Africa,Mediterranean,2026,6,June,Thursday,Winter,21.6,12.1,15.7,9.5,0.0,0.0,0.0,dry,False,12.7,84.0,9.89
d2b95761e9aeeefdce6930fe9e1da3a9,Cape Town,ZA,2026-06-26,Africa,Mediterranean,2026,6,June,Friday,Winter,20.6,10.2,14.5,10.4,0.0,0.0,0.0,dry,False,10.7,93.0,9.9
baa645ae3656dd88d184a0f7d8a63e18,Cape Town,ZA,2026-06-27,Africa,Mediterranean,2026,6,June,Saturday,Winter,15.6,12.4,13.5,3.2,0.0,0.0,0.0,dry,False,20.7,98.0,9.9
4af9d3137a653e66f69dfde2292a48cb,Cape Town,ZA,2026-06-28,Africa,Mediterranean,2026,6,June,Sunday,Winter,14.4,11.7,13.6,2.7,31.8,31.8,0.0,heavy,True,34.1,92.0,9.91
0482e0826fd58c7911bda9c3ca3e25d1,Cape Town,ZA,2026-06-29,Africa,Mediterranean,2026,6,June,Monday,Winter,13.8,7.8,10.7,6.0,0.8,0.8,0.0,light,True,13.7,75.0,9.91
3ecef4f614da3c7f5f50b5390a32e146,Cape Town,ZA,2026-06-30,Africa,Mediterranean,2026,6,June,Tuesday,Winter,15.7,5.1,10.4,10.6,0.0,0.0,0.0,dry,False,10.2,76.0,9.92
dfa88979f263ee564e4bb331cbd204e2,Cape Town,ZA,2026-07-01,Africa,Mediterranean,2026,7,July,Wednesday,Winter,14.9,9.1,11.8,5.8,0.8,0.8,0.0,light,True,15.1,79.0,9.92
f87a346274cc59f0b7ef2f0330816377,Cape Town,ZA,2026-07-02,Africa,Mediterranean,2026,7,July,Thursday,Winter,14.7,7.9,11.3,6.8,5.3,5.3,0.0,moderate,True,26.3,85.0,9.93
b21a561247f10a2dc7e43a100df73dcc,Cape Town,ZA,2026-07-03,Africa,Mediterranean,2026,7,July,Friday,Winter,15.7,10.6,12.6,5.1,2.9,2.9,0.0,moderate,True,23.3,77.0,9.94
687bad5c5da3e54f55da0801cc974425,Cape Town,ZA,2026-07-04,Africa,Mediterranean,2026,7,July,Saturday,Winter,16.0,9.3,12.1,6.7,0.0,0.0,0.0,dry,False,19.2,79.0,9.95
c4b24071d71c011d6452a1baa3b33fef,Cape Town,ZA,2026-07-05,Africa,Mediterranean,2026,7,July,Sunday,Winter,17.5,8.1,12.2,9.4,0.0,0.0,0.0,dry,False,9.7,82.0,9.96
a28f9b136f43b4ab60f4e1e63aa634de,Cape Town,ZA,2026-07-06,Africa,Mediterranean,2026,7,July,Monday,Winter,17.8,9.2,12.9,8.6,0.0,0.0,0.0,dry,False,6.1,95.0,9.97
f32e736c5728e2702571c654e31b0b1d,Cape Town,ZA,2026-07-07,Africa,Mediterranean,2026,7,July,Tuesday,Winter,17.2,11.3,13.2,5.9,0.0,0.0,0.0,dry,False,7.0,96.0,9.98
dd5535308b6b33b2c66b5a81f7372693,Cape Town,ZA,2026-07-08,Africa,Mediterranean,2026,7,July,Wednesday,Winter,17.9,10.9,13.8,7.0,0.0,0.0,0.0,dry,False,15.5,91.0,9.99
a5fc97bbc8d7e8a8529848e5803d43bc,Cape Town,ZA,2026-07-09,Africa,Mediterranean,2026,7,July,Thursday,Winter,15.5,11.7,13.3,3.8,0.0,0.0,0.0,dry,False,20.8,74.0,10.01
fcf0a98a4278e9d3c2f67a4408c5b6a2,Cape Town,ZA,2026-07-10,Africa,Mediterranean,2026,7,July,Friday,Winter,16.6,11.4,13.5,5.2,0.0,0.0,0.0,dry,False,21.3,74.0,10.02
487cd390abfc6e663fdaae88093907e6,Cape Town,ZA,2026-07-11,Africa,Mediterranean,2026,7,July,Saturday,Winter,19.0,9.3,13.3,9.7,0.0,0.0,0.0,dry,False,10.9,78.0,10.04
7cd912f9957a0fe893f19bdc702afae5,Cape Town,ZA,2026-07-12,Africa,Mediterranean,2026,7,July,Sunday,Winter,18.7,9.0,13.2,9.7,0.0,0.0,0.0,dry,False,9.0,86.0,10.05
fadc88a199d8d84766d3a94e7550a645,Cape Town,ZA,2026-07-13,Africa,Mediterranean,2026,7,July,Monday,Winter,13.7,7.1,10.1,6.6,0.0,0.0,0.0,dry,False,6.3,96.0,10.07
73a7ca07292c87ca9a7230f7481edeea,Cape Town,ZA,2026-07-14,Africa,Mediterranean,2026,7,July,Tuesday,Winter,15.2,6.8,10.9,8.4,0.2,0.2,0.0,light,True,12.4,93.0,10.08
4262a27e2c300c122a4f5d8b3d7b7c3b,Cape Town,ZA,2026-07-15,Africa,Mediterranean,2026,7,July,Wednesday,Winter,15.7,11.1,13.0,4.6,0.8,0.8,0.0,light,True,11.1,93.0,10.1
f92b12794ffd7512e2d0a44cb253339b,Cape Town,ZA,2026-07-16,Africa,Mediterranean,2026,7,July,Thursday,Winter,18.3,10.0,13.1,8.3,0.0,0.0,0.0,dry,False,4.5,94.0,10.12
7c5dc6fdc01ebe40769fc99bcf43e18e,Cape Town,ZA,2026-07-17,Africa,Mediterranean,2026,7,July,Friday,Winter,18.4,11.6,14.2,6.8,0.0,0.0,0.0,dry,False,5.3,93.0,10.13
15935f637d580ed686aec018b28ad64d,Cape Town,ZA,2026-07-18,Africa,Mediterranean,2026,7,July,Saturday,Winter,15.3,11.8,12.9,3.5,0.0,0.0,0.0,dry,False,10.4,95.0,10.15
061b616697d8995b00b748a610b03649,Cape Town,ZA,2026-07-19,Africa,Mediterranean,2026,7,July,Sunday,Winter,15.0,11.0,12.6,4.0,3.5,3.5,0.0,moderate,True,20.2,95.0,10.17
80c0c81bb77e15575c1786d1b50fe878,Cape Town,ZA,2026-07-20,Africa,Mediterranean,2026,7,July,Monday,Winter,14.9,9.7,12.0,5.2,0.3,0.3,0.0,light,True,13.6,93.0,10.19
9d2913c7b4228520283809c5f407a4dd,Cape Town,ZA,2026-07-21,Africa,Mediterranean,2026,7,July,Tuesday,Winter,15.8,7.5,11.5,8.3,0.0,0.0,0.0,dry,False,6.7,91.0,10.21
1dbbe07cf4aa62a3433f9bc9cc637b3b,Cape Town,ZA,2026-07-22,Africa,Mediterranean,2026,7,July,Wednesday,Winter,15.4,6.7,11.3,8.7,0.0,0.0,0.0,dry,False,17.9,86.0,10.23
9360f507e7caf536ffb5d8e3cc61f6e5,Sydney,AU,2025-07-23,Oceania,Subtropical,2025,7,July,Wednesday,Winter,17.4,9.7,13.7,7.7,1.6,1.6,0.0,light,True,16.9,69.0,10.26
2386dbd0e88d8af229379e8971fb03c7,Sydney,AU,2025-07-24,Oceania,Subtropical,2025,7,July,Thursday,Winter,15.7,7.7,10.9,8.0,0.0,0.0,0.0,dry,False,20.0,60.0,10.28
4eec6663338798f54427767341b07097,Sydney,AU,2025-07-25,Oceania,Subtropical,2025,7,July,Friday,Winter,15.8,3.9,10.6,11.9,0.0,0.0,0.0,dry,False,19.1,67.0,10.3
037ab71aec9af3d7da3a376593ec24cc,Sydney,AU,2025-07-26,Oceania,Subtropical,2025,7,July,Saturday,Winter,17.8,10.6,13.8,7.2,9.7,9.7,0.0,heavy,True,23.3,73.0,10.32
e2fd5c27b474c9c31506b267999003bf,Sydney,AU,2025-07-27,Oceania,Subtropical,2025,7,July,Sunday,Winter,16.9,11.5,13.5,5.4,0.0,0.0,0.0,dry,False,23.4,63.0,10.35
a2383b03aa6261c6edd250e1033fac7c,Sydney,AU,2025-07-28,Oceania,Subtropical,2025,7,July,Monday,Winter,16.8,11.1,13.2,5.7,0.0,0.0,0.0,dry,False,24.1,60.0,10.37
fd1bb99c949336f2a70e5c27f115cba7,Sydney,AU,2025-07-29,Oceania,Subtropical,2025,7,July,Tuesday,Winter,16.5,10.2,12.9,6.3,0.0,0.0,0.0,dry,False,19.9,60.0,10.39
51d2709de6d396aa80ac6ee5c91c5733,Sydney,AU,2025-07-30,Oceania,Subtropical,2025,7,July,Wednesday,Winter,11.5,9.7,10.7,1.8,21.6,21.6,0.0,heavy,True,22.8,89.0,10.42
c80dc0adef5ce34b7b167ed65b6d3cb3,Sydney,AU,2025-07-31,Oceania,Subtropical,2025,7,July,Thursday,Winter,13.7,10.1,11.3,3.6,5.5,5.5,0.0,moderate,True,26.4,82.0,10.44
92ac2618aa332e13c5713ef437d777aa,Sydney,AU,2025-08-01,Oceania,Subtropical,2025,8,August,Friday,Winter,13.1,9.1,10.8,4.0,13.8,13.8,0.0,heavy,True,17.0,88.0,10.47
d5836e8809e08002aaa70b6c4a7044f5,Sydney,AU,2025-08-02,Oceania,Subtropical,2025,8,August,Saturday,Winter,15.6,11.2,12.9,4.4,21.8,21.8,0.0,heavy,True,30.9,87.0,10.49
fc3cb61a31e0177cd8622580695d22bf,Sydney,AU,2025-08-03,Oceania,Subtropical,2025,8,August,Sunday,Winter,16.5,13.4,14.6,3.1,19.3,19.3,0.0,heavy,True,28.1,87.0,10.52
d59c9aaa428b075efcf4d14a5099c58e,Sydney,AU,2025-08-04,Oceania,Subtropical,2025,8,August,Monday,Winter,17.9,11.7,14.5,6.2,1.9,1.9,0.0,light,True,8.8,85.0,10.55
d791f6481d49253ace6a9c73a8637959,Sydney,AU,2025-08-05,Oceania,Subtropical,2025,8,August,Tuesday,Winter,21.0,9.8,14.4,11.2,0.0,0.0,0.0,dry,False,14.4,83.0,10.57
ede0badcbdaafaf83b3e0a35a7fd89c0,Sydney,AU,2025-08-06,Oceania,Subtropical,2025,8,August,Wednesday,Winter,17.6,9.3,12.7,8.3,0.0,0.0,0.0,dry,False,15.8,65.0,10.6
bb926aa5c72b6239316f1ab144bc0d6b,Sydney,AU,2025-08-07,Oceania,Subtropical,2025,8,August,Thursday,Winter,15.1,8.9,12.1,6.2,2.9,2.9,0.0,moderate,True,18.5,79.0,10.63
e1c20d87598614978363895116b86950,Sydney,AU,2025-08-08,Oceania,Subtropical,2025,8,August,Friday,Winter,16.0,10.6,13.1,5.4,1.4,1.4,0.0,light,True,15.6,77.0,10.65
ec2e6c172348320ca414e4d50bd16ce8,Sydney,AU,2025-08-09,Oceania,Subtropical,2025,8,August,Saturday,Winter,15.3,11.5,12.9,3.8,11.6,11.6,0.0,heavy,True,16.7,88.0,10.68
51338bc74535242266398a7f9af965bc,Sydney,AU,2025-08-10,Oceania,Subtropical,2025,8,August,Sunday,Winter,14.6,10.6,12.2,4.0,8.5,8.5,0.0,heavy,True,19.6,88.0,10.71
00b892e94c8e4f1e38be649c78399fa8,Sydney,AU,2025-08-11,Oceania,Subtropical,2025,8,August,Monday,Winter,14.8,9.7,11.7,5.1,3.2,3.2,0.0,moderate,True,17.1,87.0,10.74
730904b04e609259b6fe1cfe5dc5b9f6,Sydney,AU,2025-08-12,Oceania,Subtropical,2025,8,August,Tuesday,Winter,15.8,6.6,10.8,9.2,0.8,0.8,0.0,light,True,10.8,84.0,10.77
0f8ed87ecad7a9f344c5f3a0db2046dc,Sydney,AU,2025-08-13,Oceania,Subtropical,2025,8,August,Wednesday,Winter,17.3,6.9,11.9,10.4,0.1,0.1,0.0,light,True,13.5,81.0,10.8
7ff039c2473217b1c7aa15923ee579ba,Sydney,AU,2025-08-14,Oceania,Subtropical,2025,8,August,Thursday,Winter,14.1,11.0,12.3,3.1,10.7,10.7,0.0,heavy,True,21.9,88.0,10.83
2a7a459611ca2e7225bb803c4bb38aae,Sydney,AU,2025-08-15,Oceania,Subtropical,2025,8,August,Friday,Winter,18.2,9.3,13.4,8.9,2.6,2.6,0.0,moderate,True,14.2,84.0,10.86
3cd2c29cec724e5ef7970a57493970aa,Sydney,AU,2025-08-16,Oceania,Subtropical,2025,8,August,Saturday,Winter,17.3,9.5,12.7,7.8,7.7,7.7,0.0,heavy,True,17.7,65.0,10.88
8f386196023dac527c46dff8b270cf88,Sydney,AU,2025-08-17,Oceania,Subtropical,2025,8,August,Sunday,Winter,15.8,6.6,10.2,9.2,0.0,0.0,0.0,dry,False,17.5,64.0,10.91
0e097d111090627e32aabd734114d796,Sydney,AU,2025-08-18,Oceania,Subtropical,2025,8,August,Monday,Winter,13.0,5.9,9.6,7.1,2.6,2.6,0.0,moderate,True,22.5,76.0,10.95
e084c560ed4f7ae8a0eb8f47a52672e3,Sydney,AU,2025-08-19,Oceania,Subtropical,2025,8,August,Tuesday,Winter,14.8,9.1,11.7,5.7,17.3,17.3,0.0,heavy,True,17.9,85.0,10.98
07795c3e8b7512d4336e66cfe985ca94,Sydney,AU,2025-08-20,Oceania,Subtropical,2025,8,August,Wednesday,Winter,14.4,9.5,12.0,4.9,28.9,28.9,0.0,heavy,True,15.7,89.0,11.01
fa37d8128cce14ad0666514c4aa8b20e,Sydney,AU,2025-08-21,Oceania,Subtropical,2025,8,August,Thursday,Winter,15.8,12.5,14.0,3.3,66.6,66.6,0.0,heavy,True,26.6,91.0,11.04
6530f3e67f0b9473aac5fb1c8480705b,Sydney,AU,2025-08-22,Oceania,Subtropical,2025,8,August,Friday,Winter,16.5,11.0,13.7,5.5,10.3,10.3,0.0,heavy,True,10.9,92.0,11.07
973548be7d222fa1381de7d4e6f0776c,Sydney,AU,2025-08-23,Oceania,Subtropical,2025,8,August,Saturday,Winter,19.0,11.4,14.8,7.6,0.3,0.3,0.0,light,True,23.9,75.0,11.1
d1d4b9f9fa2119a6e9dd5956fdc75279,Sydney,AU,2025-08-24,Oceania,Subtropical,2025,8,August,Sunday,Winter,18.0,11.2,14.7,6.8,0.0,0.0,0.0,dry,False,18.4,65.0,11.13
c213019c8ba5b2b98e6845ac321894b6,Sydney,AU,2025-08-25,Oceania,Subtropical,2025,8,August,Monday,Winter,20.2,12.0,15.4,8.2,0.2,0.2,0.0,light,True,15.0,78.0,11.17
61468c9f78cedb9c6669034b2a21d394,Sydney,AU,2025-08-26,Oceania,Subtropical,2025,8,August,Tuesday,Winter,21.2,11.3,16.6,9.9,0.0,0.0,0.0,dry,False,23.1,81.0,11.2
91b8e4af5a6ecd8aae95263cccc2d3b6,Sydney,AU,2025-08-27,Oceania,Subtropical,2025,8,August,Wednesday,Winter,21.0,12.7,16.2,8.3,0.3,0.3,0.0,light,True,22.3,63.0,11.23
e3ad959ecd053276f41231cc99bc65a6,Sydney,AU,2025-08-28,Oceania,Subtropical,2025,8,August,Thursday,Winter,18.2,10.3,13.9,7.9,0.0,0.0,0.0,dry,False,24.3,54.0,11.26
fe8a3b2addf3a38a3a5a7b24ec876ac6,Sydney,AU,2025-08-29,Oceania,Subtropical,2025,8,August,Friday,Winter,19.3,9.5,14.4,9.8,0.1,0.1,0.0,light,True,24.5,51.0,11.3
18dda6316c289e4fefb40fc26c6bfe89,Sydney,AU,2025-08-30,Oceania,Subtropical,2025,8,August,Saturday,Winter,16.7,9.1,12.4,7.6,0.2,0.2,0.0,light,True,31.5,53.0,11.33
068b32f1c5122107f0ddcf6d1e9ebdab,Sydney,AU,2025-08-31,Oceania,Subtropical,2025,8,August,Sunday,Winter,18.9,6.9,12.2,12.0,0.0,0.0,0.0,dry,False,15.2,62.0,11.36
c02a58d76c271fc055b70d9a94fe6296,Sydney,AU,2025-09-01,Oceania,Subtropical,2025,9,September,Monday,Spring,17.8,8.2,12.7,9.6,0.0,0.0,0.0,dry,False,13.8,69.0,11.39
e3f5629728af89fa84018706b92691e6,Sydney,AU,2025-09-02,Oceania,Subtropical,2025,9,September,Tuesday,Spring,18.0,9.5,14.0,8.5,0.9,0.9,0.0,light,True,14.8,78.0,11.43
1732942ecec12b30f43b985b1d116684,Sydney,AU,2025-09-03,Oceania,Subtropical,2025,9,September,Wednesday,Spring,20.4,8.9,14.1,11.5,0.0,0.0,0.0,dry,False,14.3,62.0,11.46
8948ae3b2fba3b99bac11146cba82f0b,Sydney,AU,2025-09-04,Oceania,Subtropical,2025,9,September,Thursday,Spring,22.5,12.1,16.3,10.4,0.0,0.0,0.0,dry,False,18.4,50.0,11.49
98ea72fde2e2d8239a5982369f817ac0,Sydney,AU,2025-09-05,Oceania,Subtropical,2025,9,September,Friday,Spring,16.7,11.3,13.8,5.4,0.4,0.4,0.0,light,True,19.6,67.0,11.53
f16665991b423a3762d8fb537b9f0b15,Sydney,AU,2025-09-06,Oceania,Subtropical,2025,9,September,Saturday,Spring,19.3,10.5,15.1,8.8,0.0,0.0,0.0,dry,False,21.1,68.0,11.56
9c6dec154ca00d208f77e2d1a0fa0d5f,Sydney,AU,2025-09-07,Oceania,Subtropical,2025,9,September,Sunday,Spring,21.8,10.1,16.1,11.7,0.0,0.0,0.0,dry,False,24.2,74.0,11.59
00fb045888ecf34ea6b834043f962ccd,Sydney,AU,2025-09-08,Oceania,Subtropical,2025,9,September,Monday,Spring,28.0,15.6,21.0,12.4,0.0,0.0,0.0,dry,False,20.3,52.0,11.63
e29482dbc8fee6eb99348b500ab5556b,Sydney,AU,2025-09-09,Oceania,Subtropical,2025,9,September,Tuesday,Spring,24.4,16.7,19.5,7.7,0.2,0.2,0.0,light,True,19.1,69.0,11.66
2dbc187866d4c25cc8b5a30100118ccd,Sydney,AU,2025-09-10,Oceania,Subtropical,2025,9,September,Wednesday,Spring,17.5,13.4,16.2,4.1,27.5,27.5,0.0,heavy,True,26.6,88.0,11.7
618a42674587f7d97ccf46c52b89e878,Sydney,AU,2025-09-11,Oceania,Subtropical,2025,9,September,Thursday,Spring,15.9,8.8,12.4,7.1,35.3,35.3,0.0,heavy,True,33.5,80.0,11.73
0bef24655d2cb4201cb3fd558611a997,Sydney,AU,2025-09-12,Oceania,Subtropical,2025,9,September,Friday,Spring,19.0,9.5,13.5,9.5,0.0,0.0,0.0,dry,False,11.8,71.0,11.76
2d382c15f5efa6a6549a4e369353c893,Sydney,AU,2025-09-13,Oceania,Subtropical,2025,9,September,Saturday,Spring,19.1,9.1,14.0,10.0,0.0,0.0,0.0,dry,False,13.3,75.0,11.8
d22944483b3899a799059567eea5dbc2,Sydney,AU,2025-09-14,Oceania,Subtropical,2025,9,September,Sunday,Spring,21.3,9.5,15.1,11.8,0.0,0.0,0.0,dry,False,15.5,77.0,11.83
ffbaab9881990269acd0b76636edf438,Sydney,AU,2025-09-15,Oceania,Subtropical,2025,9,September,Monday,Spring,24.7,9.7,17.4,15.0,0.0,0.0,0.0,dry,False,14.7,59.0,11.87
1946c129658a022112c9396595e3649b,Sydney,AU,2025-09-16,Oceania,Subtropical,2025,9,September,Tuesday,Spring,26.5,15.7,20.7,10.8,0.0,0.0,0.0,dry,False,23.4,53.0,11.9
d989141e98f82000e5e0c4459bbc114a,Sydney,AU,2025-09-17,Oceania,Subtropical,2025,9,September,Wednesday,Spring,24.8,13.5,18.9,11.3,0.4,0.4,0.0,light,True,14.4,64.0,11.94
018587d4e1c8965298122feb47719bba,Sydney,AU,2025-09-18,Oceania,Subtropical,2025,9,September,Thursday,Spring,19.4,9.4,14.6,10.0,0.0,0.0,0.0,dry,False,16.7,69.0,11.97
e546f466c2718af311aa63c53ba9b2c6,Sydney,AU,2025-09-19,Oceania,Subtropical,2025,9,September,Friday,Spring,22.7,9.7,16.6,13.0,0.8,0.8,0.0,light,True,18.1,69.0,12.01
3a9adf9145a3fe3bb7577461e22a788a,Sydney,AU,2025-09-20,Oceania,Subtropical,2025,9,September,Saturday,Spring,22.1,13.3,17.4,8.8,7.0,7.0,0.0,moderate,True,22.0,56.0,12.04
84cd68a46acc40bd80be013c1030dbc7,Sydney,AU,2025-09-21,Oceania,Subtropical,2025,9,September,Sunday,Spring,21.9,9.8,15.3,12.1,0.0,0.0,0.0,dry,False,14.4,53.0,12.08
4f833803e78d4dbdcbea1866a4e99870,Sydney,AU,2025-09-22,Oceania,Subtropical,2025,9,September,Monday,Spring,22.3,10.2,14.2,12.1,5.5,5.5,0.0,moderate,True,24.1,65.0,12.11
d6400ba1f95093db8919f012a1828ef5,Sydney,AU,2025-09-23,Oceania,Subtropical,2025,9,September,Tuesday,Spring,16.4,8.2,12.5,8.2,0.0,0.0,0.0,dry,False,16.6,64.0,12.15
7cdb4477ff4f69242aecea6c97c9dd16,Sydney,AU,2025-09-24,Oceania,Subtropical,2025,9,September,Wednesday,Spring,24.2,8.8,15.4,15.4,0.0,0.0,0.0,dry,False,24.5,62.0,12.18
7c597452d1d406f91da75b614963c8de,Sydney,AU,2025-09-25,Oceania,Subtropical,2025,9,September,Thursday,Spring,25.8,10.0,18.1,15.8,0.0,0.0,0.0,dry,False,19.5,46.0,12.21
f9003cca0a9c4a55c66e9f8e3e8f5527,Sydney,AU,2025-09-26,Oceania,Subtropical,2025,9,September,Friday,Spring,28.8,16.5,22.2,12.3,0.0,0.0,0.0,dry,False,27.1,32.0,12.25
a504caa6e1df48d73bb09d1ff82d8ac8,Sydney,AU,2025-09-27,Oceania,Subtropical,2025,9,September,Saturday,Spring,31.7,17.4,23.8,14.3,0.0,0.0,0.0,dry,False,21.3,26.0,12.28
d0ac1c6648af87189bb91eb3772ff166,Sydney,AU,2025-09-28,Oceania,Subtropical,2025,9,September,Sunday,Spring,23.7,17.6,20.4,6.1,0.1,0.1,0.0,light,True,19.8,58.0,12.32
359be5f325f26961518ac17562d7b922,Sydney,AU,2025-09-29,Oceania,Subtropical,2025,9,September,Monday,Spring,22.5,14.7,17.8,7.8,0.5,0.5,0.0,light,True,18.3,76.0,12.35
2419aa059db6a96225046e4794380640,Sydney,AU,2025-09-30,Oceania,Subtropical,2025,9,September,Tuesday,Spring,23.9,13.9,19.9,10.0,0.0,0.0,0.0,dry,False,21.2,74.0,12.39
5328956e6d592e2254f2a425e7b273a6,Sydney,AU,2025-10-01,Oceania,Subtropical,2025,10,October,Wednesday,Spring,27.1,16.5,21.8,10.6,0.0,0.0,0.0,dry,False,22.4,33.0,12.42
971a3a3819af688fa4f855c421c05063,Sydney,AU,2025-10-02,Oceania,Subtropical,2025,10,October,Thursday,Spring,25.4,12.9,17.6,12.5,0.0,0.0,0.0,dry,False,33.7,39.0,12.46
7702ec9d97b1d9f1b96229ec56f54aca,Sydney,AU,2025-10-03,Oceania,Subtropical,2025,10,October,Friday,Spring,24.9,12.0,17.8,12.9,0.0,0.0,0.0,dry,False,21.4,39.0,12.49
27d55aee5d1de2e419a7d9c28d7bd994,Sydney,AU,2025-10-04,Oceania,Subtropical,2025,10,October,Saturday,Spring,22.2,12.1,16.9,10.1,0.0,0.0,0.0,dry,False,14.5,63.0,12.53
019925e70feaf3c6f1effc00a200efa7,Sydney,AU,2025-10-05,Oceania,Subtropical,2025,10,October,Sunday,Spring,27.0,12.4,20.2,14.6,0.0,0.0,0.0,dry,False,17.1,62.0,12.56
b9cc0784f4c3feb939105f5100153d70,Sydney,AU,2025-10-06,Oceania,Subtropical,2025,10,October,Monday,Spring,32.7,17.4,22.9,15.3,3.0,3.0,0.0,moderate,True,21.9,49.0,12.6
6760ce7c8de158cf047d325c96775379,Sydney,AU,2025-10-07,Oceania,Subtropical,2025,10,October,Tuesday,Spring,22.2,16.2,18.8,6.0,2.6,2.6,0.0,moderate,True,19.4,80.0,12.63
d3c1f2e483082d0eb3eadb1be00899c8,Sydney,AU,2025-10-08,Oceania,Subtropical,2025,10,October,Wednesday,Spring,29.2,15.3,22.7,13.9,0.0,0.0,0.0,dry,False,29.0,57.0,12.67
a2e7218b71e22ae8caa90db2029c02ba,Sydney,AU,2025-10-09,Oceania,Subtropical,2025,10,October,Thursday,Spring,26.4,20.8,23.6,5.6,1.4,1.4,0.0,light,True,24.9,51.0,12.7
2197485c5990d51092dffc81656a2004,Sydney,AU,2025-10-10,Oceania,Subtropical,2025,10,October,Friday,Spring,30.3,15.0,23.4,15.3,0.0,0.0,0.0,dry,False,16.1,45.0,12.74
adf19b44dcce3aedfcb96ce51831d541,Sydney,AU,2025-10-11,Oceania,Subtropical,2025,10,October,Saturday,Spring,30.6,16.8,23.8,13.8,0.0,0.0,0.0,dry,False,23.7,29.0,12.77
37001aa45856744709c2f2f04203b5f7,Sydney,AU,2025-10-12,Oceania,Subtropical,2025,10,October,Sunday,Spring,32.1,16.5,21.7,15.6,1.3,1.3,0.0,light,True,31.9,41.0,12.81
fa330da68fe8939875c30ed6330f6fab,Sydney,AU,2025-10-13,Oceania,Subtropical,2025,10,October,Monday,Spring,22.2,15.0,17.5,7.2,0.0,0.0,0.0,dry,False,22.3,55.0,12.84
d453b0469890bc7b857bb01938ad63f2,Sydney,AU,2025-10-14,Oceania,Subtropical,2025,10,October,Tuesday,Spring,26.4,13.6,19.6,12.8,0.0,0.0,0.0,dry,False,11.3,57.0,12.87
20abca2db72a3b52c998b62ef8171818,Sydney,AU,2025-10-15,Oceania,Subtropical,2025,10,October,Wednesday,Spring,25.6,14.3,19.7,11.3,0.0,0.0,0.0,dry,False,16.3,69.0,12.91
4e0dc3474b69141da7b37fd43ecab785,Sydney,AU,2025-10-16,Oceania,Subtropical,2025,10,October,Thursday,Spring,27.0,15.0,21.3,12.0,0.0,0.0,0.0,dry,False,21.7,74.0,12.94
04ce09e11bcd9d75d1d0eb0bbf8abcd3,Sydney,AU,2025-10-17,Oceania,Subtropical,2025,10,October,Friday,Spring,33.2,17.5,24.1,15.7,0.9,0.9,0.0,light,True,26.2,56.0,12.98
4f898ba6e592238052018f931e2ef018,Sydney,AU,2025-10-18,Oceania,Subtropical,2025,10,October,Saturday,Spring,20.9,16.7,18.5,4.2,0.0,0.0,0.0,dry,False,18.3,68.0,13.01
8982099cdcff827255ddc9daa1d0b30d,Sydney,AU,2025-10-19,Oceania,Subtropical,2025,10,October,Sunday,Spring,24.5,16.7,20.0,7.8,0.0,0.0,0.0,dry,False,21.9,67.0,13.04
7f082d93aee1e06d609eff37df459c64,Sydney,AU,2025-10-20,Oceania,Subtropical,2025,10,October,Monday,Spring,33.3,16.6,24.9,16.7,0.0,0.0,0.0,dry,False,22.0,58.0,13.08
d4c9b3df336d95ddba5f5e5623dabb12,Sydney,AU,2025-10-21,Oceania,Subtropical,2025,10,October,Tuesday,Spring,21.6,17.9,19.4,3.7,0.0,0.0,0.0,dry,False,20.5,74.0,13.11
68d0e35204ed504bb69c6d690ba4611d,Sydney,AU,2025-10-22,Oceania,Subtropical,2025,10,October,Wednesday,Spring,38.2,18.0,26.6,20.2,0.0,0.0,0.0,dry,False,33.1,56.0,13.14
062d9e3e3344cda18d3097f77578437b,Sydney,AU,2025-10-23,Oceania,Subtropical,2025,10,October,Thursday,Spring,23.4,16.9,19.2,6.5,0.1,0.1,0.0,light,True,23.7,52.0,13.18
dbc88456e76ed83ae7f7cd032273d4a4,Sydney,AU,2025-10-24,Oceania,Subtropical,2025,10,October,Friday,Spring,23.1,16.3,18.6,6.8,0.1,0.1,0.0,light,True,26.6,67.0,13.21
bfa35c1a0639d6f41232dc29f9253072,Sydney,AU,2025-10-25,Oceania,Subtropical,2025,10,October,Saturday,Spring,24.3,14.0,18.8,10.3,0.0,0.0,0.0,dry,False,16.6,66.0,13.24
1c7aa0f1f0dee67e8311d2a6ef1e7685,Sydney,AU,2025-10-26,Oceania,Subtropical,2025,10,October,Sunday,Spring,24.4,15.9,20.3,8.5,1.5,1.5,0.0,light,True,20.2,53.0,13.28
1ce46f803f047ad7b1499cb0075c1db9,Sydney,AU,2025-10-27,Oceania,Subtropical,2025,10,October,Monday,Spring,24.6,13.6,17.8,11.0,2.0,2.0,0.0,light,True,35.0,64.0,13.31
f6c675ab9d42fc06d06be2753960c8d1,Sydney,AU,2025-10-28,Oceania,Subtropical,2025,10,October,Tuesday,Spring,16.2,12.7,14.3,3.5,2.6,2.6,0.0,moderate,True,22.9,61.0,13.34
8ff7cb44b626667407885002cb484e12,Sydney,AU,2025-10-29,Oceania,Subtropical,2025,10,October,Wednesday,Spring,16.4,12.0,14.4,4.4,9.4,9.4,0.0,heavy,True,8.9,91.0,13.38
5c36070ef9e418cdac3da9254f5443fe,Sydney,AU,2025-10-30,Oceania,Subtropical,2025,10,October,Thursday,Spring,20.4,13.5,16.9,6.9,5.5,5.5,0.0,moderate,True,12.2,84.0,13.41
f17e03ea793af9b526b6efe72faf73d7,Sydney,AU,2025-10-31,Oceania,Subtropical,2025,10,October,Friday,Spring,22.2,14.6,18.7,7.6,1.1,1.1,0.0,light,True,17.9,84.0,13.44
f7821fb2f6f7b6803f93da033f94d4da,Sydney,AU,2025-11-01,Oceania,Subtropical,2025,11,November,Saturday,Spring,23.7,15.9,19.2,7.8,14.7,14.7,0.0,heavy,True,18.3,86.0,13.47
0444b5b7fda2fa36db92bac6e1cea375,Sydney,AU,2025-11-02,Oceania,Subtropical,2025,11,November,Sunday,Spring,22.1,17.0,19.4,5.1,0.5,0.5,0.0,light,True,13.8,88.0,13.5
d8a8c229cbcd3ccbdf2b986dcb1b0524,Sydney,AU,2025-11-03,Oceania,Subtropical,2025,11,November,Monday,Spring,25.6,17.6,22.0,8.0,0.0,0.0,0.0,dry,False,21.7,84.0,13.53
6631e7f8b7f1ec5b91a7563adf47c4a3,Sydney,AU,2025-11-04,Oceania,Subtropical,2025,11,November,Tuesday,Spring,21.9,14.8,18.7,7.1,2.2,2.2,0.0,light,True,29.7,47.0,13.56
bc10b5753badfc4b89fd4d1f9b484c32,Sydney,AU,2025-11-05,Oceania,Subtropical,2025,11,November,Wednesday,Spring,25.4,12.4,17.8,13.0,0.0,0.0,0.0,dry,False,15.7,52.0,13.59
75c816461d5b720a5be7de60696fcad0,Sydney,AU,2025-11-06,Oceania,Subtropical,2025,11,November,Thursday,Spring,23.9,12.1,18.5,11.8,0.0,0.0,0.0,dry,False,21.4,62.0,13.62
2fd892095421f4158eeea8778d4132ca,Sydney,AU,2025-11-07,Oceania,Subtropical,2025,11,November,Friday,Spring,28.1,16.8,21.3,11.3,0.0,0.0,0.0,dry,False,22.6,71.0,13.65
9cb4de451db6d24589e7e585d87c9267,Sydney,AU,2025-11-08,Oceania,Subtropical,2025,11,November,Saturday,Spring,31.6,19.5,25.2,12.1,2.4,2.4,0.0,light,True,27.5,57.0,13.68
b465039600e1db780316fc936ecf42dc,Sydney,AU,2025-11-09,Oceania,Subtropical,2025,11,November,Sunday,Spring,19.6,15.3,17.3,4.3,0.0,0.0,0.0,dry,False,25.2,61.0,13.71
262fff27ba272dad1bc7eca87f901aec,Sydney,AU,2025-11-10,Oceania,Subtropical,2025,11,November,Monday,Spring,21.6,13.1,17.6,8.5,0.9,0.9,0.0,light,True,22.4,67.0,13.74
e851a8ccddeae575dcfde9aeacdfbfcf,Sydney,AU,2025-11-11,Oceania,Subtropical,2025,11,November,Tuesday,Spring,27.7,13.7,19.7,14.0,0.1,0.1,0.0,light,True,26.8,49.0,13.77
6708aa67c311e6d27616ea10b74e6e5f,Sydney,AU,2025-11-12,Oceania,Subtropical,2025,11,November,Wednesday,Spring,20.5,10.4,15.7,10.1,0.0,0.0,0.0,dry,False,19.8,43.0,13.79
7293fc1c4f9374dfd5495502f1aa36e0,Sydney,AU,2025-11-13,Oceania,Subtropical,2025,11,November,Thursday,Spring,26.7,11.4,19.2,15.3,0.0,0.0,0.0,dry,False,20.4,52.0,13.82
8ae61971311c7b6e5eaa2a285bae44eb,Sydney,AU,2025-11-14,Oceania,Subtropical,2025,11,November,Friday,Spring,22.2,17.4,19.8,4.8,0.5,0.5,0.0,light,True,18.9,62.0,13.85
2d16ea6945fa2d7a58a50c41fb32fa24,Sydney,AU,2025-11-15,Oceania,Subtropical,2025,11,November,Saturday,Spring,24.8,17.7,21.1,7.1,0.5,0.5,0.0,light,True,23.5,79.0,13.88
477d5949b33e7818621aa83235d4f86e,Sydney,AU,2025-11-16,Oceania,Subtropical,2025,11,November,Sunday,Spring,30.4,18.5,25.0,11.9,0.3,0.3,0.0,light,True,15.2,45.0,13.9
ba133e3f42b0dada77d376728ece463a,Sydney,AU,2025-11-17,Oceania,Subtropical,2025,11,November,Monday,Spring,23.5,17.6,20.5,5.9,1.9,1.9,0.0,light,True,21.6,35.0,13.93
361b32a5039ed7e72344558e9540364a,Sydney,AU,2025-11-18,Oceania,Subtropical,2025,11,November,Tuesday,Spring,25.6,14.1,20.0,11.5,0.0,0.0,0.0,dry,False,20.6,46.0,13.95
2216fbb82700492773345084a702354b,Sydney,AU,2025-11-19,Oceania,Subtropical,2025,11,November,Wednesday,Spring,28.0,15.2,21.8,12.8,0.0,0.0,0.0,dry,False,23.0,61.0,13.98
2fa3af92c6733b36159f0ed949445077,Sydney,AU,2025-11-20,Oceania,Subtropical,2025,11,November,Thursday,Spring,23.0,17.5,19.9,5.5,0.4,0.4,0.0,light,True,20.9,78.0,14.0
264eccefdafa76325e6d8bbbe1be0b26,Sydney,AU,2025-11-21,Oceania,Subtropical,2025,11,November,Friday,Spring,18.2,16.1,17.4,2.1,8.4,8.4,0.0,heavy,True,22.9,83.0,14.03
34e10bfe9f25f6f60b8da9d060f304b6,Sydney,AU,2025-11-22,Oceania,Subtropical,2025,11,November,Saturday,Spring,21.7,18.1,19.8,3.6,6.1,6.1,0.0,moderate,True,16.5,83.0,14.05
4b9063509a9411889cc98e8279f61ce9,Sydney,AU,2025-11-23,Oceania,Subtropical,2025,11,November,Sunday,Spring,25.8,18.1,21.0,7.7,6.3,6.3,0.0,moderate,True,15.0,87.0,14.07
6961a893cc47dc226329b3236952f635,Sydney,AU,2025-11-24,Oceania,Subtropical,2025,11,November,Monday,Spring,21.9,17.7,19.5,4.2,0.0,0.0,0.0,dry,False,22.8,80.0,14.09
bc7c39c4d17cfda2f3319fa5337164fe,Sydney,AU,2025-11-25,Oceania,Subtropical,2025,11,November,Tuesday,Spring,28.2,16.7,23.4,11.5,0.1,0.1,0.0,light,True,15.0,70.0,14.11
f1c5837e147be736ea0737213343fb3e,Sydney,AU,2025-11-26,Oceania,Subtropical,2025,11,November,Wednesday,Spring,35.1,18.4,27.9,16.7,0.7,0.7,0.0,light,True,31.2,47.0,14.13
82f139ff17cb04067ddfe17afcd54467,Sydney,AU,2025-11-27,Oceania,Subtropical,2025,11,November,Thursday,Spring,32.5,18.5,25.3,14.0,0.0,0.0,0.0,dry,False,21.4,47.0,14.15
b532384a48e8a0fc3cf6a390868c3acd,Sydney,AU,2025-11-28,Oceania,Subtropical,2025,11,November,Friday,Spring,29.8,17.3,22.9,12.5,0.1,0.1,0.0,light,True,20.4,65.0,14.17
5790a1ba9f7704c72619789b3dc663b3,Sydney,AU,2025-11-29,Oceania,Subtropical,2025,11,November,Saturday,Spring,32.3,19.3,24.4,13.0,1.2,1.2,0.0,light,True,33.5,52.0,14.19
c1f26ce0c7b03fad8c6265d0445fc391,Sydney,AU,2025-11-30,Oceania,Subtropical,2025,11,November,Sunday,Spring,28.9,17.4,22.1,11.5,0.5,0.5,0.0,light,True,34.0,43.0,14.21
58270411e2c9ea5a31e6abc1accf42e2,Sydney,AU,2025-12-01,Oceania,Subtropical,2025,12,December,Monday,Summer,24.4,14.4,19.1,10.0,0.2,0.2,0.0,light,True,24.6,39.0,14.23
abbcc53c808baeb03db57a63b657e6e0,Sydney,AU,2025-12-02,Oceania,Subtropical,2025,12,December,Tuesday,Summer,20.2,13.4,17.3,6.8,0.2,0.2,0.0,light,True,22.1,48.0,14.24
a1fd38f9eb93d0afd4f642f905432950,Sydney,AU,2025-12-03,Oceania,Subtropical,2025,12,December,Wednesday,Summer,26.1,13.5,19.9,12.6,0.0,0.0,0.0,dry,False,19.3,57.0,14.26
a65493106aa57e8158a8429c85bcae45,Sydney,AU,2025-12-04,Oceania,Subtropical,2025,12,December,Thursday,Summer,29.8,15.3,23.2,14.5,0.0,0.0,0.0,dry,False,20.8,53.0,14.27
9bec23619dff5872582eba0147dd7158,Sydney,AU,2025-12-05,Oceania,Subtropical,2025,12,December,Friday,Summer,36.2,17.9,27.2,18.3,0.0,0.0,0.0,dry,False,19.9,34.0,14.29
0db329c4d915bc8b4c2bfaf47cbca25f,Sydney,AU,2025-12-06,Oceania,Subtropical,2025,12,December,Saturday,Summer,38.8,23.8,30.9,15.0,0.0,0.0,0.0,dry,False,28.0,29.0,14.3
69a03462781ee8a1691d5756337ef449,Sydney,AU,2025-12-07,Oceania,Subtropical,2025,12,December,Sunday,Summer,28.0,18.3,21.6,9.7,0.4,0.4,0.0,light,True,25.7,58.0,14.31
5d1e5419c8dc40d7626e830bb594af91,Sydney,AU,2025-12-08,Oceania,Subtropical,2025,12,December,Monday,Summer,26.1,18.6,21.7,7.5,0.6,0.6,0.0,light,True,22.7,66.0,14.33
a0fd29b1e30c37d3d02c62f54a7c0100,Sydney,AU,2025-12-09,Oceania,Subtropical,2025,12,December,Tuesday,Summer,31.4,17.8,23.8,13.6,0.2,0.2,0.0,light,True,22.4,71.0,14.34
b3c26c49b88b7e0957a7c2094321ce47,Sydney,AU,2025-12-10,Oceania,Subtropical,2025,12,December,Wednesday,Summer,24.5,19.1,21.7,5.4,4.0,4.0,0.0,moderate,True,17.9,76.0,14.35
76a0cf1150a6afbf22fab1dcb6ec6abf,Sydney,AU,2025-12-11,Oceania,Subtropical,2025,12,December,Thursday,Summer,22.1,19.1,20.4,3.0,3.7,3.7,0.0,moderate,True,23.5,77.0,14.36
e538a4680a663fa0415d46003de7c237,Sydney,AU,2025-12-12,Oceania,Subtropical,2025,12,December,Friday,Summer,20.5,17.9,19.3,2.6,27.2,27.2,0.0,heavy,True,14.9,87.0,14.37
c889fc8ac48849b5863f7b656d6d0ea9,Sydney,AU,2025-12-13,Oceania,Subtropical,2025,12,December,Saturday,Summer,24.2,16.1,20.4,8.1,3.8,3.8,0.0,moderate,True,16.2,85.0,14.37
0f2cf99d38bb73869e490b583c578993,Sydney,AU,2025-12-14,Oceania,Subtropical,2025,12,December,Sunday,Summer,29.0,18.4,23.3,10.6,8.9,8.9,0.0,heavy,True,35.9,76.0,14.38
2a37a51e58f039af5465141525e5dc7a,Sydney,AU,2025-12-15,Oceania,Subtropical,2025,12,December,Monday,Summer,21.7,18.1,19.7,3.6,1.9,1.9,0.0,light,True,18.6,76.0,14.39
d8adbac4d57c5a0ac64d71367a1f5283,Sydney,AU,2025-12-16,Oceania,Subtropical,2025,12,December,Tuesday,Summer,21.5,17.9,19.4,3.6,0.4,0.4,0.0,light,True,11.7,70.0,14.39
aa7f98edb8f3b3513f0bbf2f2ffb679a,Sydney,AU,2025-12-17,Oceania,Subtropical,2025,12,December,Wednesday,Summer,23.6,17.6,20.9,6.0,0.0,0.0,0.0,dry,False,22.2,79.0,14.4
70e96bc7355d246810d47f616af173b8,Sydney,AU,2025-12-18,Oceania,Subtropical,2025,12,December,Thursday,Summer,29.1,18.3,24.1,10.8,0.0,0.0,0.0,dry,False,22.4,71.0,14.4
b1699cc6c660ccd6508860d8c7b45327,Sydney,AU,2025-12-19,Oceania,Subtropical,2025,12,December,Friday,Summer,39.1,21.2,28.6,17.9,0.2,0.2,0.0,light,True,13.8,53.0,14.4
48260469dc6c3230400b42ba8602675a,Sydney,AU,2025-12-20,Oceania,Subtropical,2025,12,December,Saturday,Summer,30.5,22.3,25.6,8.2,7.9,7.9,0.0,heavy,True,17.0,69.0,14.4
542367f48950f9dda0e1bab115823b9d,Sydney,AU,2025-12-21,Oceania,Subtropical,2025,12,December,Sunday,Summer,34.8,21.8,27.4,13.0,0.8,0.8,0.0,light,True,18.4,68.0,14.4
207e2412df199b12b2b745f1e1ff4445,Sydney,AU,2025-12-22,Oceania,Subtropical,2025,12,December,Monday,Summer,28.8,21.4,25.5,7.4,1.3,1.3,0.0,light,True,21.8,62.0,14.4
20caf9ac912e9de3b2141fcea5c7e7a1,Sydney,AU,2025-12-23,Oceania,Subtropical,2025,12,December,Tuesday,Summer,32.5,19.5,23.3,13.0,0.0,0.0,0.0,dry,False,28.8,66.0,14.4
eefe458acd40d346082708ca0c034b7c,Sydney,AU,2025-12-24,Oceania,Subtropical,2025,12,December,Wednesday,Summer,30.1,17.7,23.7,12.4,0.0,0.0,0.0,dry,False,24.1,63.0,14.4
29a8e51e80bd9c3ee34ec16bb64cc1bc,Sydney,AU,2025-12-25,Oceania,Subtropical,2025,12,December,Thursday,Summer,21.6,16.5,19.5,5.1,1.9,1.9,0.0,light,True,23.6,66.0,14.4
b07d1375db1926117587d4d571185b56,Sydney,AU,2025-12-26,Oceania,Subtropical,2025,12,December,Friday,Summer,17.2,14.3,15.9,2.9,2.6,2.6,0.0,moderate,True,23.8,67.0,14.4
3369a76f318698478b67463f60cc5586,Sydney,AU,2025-12-27,Oceania,Subtropical,2025,12,December,Saturday,Summer,20.4,13.3,17.0,7.1,0.5,0.5,0.0,light,True,16.9,65.0,14.39
a564ef61233fafe729fb337c9c36b034,Sydney,AU,2025-12-28,Oceania,Subtropical,2025,12,December,Sunday,Summer,20.8,15.6,18.2,5.2,0.8,0.8,0.0,light,True,23.3,61.0,14.39
60cf948f62cd73ad3f97d7cf30a2f0be,Sydney,AU,2025-12-29,Oceania,Subtropical,2025,12,December,Monday,Summer,22.0,14.3,18.3,7.7,0.0,0.0,0.0,dry,False,14.8,61.0,14.38
581d07c63da98cad7edb31693babbea0,Sydney,AU,2025-12-30,Oceania,Subtropical,2025,12,December,Tuesday,Summer,22.7,13.8,18.8,8.9,0.0,0.0,0.0,dry,False,14.7,64.0,14.37
19e533ddde86e16432909f6fcd9a316d,Sydney,AU,2025-12-31,Oceania,Subtropical,2025,12,December,Wednesday,Summer,23.0,15.1,19.4,7.9,0.4,0.4,0.0,light,True,15.5,73.0,14.37
c57ede9dcd6bbc69a60a0f8d3a953488,Sydney,AU,2026-01-01,Oceania,Subtropical,2026,1,January,Thursday,Summer,19.6,18.0,18.7,1.6,3.0,3.0,0.0,moderate,True,21.7,74.0,14.36
4ca1fcd6fd0a85dd02f0e305b3930d10,Sydney,AU,2026-01-02,Oceania,Subtropical,2026,1,January,Friday,Summer,21.8,17.1,19.3,4.7,0.5,0.5,0.0,light,True,12.3,70.0,14.35
ec2444bb3256e4de2ab5efc8c8af9e05,Sydney,AU,2026-01-03,Oceania,Subtropical,2026,1,January,Saturday,Summer,24.1,17.8,21.0,6.3,0.5,0.5,0.0,light,True,22.7,79.0,14.34
37617dcee5370499f5566d762df894d7,Sydney,AU,2026-01-04,Oceania,Subtropical,2026,1,January,Sunday,Summer,28.1,19.0,22.4,9.1,13.0,13.0,0.0,heavy,True,16.1,83.0,14.33
a4b596ac658126cb9a90bb060cd68d0f,Sydney,AU,2026-01-05,Oceania,Subtropical,2026,1,January,Monday,Summer,24.0,18.3,21.2,5.7,2.7,2.7,0.0,moderate,True,13.1,85.0,14.32
01cb09e82e97dc251c92280bb3ca7510,Sydney,AU,2026-01-06,Oceania,Subtropical,2026,1,January,Tuesday,Summer,25.3,19.2,22.3,6.1,1.3,1.3,0.0,light,True,16.5,82.0,14.3
1b46b20fe18213faab3bf0a50b0dc566,Sydney,AU,2026-01-07,Oceania,Subtropical,2026,1,January,Wednesday,Summer,30.2,19.6,24.6,10.6,0.0,0.0,0.0,dry,False,19.9,76.0,14.29
fee318b0596fc6dea232468821b8608c,Sydney,AU,2026-01-08,Oceania,Subtropical,2026,1,January,Thursday,Summer,32.9,20.7,26.2,12.2,0.0,0.0,0.0,dry,False,21.8,65.0,14.27
8d613ed6780ed4b309710b3e5b09be33,Sydney,AU,2026-01-09,Oceania,Subtropical,2026,1,January,Friday,Summer,31.9,20.5,26.0,11.4,0.0,0.0,0.0,dry,False,23.2,68.0,14.26
55af0fc31f68f94957168de65255dc0b,Sydney,AU,2026-01-10,Oceania,Subtropical,2026,1,January,Saturday,Summer,42.0,22.0,32.2,20.0,0.0,0.0,0.0,dry,False,28.6,35.0,14.24
bc7f1afe93b23e4b5cb868d6741c183e,Sydney,AU,2026-01-11,Oceania,Subtropical,2026,1,January,Sunday,Summer,22.0,18.4,20.5,3.6,12.5,12.5,0.0,heavy,True,24.8,72.0,14.23
78ff0acb62d76e38da0a17bd2f2dc01f,Sydney,AU,2026-01-12,Oceania,Subtropical,2026,1,January,Monday,Summer,20.7,18.5,19.5,2.2,6.6,6.6,0.0,moderate,True,17.3,80.0,14.21
69c3c200a052bf08e0616c69dbf470ab,Sydney,AU,2026-01-13,Oceania,Subtropical,2026,1,January,Tuesday,Summer,25.5,18.2,22.0,7.3,0.3,0.3,0.0,light,True,16.4,81.0,14.19
a83c5e5ca17a0d29010db4b087893d08,Sydney,AU,2026-01-14,Oceania,Subtropical,2026,1,January,Wednesday,Summer,24.5,20.6,22.4,3.9,0.6,0.6,0.0,light,True,21.4,75.0,14.17
adafd6a1bf5bf2aac091c4e06d6473e9,Sydney,AU,2026-01-15,Oceania,Subtropical,2026,1,January,Thursday,Summer,24.7,21.3,22.8,3.4,14.6,14.6,0.0,heavy,True,24.9,83.0,14.15
411550a8ad7f5807694c866e78a25809,Sydney,AU,2026-01-16,Oceania,Subtropical,2026,1,January,Friday,Summer,24.7,19.3,21.7,5.4,6.9,6.9,0.0,moderate,True,23.0,79.0,14.13
dbd6fc3c523dd431625e325a936d501c,Sydney,AU,2026-01-17,Oceania,Subtropical,2026,1,January,Saturday,Summer,21.5,19.1,20.3,2.4,61.1,61.1,0.0,heavy,True,31.5,88.0,14.11
2241650edf8d668e10f292274fee82fe,Sydney,AU,2026-01-18,Oceania,Subtropical,2026,1,January,Sunday,Summer,21.9,18.4,20.0,3.5,19.7,19.7,0.0,heavy,True,27.7,81.0,14.09
2ceaf764c498d945676ebf0d837e72dc,Sydney,AU,2026-01-19,Oceania,Subtropical,2026,1,January,Monday,Summer,22.7,18.2,20.1,4.5,7.4,7.4,0.0,moderate,True,16.1,79.0,14.07
5648f0b7f03096f16e48fddf608eb29d,Sydney,AU,2026-01-20,Oceania,Subtropical,2026,1,January,Tuesday,Summer,22.8,17.4,20.3,5.4,1.4,1.4,0.0,light,True,14.5,76.0,14.05
09773ecb013da3bd60828c3c258e14e4,Sydney,AU,2026-01-21,Oceania,Subtropical,2026,1,January,Wednesday,Summer,22.5,16.9,19.9,5.6,0.6,0.6,0.0,light,True,14.4,75.0,14.02
80ca42e4b11532e62a9043707c6bc4db,Sydney,AU,2026-01-22,Oceania,Subtropical,2026,1,January,Thursday,Summer,23.1,16.6,19.6,6.5,0.2,0.2,0.0,light,True,29.1,75.0,14.0
0c53880cd888a0a84b9051ce483a0e8f,Sydney,AU,2026-01-23,Oceania,Subtropical,2026,1,January,Friday,Summer,22.1,17.6,19.6,4.5,0.0,0.0,0.0,dry,False,12.7,66.0,13.98
31a59f8edbadcab99be0bb67246808b5,Sydney,AU,2026-01-24,Oceania,Subtropical,2026,1,January,Saturday,Summer,25.4,15.8,21.4,9.6,0.0,0.0,0.0,dry,False,18.1,80.0,13.95
d4516feedc58e43b4f9db1dad11008ee,Sydney,AU,2026-01-25,Oceania,Subtropical,2026,1,January,Sunday,Summer,34.1,19.1,26.4,15.0,0.0,0.0,0.0,dry,False,23.6,74.0,13.93
64b007e7192a67dff8fb764b8eb4b450,Sydney,AU,2026-01-26,Oceania,Subtropical,2026,1,January,Monday,Summer,25.1,21.0,22.7,4.1,0.2,0.2,0.0,light,True,23.4,67.0,13.9
3a1396291719585931a467ed1915b769,Sydney,AU,2026-01-27,Oceania,Subtropical,2026,1,January,Tuesday,Summer,25.6,19.1,22.1,6.5,0.0,0.0,0.0,dry,False,17.0,62.0,13.87
670e0109c63962cc89825dbe35902ca8,Sydney,AU,2026-01-28,Oceania,Subtropical,2026,1,January,Wednesday,Summer,27.4,17.3,22.6,10.1,0.0,0.0,0.0,dry,False,19.6,70.0,13.85
a723cee1a79a49c8790786bf01c3bc4c,Sydney,AU,2026-01-29,Oceania,Subtropical,2026,1,January,Thursday,Summer,27.4,20.5,23.9,6.9,0.0,0.0,0.0,dry,False,14.3,69.0,13.82
a88a932cf0888305375372edfa9012ac,Sydney,AU,2026-01-30,Oceania,Subtropical,2026,1,January,Friday,Summer,28.4,19.4,24.0,9.0,0.0,0.0,0.0,dry,False,21.2,72.0,13.79
44960ccdb0a9b389430b29a1bb258c90,Sydney,AU,2026-01-31,Oceania,Subtropical,2026,1,January,Saturday,Summer,29.7,21.3,25.4,8.4,0.0,0.0,0.0,dry,False,21.0,74.0,13.76
9e65c76162170952b33e2d0736b42b0a,Sydney,AU,2026-02-01,Oceania,Subtropical,2026,2,February,Sunday,Summer,30.6,20.0,24.1,10.6,2.7,2.7,0.0,moderate,True,25.0,79.0,13.73
8ea43ded68a13e676e4fe0944f2812fd,Sydney,AU,2026-02-02,Oceania,Subtropical,2026,2,February,Monday,Summer,20.4,17.2,19.0,3.2,1.5,1.5,0.0,light,True,32.2,60.0,13.7
1bfeb617c1aa37561e0c07c52670f7eb,Sydney,AU,2026-02-03,Oceania,Subtropical,2026,2,February,Tuesday,Summer,23.5,16.9,20.0,6.6,3.2,3.2,0.0,moderate,True,15.3,74.0,13.68
95230203f843775acc3e8914d030ebc0,Sydney,AU,2026-02-04,Oceania,Subtropical,2026,2,February,Wednesday,Summer,26.7,17.5,22.4,9.2,0.0,0.0,0.0,dry,False,19.2,69.0,13.65
a49cc96f05d1a0f6b196e35081f2303b,Sydney,AU,2026-02-05,Oceania,Subtropical,2026,2,February,Thursday,Summer,35.1,19.7,25.6,15.4,0.0,0.0,0.0,dry,False,17.0,68.0,13.62
528e16647d529e0579bb65f43a048619,Sydney,AU,2026-02-06,Oceania,Subtropical,2026,2,February,Friday,Summer,30.2,20.1,24.5,10.1,0.0,0.0,0.0,dry,False,14.8,75.0,13.58
1fcb3d9d2f4e53fc244de8f318addcbf,Sydney,AU,2026-02-07,Oceania,Subtropical,2026,2,February,Saturday,Summer,30.5,21.2,25.7,9.3,0.0,0.0,0.0,dry,False,15.8,72.0,13.55
d293941f3f9e1cc12a4df3276b0dafe1,Sydney,AU,2026-02-08,Oceania,Subtropical,2026,2,February,Sunday,Summer,24.7,21.8,23.0,2.9,5.4,5.4,0.0,moderate,True,20.1,85.0,13.52
31542989e68ee212072b5ce482d36b5b,Sydney,AU,2026-02-09,Oceania,Subtropical,2026,2,February,Monday,Summer,27.4,21.4,22.8,6.0,8.7,8.7,0.0,heavy,True,11.7,88.0,13.49
474fdd41eed950b821b6793a5f4fcbfb,Sydney,AU,2026-02-10,Oceania,Subtropical,2026,2,February,Tuesday,Summer,25.8,20.8,23.2,5.0,0.0,0.0,0.0,dry,False,10.0,85.0,13.46
d4df2df124a7551bf3035510b9c5618b,Sydney,AU,2026-02-11,Oceania,Subtropical,2026,2,February,Wednesday,Summer,29.3,20.3,24.7,9.0,0.0,0.0,0.0,dry,False,19.0,82.0,13.43
37f97c86df8e56be0ce97f94727e658e,Sydney,AU,2026-02-12,Oceania,Subtropical,2026,2,February,Thursday,Summer,25.6,18.7,22.1,6.9,3.2,3.2,0.0,moderate,True,29.8,75.0,13.4
ed33c30e32c86dd57b4bf54958c713c8,Sydney,AU,2026-02-13,Oceania,Subtropical,2026,2,February,Friday,Summer,22.4,18.4,20.2,4.0,0.2,0.2,0.0,light,True,15.7,63.0,13.37
828bc997f91800f45ad28d0b0d332897,Sydney,AU,2026-02-14,Oceania,Subtropical,2026,2,February,Saturday,Summer,23.8,17.6,20.4,6.2,3.9,3.9,0.0,moderate,True,16.9,71.0,13.33
7459f9bd332bd1cd782877602a5474fe,Sydney,AU,2026-02-15,Oceania,Subtropical,2026,2,February,Sunday,Summer,22.0,18.0,19.6,4.0,8.2,8.2,0.0,heavy,True,13.9,82.0,13.3
f31b93550b99f3fc761cb961daada550,Sydney,AU,2026-02-16,Oceania,Subtropical,2026,2,February,Monday,Summer,23.7,17.4,20.4,6.3,3.4,3.4,0.0,moderate,True,15.6,79.0,13.27
36daf12156a54d83469027650dbff2b4,Sydney,AU,2026-02-17,Oceania,Subtropical,2026,2,February,Tuesday,Summer,27.2,16.7,21.6,10.5,0.0,0.0,0.0,dry,False,20.8,76.0,13.24
2a20a9631fe694b911055f979c42ad19,Sydney,AU,2026-02-18,Oceania,Subtropical,2026,2,February,Wednesday,Summer,36.9,19.8,25.4,17.1,0.4,0.4,0.0,light,True,23.6,66.0,13.2
8270ed201d2bb1bbd16ae6760937b8f4,Sydney,AU,2026-02-19,Oceania,Subtropical,2026,2,February,Thursday,Summer,27.1,21.2,24.0,5.9,0.8,0.8,0.0,light,True,17.5,78.0,13.17
15187114e4477919a815ff8ca667bf18,Sydney,AU,2026-02-20,Oceania,Subtropical,2026,2,February,Friday,Summer,27.1,22.8,24.3,4.3,0.1,0.1,0.0,light,True,18.3,72.0,13.13
7da08297a636c9d003ce5b9a4657a58a,Sydney,AU,2026-02-21,Oceania,Subtropical,2026,2,February,Saturday,Summer,32.1,21.9,25.8,10.2,1.1,1.1,0.0,light,True,14.6,75.0,13.1
2b3911fdceb36ef01ef47b2f2726e5d4,Sydney,AU,2026-02-22,Oceania,Subtropical,2026,2,February,Sunday,Summer,32.9,21.6,26.3,11.3,5.9,5.9,0.0,moderate,True,14.7,76.0,13.06
3153f4b336a6e680f7c268ce670c8e03,Sydney,AU,2026-02-23,Oceania,Subtropical,2026,2,February,Monday,Summer,27.3,22.2,24.4,5.1,0.6,0.6,0.0,light,True,14.7,84.0,13.03
1ec8d71bd79033c9bbe93d87b5199ae9,Sydney,AU,2026-02-24,Oceania,Subtropical,2026,2,February,Tuesday,Summer,28.7,20.8,24.4,7.9,0.0,0.0,0.0,dry,False,21.7,79.0,13.0
7b5696039e060a65169e5f92348b352e,Sydney,AU,2026-02-25,Oceania,Subtropical,2026,2,February,Wednesday,Summer,27.6,21.4,24.0,6.2,0.6,0.6,0.0,light,True,21.5,79.0,12.96
a027aa0c2860743f019d88b76a855a68,Sydney,AU,2026-02-26,Oceania,Subtropical,2026,2,February,Thursday,Summer,24.8,20.7,22.2,4.1,14.7,14.7,0.0,heavy,True,20.4,86.0,12.93
4a193cb9c7f017c2b6847dc191b5f5f1,Sydney,AU,2026-02-27,Oceania,Subtropical,2026,2,February,Friday,Summer,23.1,20.6,21.7,2.5,12.8,12.8,0.0,heavy,True,19.0,85.0,12.89
a67f9c0ca1a4cf4701e20c1943a75a3f,Sydney,AU,2026-02-28,Oceania,Subtropical,2026,2,February,Saturday,Summer,24.7,20.3,22.2,4.4,1.9,1.9,0.0,light,True,15.8,78.0,12.86
9f4c8cb787b167924f98d92ca0a1a291,Sydney,AU,2026-03-01,Oceania,Subtropical,2026,3,March,Sunday,Autumn,24.9,20.2,22.4,4.7,1.7,1.7,0.0,light,True,12.0,80.0,12.82
6ffe79cad66e85e4728e564efa467ca8,Sydney,AU,2026-03-02,Oceania,Subtropical,2026,3,March,Monday,Autumn,26.1,21.3,23.2,4.8,4.4,4.4,0.0,moderate,True,23.3,82.0,12.79
8e634eeed4d64204e514f9fda9cabc84,Sydney,AU,2026-03-03,Oceania,Subtropical,2026,3,March,Tuesday,Autumn,25.5,21.1,22.8,4.4,0.7,0.7,0.0,light,True,17.0,85.0,12.75
a814eace425c3e865aadca302c496b6b,Sydney,AU,2026-03-04,Oceania,Subtropical,2026,3,March,Wednesday,Autumn,28.3,21.0,24.1,7.3,0.3,0.3,0.0,light,True,15.0,85.0,12.72
a860e172f9fd059ac7380c2d9569bddc,Sydney,AU,2026-03-05,Oceania,Subtropical,2026,3,March,Thursday,Autumn,27.5,21.0,23.8,6.5,5.7,5.7,0.0,moderate,True,11.2,88.0,12.68
4f48924189f25a15dfd10cdd2d324391,Sydney,AU,2026-03-06,Oceania,Subtropical,2026,3,March,Friday,Autumn,26.9,21.4,24.0,5.5,0.2,0.2,0.0,light,True,14.8,89.0,12.65
6af43c6080bb0af3d8bc1b717ed7cb18,Sydney,AU,2026-03-07,Oceania,Subtropical,2026,3,March,Saturday,Autumn,27.4,21.4,23.7,6.0,8.0,8.0,0.0,heavy,True,19.6,88.0,12.61
5e73080954c1346939b9034e38f13884,Sydney,AU,2026-03-08,Oceania,Subtropical,2026,3,March,Sunday,Autumn,22.8,20.7,21.4,2.1,24.4,24.4,0.0,heavy,True,25.2,84.0,12.58
05cc69427f2eed09e1d5f50f8e31ed17,Sydney,AU,2026-03-09,Oceania,Subtropical,2026,3,March,Monday,Autumn,23.5,19.7,21.4,3.8,9.6,9.6,0.0,heavy,True,21.3,83.0,12.54
03a27b8dd8f75366cde9d1bd51a9178a,Sydney,AU,2026-03-10,Oceania,Subtropical,2026,3,March,Tuesday,Autumn,25.5,19.1,21.8,6.4,8.3,8.3,0.0,heavy,True,11.7,87.0,12.51
536188b64e97b50f893f34e16f5c1440,Sydney,AU,2026-03-11,Oceania,Subtropical,2026,3,March,Wednesday,Autumn,26.6,19.3,23.0,7.3,0.0,0.0,0.0,dry,False,24.2,82.0,12.47
9772026ba029fc7bc43f1f5107e13e70,Sydney,AU,2026-03-12,Oceania,Subtropical,2026,3,March,Thursday,Autumn,23.6,20.0,21.9,3.6,0.2,0.2,0.0,light,True,20.4,75.0,12.44
2246d991626a42af3e121ee7ec3b73a1,Sydney,AU,2026-03-13,Oceania,Subtropical,2026,3,March,Friday,Autumn,20.5,18.1,19.3,2.4,4.6,4.6,0.0,moderate,True,26.8,71.0,12.4
a7c8f03575c1df9907a1df86deb9c28d,Sydney,AU,2026-03-14,Oceania,Subtropical,2026,3,March,Saturday,Autumn,22.9,15.4,19.6,7.5,0.0,0.0,0.0,dry,False,14.3,72.0,12.36
11db79f5e1b336f255808db9a0b6f4dc,Sydney,AU,2026-03-15,Oceania,Subtropical,2026,3,March,Sunday,Autumn,25.2,15.1,20.3,10.1,0.0,0.0,0.0,dry,False,18.2,75.0,12.33
97fbb9eeb4a47a1ae5eabbcd77727388,Sydney,AU,2026-03-16,Oceania,Subtropical,2026,3,March,Monday,Autumn,26.1,16.3,21.6,9.8,0.0,0.0,0.0,dry,False,19.1,77.0,12.29
053bfa9e89aa34d741a30be309c477c0,Sydney,AU,2026-03-17,Oceania,Subtropical,2026,3,March,Tuesday,Autumn,28.3,19.5,22.9,8.8,4.4,4.4,0.0,moderate,True,14.8,78.0,12.26
4669cd650ee853a860dd1b40b551de0a,Sydney,AU,2026-03-18,Oceania,Subtropical,2026,3,March,Wednesday,Autumn,22.6,19.0,21.0,3.6,14.6,14.6,0.0,heavy,True,15.1,89.0,12.22
3407c929d13d28f88bf1ce43f2edf2fe,Sydney,AU,2026-03-19,Oceania,Subtropical,2026,3,March,Thursday,Autumn,23.5,19.9,21.3,3.6,12.9,12.9,0.0,heavy,True,7.9,90.0,12.19
e3b5c1e333b5c19f0969fbcfa341464b,Sydney,AU,2026-03-20,Oceania,Subtropical,2026,3,March,Friday,Autumn,24.6,19.3,21.7,5.3,4.1,4.1,0.0,moderate,True,15.1,85.0,12.15
aac11af6d94d526e14a4b18a6b850033,Sydney,AU,2026-03-21,Oceania,Subtropical,2026,3,March,Saturday,Autumn,24.7,18.7,21.2,6.0,11.8,11.8,0.0,heavy,True,16.2,86.0,12.12
c2006c2f9ab2b8864a883b7963da1a5c,Sydney,AU,2026-03-22,Oceania,Subtropical,2026,3,March,Sunday,Autumn,25.0,18.7,21.9,6.3,0.2,0.2,0.0,light,True,13.5,79.0,12.08
93007541275b4f894f9dc79350c62f4e,Sydney,AU,2026-03-23,Oceania,Subtropical,2026,3,March,Monday,Autumn,24.4,19.1,21.8,5.3,3.2,3.2,0.0,moderate,True,14.4,83.0,12.05
e770187bc18c11a868301c1ef1f874d1,Sydney,AU,2026-03-24,Oceania,Subtropical,2026,3,March,Tuesday,Autumn,25.6,18.2,21.8,7.4,0.8,0.8,0.0,light,True,12.3,79.0,12.01
2658c8ba61b0db7e881252b289e77779,Sydney,AU,2026-03-25,Oceania,Subtropical,2026,3,March,Wednesday,Autumn,26.0,17.8,21.6,8.2,0.2,0.2,0.0,light,True,13.6,81.0,11.98
041786622015de31bcebf36cf36834e0,Sydney,AU,2026-03-26,Oceania,Subtropical,2026,3,March,Thursday,Autumn,27.9,18.2,21.7,9.7,13.9,13.9,0.0,heavy,True,15.8,82.0,11.94
5a878594e4206fa904df8b4505979a7f,Sydney,AU,2026-03-27,Oceania,Subtropical,2026,3,March,Friday,Autumn,18.3,12.3,15.3,6.0,12.0,12.0,0.0,heavy,True,30.3,71.0,11.91
f3c5be38cb725e63d53d66c4ba9cfb1c,Sydney,AU,2026-03-28,Oceania,Subtropical,2026,3,March,Saturday,Autumn,20.9,14.1,17.0,6.8,0.0,0.0,0.0,dry,False,23.0,60.0,11.87
914b6c7d9f691e026cfbe3e932e05274,Sydney,AU,2026-03-29,Oceania,Subtropical,2026,3,March,Sunday,Autumn,21.4,13.1,17.7,8.3,0.0,0.0,0.0,dry,False,15.3,72.0,11.84
72dff52251b62313a30b208154c071c3,Sydney,AU,2026-03-30,Oceania,Subtropical,2026,3,March,Monday,Autumn,22.9,14.0,18.4,8.9,0.2,0.2,0.0,light,True,12.5,77.0,11.8
b672a2290cdddd4d12a13fa5206c1f35,Sydney,AU,2026-03-31,Oceania,Subtropical,2026,3,March,Tuesday,Autumn,23.4,13.6,18.8,9.8,0.0,0.0,0.0,dry,False,14.9,80.0,11.77
7964655230d12d5d63beba162568997f,Sydney,AU,2026-04-01,Oceania,Subtropical,2026,4,April,Wednesday,Autumn,24.7,14.9,20.1,9.8,0.0,0.0,0.0,dry,False,16.1,81.0,11.73
816ab3565575e36b0979ee7442635b15,Sydney,AU,2026-04-02,Oceania,Subtropical,2026,4,April,Thursday,Autumn,26.2,16.4,20.7,9.8,0.0,0.0,0.0,dry,False,14.2,79.0,11.7
7f270f888e4a72d9bfd0a6808647bfef,Sydney,AU,2026-04-03,Oceania,Subtropical,2026,4,April,Friday,Autumn,23.8,16.4,20.2,7.4,0.9,0.9,0.0,light,True,23.4,82.0,11.66
d360b55599a53cbc56de0a7c3c9e4c66,Sydney,AU,2026-04-04,Oceania,Subtropical,2026,4,April,Saturday,Autumn,20.2,17.2,18.7,3.0,6.3,6.3,0.0,moderate,True,20.8,80.0,11.63
2e2ad79f588395801fd569789985c51e,Sydney,AU,2026-04-05,Oceania,Subtropical,2026,4,April,Sunday,Autumn,21.3,16.1,18.2,5.2,3.8,3.8,0.0,moderate,True,12.9,76.0,11.59
15b66756163f4034ca16257720caa809,Sydney,AU,2026-04-06,Oceania,Subtropical,2026,4,April,Monday,Autumn,21.1,13.7,16.9,7.4,1.9,1.9,0.0,light,True,7.7,83.0,11.56
349f146a67c9677bdbe1f753af2eb4da,Sydney,AU,2026-04-07,Oceania,Subtropical,2026,4,April,Tuesday,Autumn,26.6,13.9,20.1,12.7,0.0,0.0,0.0,dry,False,10.8,79.0,11.52
b2988e379119e0e59f983327563dbd6f,Sydney,AU,2026-04-08,Oceania,Subtropical,2026,4,April,Wednesday,Autumn,25.9,17.2,21.0,8.7,0.0,0.0,0.0,dry,False,13.5,81.0,11.49
b98fd0b145180f6db8046cd56ffc3fe7,Sydney,AU,2026-04-09,Oceania,Subtropical,2026,4,April,Thursday,Autumn,27.6,17.1,21.9,10.5,0.0,0.0,0.0,dry,False,17.8,81.0,11.46
7ac2dbaac0c77aec6ed77bd9c32c1f28,Sydney,AU,2026-04-10,Oceania,Subtropical,2026,4,April,Friday,Autumn,29.6,18.8,23.4,10.8,0.0,0.0,0.0,dry,False,16.5,66.0,11.42
c2e62c9ae930dad64916439604198d95,Sydney,AU,2026-04-11,Oceania,Subtropical,2026,4,April,Saturday,Autumn,24.7,15.6,20.3,9.1,0.3,0.3,0.0,light,True,21.4,50.0,11.39
7feb8aa6a57147759abceb349021bb92,Sydney,AU,2026-04-12,Oceania,Subtropical,2026,4,April,Sunday,Autumn,20.3,12.0,16.1,8.3,0.0,0.0,0.0,dry,False,27.0,42.0,11.36
bc44a487199ec86b11d7c3441bdc4de9,Sydney,AU,2026-04-13,Oceania,Subtropical,2026,4,April,Monday,Autumn,22.8,12.6,17.0,10.2,0.0,0.0,0.0,dry,False,21.7,48.0,11.32
5a300d2c7c2dd52edbfbd6e8a733cd61,Sydney,AU,2026-04-14,Oceania,Subtropical,2026,4,April,Tuesday,Autumn,23.2,12.6,17.3,10.6,0.0,0.0,0.0,dry,False,15.3,63.0,11.29
e9b70729f862e6b07bc52c6b24dfcb8e,Sydney,AU,2026-04-15,Oceania,Subtropical,2026,4,April,Wednesday,Autumn,25.0,11.7,17.6,13.3,0.0,0.0,0.0,dry,False,12.3,70.0,11.26
a77ec9670de73a144fb7e085fffa702b,Sydney,AU,2026-04-16,Oceania,Subtropical,2026,4,April,Thursday,Autumn,26.3,13.3,19.1,13.0,0.0,0.0,0.0,dry,False,10.7,70.0,11.23
7db83d38513570f3001934e2d9073645,Sydney,AU,2026-04-17,Oceania,Subtropical,2026,4,April,Friday,Autumn,27.5,12.9,18.8,14.6,2.9,2.9,0.0,moderate,True,23.3,61.0,11.19
5d687dec8328476c60fe80d133529246,Sydney,AU,2026-04-18,Oceania,Subtropical,2026,4,April,Saturday,Autumn,19.1,10.7,15.1,8.4,0.0,0.0,0.0,dry,False,15.7,61.0,11.16
8e05fac202fe78737f6aab498e07d8c8,Sydney,AU,2026-04-19,Oceania,Subtropical,2026,4,April,Sunday,Autumn,20.0,10.4,15.0,9.6,0.0,0.0,0.0,dry,False,17.1,62.0,11.13
5bb35d63d4c517dd7ee1fe3d1464af5f,Sydney,AU,2026-04-20,Oceania,Subtropical,2026,4,April,Monday,Autumn,20.5,10.9,16.0,9.6,0.0,0.0,0.0,dry,False,21.3,69.0,11.09
3ac345136c21cb1a83f08d51711ee522,Sydney,AU,2026-04-21,Oceania,Subtropical,2026,4,April,Tuesday,Autumn,19.5,14.6,16.7,4.9,4.6,4.6,0.0,moderate,True,19.6,77.0,11.06
c0969cb6ce2b99cf832be04c37714855,Sydney,AU,2026-04-22,Oceania,Subtropical,2026,4,April,Wednesday,Autumn,20.4,15.2,17.5,5.2,1.0,1.0,0.0,light,True,16.1,70.0,11.03
2458d0c60bbb7afbfcf50f244452ca43,Sydney,AU,2026-04-23,Oceania,Subtropical,2026,4,April,Thursday,Autumn,21.3,13.6,17.5,7.7,0.0,0.0,0.0,dry,False,14.2,67.0,11.0
4b7cf194690d4143f76c14cc912ae213,Sydney,AU,2026-04-24,Oceania,Subtropical,2026,4,April,Friday,Autumn,22.3,14.9,18.2,7.4,0.2,0.2,0.0,light,True,11.3,72.0,10.97
d1928969089f44c00d2789c2af948dde,Sydney,AU,2026-04-25,Oceania,Subtropical,2026,4,April,Saturday,Autumn,23.3,13.9,18.2,9.4,0.0,0.0,0.0,dry,False,14.4,78.0,10.94
01f11f8768a3bdfd539402f07301e61d,Sydney,AU,2026-04-26,Oceania,Subtropical,2026,4,April,Sunday,Autumn,23.1,12.7,17.5,10.4,0.0,0.0,0.0,dry,False,14.8,71.0,10.91
237e9793fb41f5d90e3945bb3b1bf516,Sydney,AU,2026-04-27,Oceania,Subtropical,2026,4,April,Monday,Autumn,22.9,11.3,16.8,11.6,0.0,0.0,0.0,dry,False,11.8,75.0,10.87
3c4887349e07ccbd7b06bbfc129752a2,Sydney,AU,2026-04-28,Oceania,Subtropical,2026,4,April,Tuesday,Autumn,22.8,12.3,17.3,10.5,0.0,0.0,0.0,dry,False,12.3,74.0,10.84
5e2dccb25e2b04cb6a66587b63a81c09,Sydney,AU,2026-04-29,Oceania,Subtropical,2026,4,April,Wednesday,Autumn,23.2,11.8,17.4,11.4,0.0,0.0,0.0,dry,False,11.5,80.0,10.81
fe231ac4b34e0ec32a55b5120ef8e7ed,Sydney,AU,2026-04-30,Oceania,Subtropical,2026,4,April,Thursday,Autumn,23.1,14.6,18.4,8.5,0.1,0.1,0.0,light,True,13.2,80.0,10.78
a6e3be6a248e9901bf19bf5a967fa5cb,Sydney,AU,2026-05-01,Oceania,Subtropical,2026,5,May,Friday,Autumn,22.2,13.9,18.0,8.3,0.4,0.4,0.0,light,True,9.5,82.0,10.76
a6e8b40b57a7e675d912ab97823f5df9,Sydney,AU,2026-05-02,Oceania,Subtropical,2026,5,May,Saturday,Autumn,23.0,15.8,19.6,7.2,1.2,1.2,0.0,light,True,20.3,79.0,10.73
6f79fd06957fbf90d6dc4f7639b17266,Sydney,AU,2026-05-03,Oceania,Subtropical,2026,5,May,Sunday,Autumn,24.4,16.1,20.3,8.3,0.0,0.0,0.0,dry,False,19.9,74.0,10.7
9f6bc19a2f6ab44f051dc5f9952347ac,Sydney,AU,2026-05-04,Oceania,Subtropical,2026,5,May,Monday,Autumn,20.9,15.9,18.6,5.0,4.4,4.4,0.0,moderate,True,15.5,81.0,10.67
bbec7025cab5216d87635ddc22aae6c6,Sydney,AU,2026-05-05,Oceania,Subtropical,2026,5,May,Tuesday,Autumn,22.2,12.9,17.2,9.3,0.5,0.5,0.0,light,True,14.4,72.0,10.64
a8eacf2fc95c6b601fc09f6984466fc6,Sydney,AU,2026-05-06,Oceania,Subtropical,2026,5,May,Wednesday,Autumn,21.2,11.0,15.8,10.2,0.0,0.0,0.0,dry,False,11.0,74.0,10.62
f211fc34ebca2c5d0c0bacf0666debd3,Sydney,AU,2026-05-07,Oceania,Subtropical,2026,5,May,Thursday,Autumn,17.0,10.5,13.4,6.5,0.1,0.1,0.0,light,True,26.7,59.0,10.59
20bb35344f4a8249abe12c25f513e722,Sydney,AU,2026-05-08,Oceania,Subtropical,2026,5,May,Friday,Autumn,19.0,10.0,14.2,9.0,0.0,0.0,0.0,dry,False,22.8,53.0,10.56
cc44e82c2ad543bcdcaef06bb015dfdc,Sydney,AU,2026-05-09,Oceania,Subtropical,2026,5,May,Saturday,Autumn,20.6,11.2,15.4,9.4,0.0,0.0,0.0,dry,False,14.3,64.0,10.53
324b7a1ce17ac5fc819a172709acd695,Sydney,AU,2026-05-10,Oceania,Subtropical,2026,5,May,Sunday,Autumn,21.3,10.0,15.7,11.3,0.0,0.0,0.0,dry,False,16.3,73.0,10.51
a5d41c6b97d3b3ffe2a72e7a4ac1831d,Sydney,AU,2026-05-11,Oceania,Subtropical,2026,5,May,Monday,Autumn,21.7,14.7,18.0,7.0,1.3,1.3,0.0,light,True,13.6,74.0,10.48
faee29cc72bfaf4ba1b04b690f06b12f,Sydney,AU,2026-05-12,Oceania,Subtropical,2026,5,May,Tuesday,Autumn,20.4,15.7,17.8,4.7,5.3,5.3,0.0,moderate,True,18.1,76.0,10.46
b4c487ea44831953e32468f686c6380b,Sydney,AU,2026-05-13,Oceania,Subtropical,2026,5,May,Wednesday,Autumn,18.6,16.3,17.4,2.3,11.0,11.0,0.0,heavy,True,14.2,77.0,10.43
bcfad90806467469998e91abd7c91945,Sydney,AU,2026-05-14,Oceania,Subtropical,2026,5,May,Thursday,Autumn,20.1,15.0,17.3,5.1,2.1,2.1,0.0,light,True,12.2,77.0,10.41
4c4ae6eb74260e79c1f1c7ff4f229943,Sydney,AU,2026-05-15,Oceania,Subtropical,2026,5,May,Friday,Autumn,19.8,13.7,16.5,6.1,1.8,1.8,0.0,light,True,9.0,89.0,10.38
9cff5f8877c832ac2dd92409576bc4b9,Sydney,AU,2026-05-16,Oceania,Subtropical,2026,5,May,Saturday,Autumn,20.2,13.0,16.5,7.2,2.1,2.1,0.0,light,True,13.2,91.0,10.36
b5e31149cb0b2f159647ff71ed4e08fe,Sydney,AU,2026-05-17,Oceania,Subtropical,2026,5,May,Sunday,Autumn,21.1,14.7,17.5,6.4,1.1,1.1,0.0,light,True,12.3,90.0,10.33
7c39ff10056d45bfcd7139908db04549,Sydney,AU,2026-05-18,Oceania,Subtropical,2026,5,May,Monday,Autumn,20.0,15.6,17.4,4.4,14.3,14.3,0.0,heavy,True,8.7,94.0,10.31
1b5d5f7e510e87e828f49f9ad0ea34b2,Sydney,AU,2026-05-19,Oceania,Subtropical,2026,5,May,Tuesday,Autumn,20.3,15.1,17.0,5.2,8.0,8.0,0.0,heavy,True,16.6,88.0,10.29
03f540bbb7d8d05e06a6d034c5cd2fc1,Sydney,AU,2026-05-20,Oceania,Subtropical,2026,5,May,Wednesday,Autumn,17.9,12.1,14.5,5.8,0.0,0.0,0.0,dry,False,16.0,72.0,10.27
b861a7a1fb62987cd24e96ea138315f1,Sydney,AU,2026-05-21,Oceania,Subtropical,2026,5,May,Thursday,Autumn,17.4,11.2,14.3,6.2,2.3,2.3,0.0,light,True,21.9,76.0,10.25
b9dbcf266745d00fe9bebaeeb24f7499,Sydney,AU,2026-05-22,Oceania,Subtropical,2026,5,May,Friday,Autumn,18.7,13.6,16.0,5.1,5.1,5.1,0.0,moderate,True,21.2,82.0,10.23
4f17ad55fbf1c2117c8c5eec961758f0,Sydney,AU,2026-05-23,Oceania,Subtropical,2026,5,May,Saturday,Autumn,18.7,15.7,17.0,3.0,4.8,4.8,0.0,moderate,True,16.7,82.0,10.21
28ab56590b7c52b2167df59c1041b11b,Sydney,AU,2026-05-24,Oceania,Subtropical,2026,5,May,Sunday,Autumn,20.0,14.2,17.0,5.8,2.5,2.5,0.0,light,True,10.5,87.0,10.19
7c24963292b14320f17da07d4fbf4c49,Sydney,AU,2026-05-25,Oceania,Subtropical,2026,5,May,Monday,Autumn,19.8,14.7,17.2,5.1,5.6,5.6,0.0,moderate,True,9.4,94.0,10.17
cc4daf553ddb039f4286837d4c3cd209,Sydney,AU,2026-05-26,Oceania,Subtropical,2026,5,May,Tuesday,Autumn,19.3,16.1,17.5,3.2,16.4,16.4,0.0,heavy,True,10.2,95.0,10.15
da7937f8985881f935c8b46338db309a,Sydney,AU,2026-05-27,Oceania,Subtropical,2026,5,May,Wednesday,Autumn,20.9,15.3,17.9,5.6,5.9,5.9,0.0,moderate,True,12.8,92.0,10.13
745ffe332bd024025d37059297b450ea,Sydney,AU,2026-05-28,Oceania,Subtropical,2026,5,May,Thursday,Autumn,20.0,16.9,18.1,3.1,21.4,21.4,0.0,heavy,True,19.4,91.0,10.11
58e1ec3c237dc0c5057d01a8bdef461b,Sydney,AU,2026-05-29,Oceania,Subtropical,2026,5,May,Friday,Autumn,19.3,14.7,17.2,4.6,14.8,14.8,0.0,heavy,True,25.8,84.0,10.1
f58f14c9d1f9a60b9cfca98567b384a1,Sydney,AU,2026-05-30,Oceania,Subtropical,2026,5,May,Saturday,Autumn,18.4,11.8,14.4,6.6,0.0,0.0,0.0,dry,False,20.8,66.0,10.08
a966bf20ab26914a7a7bad1453079e08,Sydney,AU,2026-05-31,Oceania,Subtropical,2026,5,May,Sunday,Autumn,17.9,11.3,13.9,6.6,0.0,0.0,0.0,dry,False,19.2,67.0,10.07
2457dd5e66a28e3bdf24af2a0198f3db,Sydney,AU,2026-06-01,Oceania,Subtropical,2026,6,June,Monday,Winter,16.2,9.6,12.4,6.6,0.0,0.0,0.0,dry,False,18.8,64.0,10.05
dd7f512db3040f8ec256de1632370e99,Sydney,AU,2026-06-02,Oceania,Subtropical,2026,6,June,Tuesday,Winter,17.5,11.0,13.8,6.5,6.7,6.7,0.0,moderate,True,28.7,70.0,10.04
b8066e9468c4dd2f71d05907589eb841,Sydney,AU,2026-06-03,Oceania,Subtropical,2026,6,June,Wednesday,Winter,19.6,12.9,15.6,6.7,0.0,0.0,0.0,dry,False,22.2,64.0,10.02
0dfa628fffc0103924f05d8ad239a18a,Sydney,AU,2026-06-04,Oceania,Subtropical,2026,6,June,Thursday,Winter,17.5,11.6,13.9,5.9,0.1,0.1,0.0,light,True,20.4,63.0,10.01
89a8dab68534e5ab8c44a7f5d77f566c,Sydney,AU,2026-06-05,Oceania,Subtropical,2026,6,June,Friday,Winter,17.9,10.3,13.4,7.6,1.7,1.7,0.0,light,True,20.9,65.0,10.0
efa10215e9df45634bdc14c19f95a357,Sydney,AU,2026-06-06,Oceania,Subtropical,2026,6,June,Saturday,Winter,16.8,8.3,12.0,8.5,0.0,0.0,0.0,dry,False,16.4,71.0,9.98
e5d48e7bb1a245248e602691bbe810cc,Sydney,AU,2026-06-07,Oceania,Subtropical,2026,6,June,Sunday,Winter,17.5,8.3,12.3,9.2,0.0,0.0,0.0,dry,False,12.0,76.0,9.97
eef25798c6965c0cbf4ff42cb2d87730,Sydney,AU,2026-06-08,Oceania,Subtropical,2026,6,June,Monday,Winter,18.0,7.9,12.9,10.1,0.1,0.1,0.0,light,True,9.9,86.0,9.96
619a360ca4fc509a2bf9c945e512bf1c,Sydney,AU,2026-06-09,Oceania,Subtropical,2026,6,June,Tuesday,Winter,18.8,9.8,14.5,9.0,1.5,1.5,0.0,light,True,15.0,87.0,9.95
9e14081990877ea2241bdd12fad3e5f1,Sydney,AU,2026-06-10,Oceania,Subtropical,2026,6,June,Wednesday,Winter,21.2,11.5,16.2,9.7,0.0,0.0,0.0,dry,False,12.0,82.0,9.95
040728b6086b7c251e4c62a0a5016573,Sydney,AU,2026-06-11,Oceania,Subtropical,2026,6,June,Thursday,Winter,19.9,13.6,16.3,6.3,2.3,2.3,0.0,light,True,14.5,86.0,9.94
2871c141b0233e3363bff0f3f27cccda,Sydney,AU,2026-06-12,Oceania,Subtropical,2026,6,June,Friday,Winter,19.3,13.9,16.2,5.4,0.4,0.4,0.0,light,True,11.2,88.0,9.93
f370834c809d0567484a935724f8f967,Sydney,AU,2026-06-13,Oceania,Subtropical,2026,6,June,Saturday,Winter,20.6,12.2,16.1,8.4,0.0,0.0,0.0,dry,False,10.4,89.0,9.92
482331b96d442617bce95c468b7b6fb5,Sydney,AU,2026-06-14,Oceania,Subtropical,2026,6,June,Sunday,Winter,19.4,14.6,16.4,4.8,3.1,3.1,0.0,moderate,True,16.6,82.0,9.92
56c6de4386d5fc5ebf08153dc39390a3,Sydney,AU,2026-06-15,Oceania,Subtropical,2026,6,June,Monday,Winter,18.7,13.7,16.2,5.0,1.7,1.7,0.0,light,True,14.2,76.0,9.91
579c5711ed96180ca19f084c672eade6,Sydney,AU,2026-06-16,Oceania,Subtropical,2026,6,June,Tuesday,Winter,19.9,11.5,15.3,8.4,0.0,0.0,0.0,dry,False,11.0,82.0,9.91
f6b559e5570c3a0447908b448c6129d6,Sydney,AU,2026-06-17,Oceania,Subtropical,2026,6,June,Wednesday,Winter,19.5,11.9,15.1,7.6,0.0,0.0,0.0,dry,False,10.0,86.0,9.91
fa4ddb4c879a424479e95f1180a5221f,Sydney,AU,2026-06-18,Oceania,Subtropical,2026,6,June,Thursday,Winter,21.1,12.9,16.5,8.2,0.0,0.0,0.0,dry,False,18.0,74.0,9.9
5089fdd54d682f41bdfc94cb6c2fa209,Sydney,AU,2026-06-19,Oceania,Subtropical,2026,6,June,Friday,Winter,20.5,14.8,17.7,5.7,0.0,0.0,0.0,dry,False,22.8,66.0,9.9
8530e0d48a860586d58f6f53b6b6eda8,Sydney,AU,2026-06-20,Oceania,Subtropical,2026,6,June,Saturday,Winter,19.1,12.0,15.1,7.1,0.0,0.0,0.0,dry,False,15.8,66.0,9.9
eca23e8e9db7724836f6ec8445b94404,Sydney,AU,2026-06-21,Oceania,Subtropical,2026,6,June,Sunday,Winter,17.2,8.8,13.0,8.4,0.0,0.0,0.0,dry,False,12.8,74.0,9.9
4ddcdb3de88bfb002f7cb47a637382d8,Sydney,AU,2026-06-22,Oceania,Subtropical,2026,6,June,Monday,Winter,16.6,8.6,12.4,8.0,0.0,0.0,0.0,dry,False,13.3,74.0,9.9
e5c984ee37efe11c0e3f87729eb3bb86,Sydney,AU,2026-06-23,Oceania,Subtropical,2026,6,June,Tuesday,Winter,15.9,8.2,11.6,7.7,0.0,0.0,0.0,dry,False,14.4,72.0,9.9
b36729b7bbc63379a8175c75cd3b72d1,Sydney,AU,2026-06-24,Oceania,Subtropical,2026,6,June,Wednesday,Winter,17.1,7.0,12.1,10.1,0.8,0.8,0.0,light,True,16.5,73.0,9.9
8c8e5d15362797ab2b7d2a16b7600d25,Sydney,AU,2026-06-25,Oceania,Subtropical,2026,6,June,Thursday,Winter,16.1,11.7,13.2,4.4,14.5,14.5,0.0,heavy,True,14.2,87.0,9.9
62af164ed11c55c7e4cf825abf04c13d,Sydney,AU,2026-06-26,Oceania,Subtropical,2026,6,June,Friday,Winter,15.1,9.8,12.4,5.3,4.2,4.2,0.0,moderate,True,10.2,90.0,9.91
e0906510fe9398e5e9f32bddd4b570cc,Sydney,AU,2026-06-27,Oceania,Subtropical,2026,6,June,Saturday,Winter,15.6,10.6,12.5,5.0,3.8,3.8,0.0,moderate,True,9.0,90.0,9.91
1db32bdf98964299286011a0ac7ff007,Sydney,AU,2026-06-28,Oceania,Subtropical,2026,6,June,Sunday,Winter,16.3,10.1,12.9,6.2,8.2,8.2,0.0,heavy,True,14.4,90.0,9.92
d2546181ad26b6bbb8d100988930f69f,Sydney,AU,2026-06-29,Oceania,Subtropical,2026,6,June,Monday,Winter,16.9,9.6,13.1,7.3,1.2,1.2,0.0,light,True,10.1,90.0,9.92
e2a3e4737732560de6ea848ee511306d,Sydney,AU,2026-06-30,Oceania,Subtropical,2026,6,June,Tuesday,Winter,18.0,10.3,14.3,7.7,0.6,0.6,0.0,light,True,15.9,87.0,9.93
1b21815bdbfba7002d2d5266b15c675a,Sydney,AU,2026-07-01,Oceania,Subtropical,2026,7,July,Wednesday,Winter,21.1,13.4,16.8,7.7,0.0,0.0,0.0,dry,False,20.8,77.0,9.93
801a6620437e837c5e74b983e6b34902,Sydney,AU,2026-07-02,Oceania,Subtropical,2026,7,July,Thursday,Winter,21.2,14.4,17.3,6.8,2.5,2.5,0.0,light,True,21.0,67.0,9.94
d673cf9510b53c9aa225438c38342f24,Sydney,AU,2026-07-03,Oceania,Subtropical,2026,7,July,Friday,Winter,16.9,11.3,14.2,5.6,0.0,0.0,0.0,dry,False,21.3,61.0,9.95
2b6af2aa26679049057dfdbcdee865ed,Sydney,AU,2026-07-04,Oceania,Subtropical,2026,7,July,Saturday,Winter,16.8,9.5,12.5,7.3,0.0,0.0,0.0,dry,False,17.0,68.0,9.96
7d9a125f976e6997c320cca23c53badb,Sydney,AU,2026-07-05,Oceania,Subtropical,2026,7,July,Sunday,Winter,14.2,6.8,11.1,7.4,3.3,3.3,0.0,moderate,True,19.7,79.0,9.97
79564c98cae41097df69a898c9a4681d,Sydney,AU,2026-07-06,Oceania,Subtropical,2026,7,July,Monday,Winter,15.3,12.0,13.6,3.3,6.4,6.4,0.0,moderate,True,22.3,80.0,9.98
28b3a8198742b27b44209d910092216b,Sydney,AU,2026-07-07,Oceania,Subtropical,2026,7,July,Tuesday,Winter,15.7,11.0,13.1,4.7,3.9,3.9,0.0,moderate,True,21.6,85.0,9.99
e575c7e169efbdb9e02dde0ae442d49c,Sydney,AU,2026-07-08,Oceania,Subtropical,2026,7,July,Wednesday,Winter,15.9,10.7,13.1,5.2,2.5,2.5,0.0,light,True,18.4,84.0,10.0
f5ff5e8c23a71ee898fe516362dca654,Sydney,AU,2026-07-09,Oceania,Subtropical,2026,7,July,Thursday,Winter,15.6,10.7,12.9,4.9,5.6,5.6,0.0,moderate,True,14.9,86.0,10.01
6d463a14223d0d8c754267f48ace0b83,Sydney,AU,2026-07-10,Oceania,Subtropical,2026,7,July,Friday,Winter,15.1,8.6,11.2,6.5,1.1,1.1,0.0,light,True,12.1,89.0,10.03
cce48f4e199293d45ed6661455573650,Sydney,AU,2026-07-11,Oceania,Subtropical,2026,7,July,Saturday,Winter,16.3,7.5,11.2,8.8,0.0,0.0,0.0,dry,False,13.4,86.0,10.04
90bcda38d698f4ddcb9a7d2e97c0ac5f,Sydney,AU,2026-07-12,Oceania,Subtropical,2026,7,July,Sunday,Winter,15.5,10.0,12.4,5.5,0.0,0.0,0.0,dry,False,21.6,61.0,10.06
f22148faaca5d6017e908decc511efd7,Sydney,AU,2026-07-13,Oceania,Subtropical,2026,7,July,Monday,Winter,18.0,9.3,12.7,8.7,0.0,0.0,0.0,dry,False,17.1,64.0,10.07
53b56c91d6da7c9bd2598701c313adaf,Sydney,AU,2026-07-14,Oceania,Subtropical,2026,7,July,Tuesday,Winter,18.5,8.6,13.0,9.9,0.0,0.0,0.0,dry,False,19.3,65.0,10.09
034b57b4785e5841353b2ac0a79637bd,Sydney,AU,2026-07-15,Oceania,Subtropical,2026,7,July,Wednesday,Winter,15.4,10.1,12.4,5.3,0.0,0.0,0.0,dry,False,18.1,67.0,10.1
2aa4f083b045b00fc737663796afb56b,Sydney,AU,2026-07-16,Oceania,Subtropical,2026,7,July,Thursday,Winter,15.9,10.3,13.2,5.6,6.6,6.6,0.0,moderate,True,23.9,78.0,10.12
3cb0a5e6121b90887ffa890108acd9f6,Sydney,AU,2026-07-17,Oceania,Subtropical,2026,7,July,Friday,Winter,16.4,12.2,13.7,4.2,7.5,7.5,0.0,moderate,True,13.7,91.0,10.14
9a25e746b536e239e36bb8e1d62092c0,Sydney,AU,2026-07-18,Oceania,Subtropical,2026,7,July,Saturday,Winter,17.9,11.6,14.4,6.3,1.3,1.3,0.0,light,True,14.9,81.0,10.16
bc836489705bc2c2a2067b4d6c3e9cd9,Sydney,AU,2026-07-19,Oceania,Subtropical,2026,7,July,Sunday,Winter,17.6,11.7,14.1,5.9,0.3,0.3,0.0,light,True,11.2,77.0,10.17
7b53275b49cbefcc967677a1c25be9fb,Sydney,AU,2026-07-20,Oceania,Subtropical,2026,7,July,Monday,Winter,17.9,8.5,13.0,9.4,0.0,0.0,0.0,dry,False,12.1,82.0,10.19
d94df9c3befaafc7de310c9eb0e75cd4,Sydney,AU,2026-07-21,Oceania,Subtropical,2026,7,July,Tuesday,Winter,18.2,6.5,12.4,11.7,0.0,0.0,0.0,dry,False,12.5,86.0,10.21
e8cb1b3d084c54519c31eed97149cb91,Sydney,AU,2026-07-22,Oceania,Subtropical,2026,7,July,Wednesday,Winter,18.5,7.2,12.5,11.3,0.0,0.0,0.0,dry,False,13.9,78.0,10.23
0f4eaa3a67897e7b1ab73ce7070a6ba1,São Paulo,BR,2025-07-23,South America,Tropical,2025,7,July,Wednesday,Winter,21.5,13.0,16.7,8.5,0.0,0.0,0.0,dry,False,10.1,65.0,10.92
0b91dd3ffee036e395cf7ff14140519f,São Paulo,BR,2025-07-24,South America,Tropical,2025,7,July,Thursday,Winter,22.1,12.5,16.0,9.6,0.1,0.1,0.0,light,True,13.8,79.0,10.93
9c24e48e449e0475f9d3bb6d83d705ea,São Paulo,BR,2025-07-25,South America,Tropical,2025,7,July,Friday,Winter,18.6,13.6,15.8,5.0,5.1,5.1,0.0,moderate,True,8.6,85.0,10.95
844c0d14ab4eacc5c67a4e6abff18a1b,São Paulo,BR,2025-07-26,South America,Tropical,2025,7,July,Saturday,Winter,23.8,12.4,17.4,11.4,0.0,0.0,0.0,dry,False,8.4,71.0,10.96
ea77ce4097e8448d12b91e59b24e8048,São Paulo,BR,2025-07-27,South America,Tropical,2025,7,July,Sunday,Winter,26.5,12.6,19.8,13.9,0.0,0.0,0.0,dry,False,15.7,58.0,10.98
6baba9534ae0a05f8b3eedee7053b99f,São Paulo,BR,2025-07-28,South America,Tropical,2025,7,July,Monday,Winter,23.3,17.2,20.2,6.1,1.7,1.7,0.0,light,True,30.4,63.0,10.99
73e68b5750a3e18b4e4af83f658010fe,São Paulo,BR,2025-07-29,South America,Tropical,2025,7,July,Tuesday,Winter,18.8,10.5,14.4,8.3,0.1,0.1,0.0,light,True,14.5,58.0,11.01
47ab5e26ff4ffd3f105e78686ab69d7f,São Paulo,BR,2025-07-30,South America,Tropical,2025,7,July,Wednesday,Winter,16.4,7.6,11.4,8.8,0.0,0.0,0.0,dry,False,9.9,69.0,11.02
edf3e81555abfd4e01990372f9a588fc,São Paulo,BR,2025-07-31,South America,Tropical,2025,7,July,Thursday,Winter,19.8,7.0,12.6,12.8,0.0,0.0,0.0,dry,False,10.8,72.0,11.04
9af47a29e546382b184668a8514b7c99,São Paulo,BR,2025-08-01,South America,Tropical,2025,8,August,Friday,Winter,23.7,9.2,15.8,14.5,0.0,0.0,0.0,dry,False,11.1,68.0,11.05
7b3b77700746f9c39396254533a4324a,São Paulo,BR,2025-08-02,South America,Tropical,2025,8,August,Saturday,Winter,26.3,10.5,18.3,15.8,0.0,0.0,0.0,dry,False,8.8,55.0,11.07
c4d70811af85512520af12efd003277b,São Paulo,BR,2025-08-03,South America,Tropical,2025,8,August,Sunday,Winter,25.3,12.1,18.9,13.2,0.0,0.0,0.0,dry,False,14.8,45.0,11.09
4613a5f45032893d58b335cd460dc6f5,São Paulo,BR,2025-08-04,South America,Tropical,2025,8,August,Monday,Winter,22.5,12.4,17.2,10.1,0.0,0.0,0.0,dry,False,9.4,58.0,11.1
3d746c4c2af64afb6d0582ba7536292d,São Paulo,BR,2025-08-05,South America,Tropical,2025,8,August,Tuesday,Winter,20.0,13.4,15.9,6.6,0.8,0.8,0.0,light,True,12.3,79.0,11.12
63c433355c9f074d721b60be7217694d,São Paulo,BR,2025-08-06,South America,Tropical,2025,8,August,Wednesday,Winter,18.9,13.6,15.5,5.3,0.5,0.5,0.0,light,True,12.8,80.0,11.14
390ca7152f88668706c03cc9a9f28708,São Paulo,BR,2025-08-07,South America,Tropical,2025,8,August,Thursday,Winter,25.3,12.7,17.6,12.6,0.0,0.0,0.0,dry,False,10.0,69.0,11.16
33df52244f00035f4105fc781fa578bd,São Paulo,BR,2025-08-08,South America,Tropical,2025,8,August,Friday,Winter,25.3,12.4,17.9,12.9,6.6,6.6,0.0,moderate,True,21.0,73.0,11.18
47dd3934dee53214993a69237c22c0ff,São Paulo,BR,2025-08-09,South America,Tropical,2025,8,August,Saturday,Winter,18.3,10.2,14.1,8.1,2.3,2.3,0.0,light,True,15.4,73.0,11.19
ed3990f204e358bb4ddcaa8ba72c1c5b,São Paulo,BR,2025-08-10,South America,Tropical,2025,8,August,Sunday,Winter,15.1,8.8,11.3,6.3,0.5,0.5,0.0,light,True,11.0,79.0,11.21
2bf0dd44307e803a63a596620a71d2f8,São Paulo,BR,2025-08-11,South America,Tropical,2025,8,August,Monday,Winter,17.2,7.3,11.3,9.9,0.0,0.0,0.0,dry,False,13.0,80.0,11.23
69864e03f989e754eeb1a956abf71edd,São Paulo,BR,2025-08-12,South America,Tropical,2025,8,August,Tuesday,Winter,19.4,10.2,13.2,9.2,0.0,0.0,0.0,dry,False,10.1,75.0,11.25
ea92077396567deda9de5ef696bc76ff,São Paulo,BR,2025-08-13,South America,Tropical,2025,8,August,Wednesday,Winter,24.9,9.7,16.6,15.2,0.0,0.0,0.0,dry,False,10.3,60.0,11.27
af558d2eb522286c73d0d3d50def121b,São Paulo,BR,2025-08-14,South America,Tropical,2025,8,August,Thursday,Winter,19.2,11.7,14.6,7.5,0.0,0.0,0.0,dry,False,13.0,70.0,11.29
7e6fb7de2098531b5074acb0aca4f1eb,São Paulo,BR,2025-08-15,South America,Tropical,2025,8,August,Friday,Winter,20.7,10.7,14.8,10.0,0.0,0.0,0.0,dry,False,14.4,74.0,11.3
9b67bab91935358f858f1b10164703a0,São Paulo,BR,2025-08-16,South America,Tropical,2025,8,August,Saturday,Winter,23.4,12.8,16.3,10.6,0.0,0.0,0.0,dry,False,12.2,77.0,11.32
62ceb043f4e3356c52bca5a862da993f,São Paulo,BR,2025-08-17,South America,Tropical,2025,8,August,Sunday,Winter,25.5,13.6,17.9,11.9,0.0,0.0,0.0,dry,False,8.9,75.0,11.34
2678e31948cf8e80d3e7fee7b84ba2d0,São Paulo,BR,2025-08-18,South America,Tropical,2025,8,August,Monday,Winter,23.6,12.5,16.7,11.1,0.0,0.0,0.0,dry,False,13.6,77.0,11.36
9bc0a62b4f5700e43891ec75eed8358c,São Paulo,BR,2025-08-19,South America,Tropical,2025,8,August,Tuesday,Winter,26.8,12.5,18.6,14.3,0.0,0.0,0.0,dry,False,13.9,69.0,11.38
46683a5888aa8f130f8745a2a8190c1d,São Paulo,BR,2025-08-20,South America,Tropical,2025,8,August,Wednesday,Winter,28.8,16.5,22.4,12.3,0.1,0.1,0.0,light,True,15.0,49.0,11.4
b1c60c9f647edbb19536eb84dc3bc3d9,São Paulo,BR,2025-08-21,South America,Tropical,2025,8,August,Thursday,Winter,29.8,18.4,23.1,11.4,0.4,0.4,0.0,light,True,12.3,56.0,11.42
3db347fe345b59fa657fc015e3595ae4,São Paulo,BR,2025-08-22,South America,Tropical,2025,8,August,Friday,Winter,31.1,17.5,24.2,13.6,0.0,0.0,0.0,dry,False,11.0,50.0,11.44
aee75fb50d72bc2ad493952331d30823,São Paulo,BR,2025-08-23,South America,Tropical,2025,8,August,Saturday,Winter,31.2,19.2,25.0,12.0,0.0,0.0,0.0,dry,False,16.0,34.0,11.46
6861347719ae390f8109c237f82e28c1,São Paulo,BR,2025-08-24,South America,Tropical,2025,8,August,Sunday,Winter,21.7,15.0,18.1,6.7,0.1,0.1,0.0,light,True,13.6,72.0,11.48
00b994cfa3ac6fbf3ba8b5862e83e7ec,São Paulo,BR,2025-08-25,South America,Tropical,2025,8,August,Monday,Winter,28.3,14.3,18.2,14.0,0.0,0.0,0.0,dry,False,13.3,76.0,11.51
1fa52e3667d63bf53de6fa149097629c,São Paulo,BR,2025-08-26,South America,Tropical,2025,8,August,Tuesday,Winter,23.0,13.6,16.8,9.4,3.5,3.5,0.0,moderate,True,11.9,80.0,11.53
b568d005524ffe16ebaf812810fae98c,São Paulo,BR,2025-08-27,South America,Tropical,2025,8,August,Wednesday,Winter,21.5,14.1,16.9,7.4,5.0,5.0,0.0,moderate,True,11.6,87.0,11.55
820cba8cb0d11e45ad883dcd6dcb211f,São Paulo,BR,2025-08-28,South America,Tropical,2025,8,August,Thursday,Winter,24.0,15.0,17.5,9.0,0.5,0.5,0.0,light,True,14.4,82.0,11.57
43815c5b9b1817f3fb5f8b09fbca8654,São Paulo,BR,2025-08-29,South America,Tropical,2025,8,August,Friday,Winter,21.3,13.9,16.6,7.4,8.8,8.8,0.0,heavy,True,9.4,86.0,11.59
83b14d0ea935c988118571c9adea1fa1,São Paulo,BR,2025-08-30,South America,Tropical,2025,8,August,Saturday,Winter,22.5,14.7,17.3,7.8,0.3,0.3,0.0,light,True,12.6,82.0,11.61
bd2d8b97fe8439e0fe4d5ff3c0b5fe00,São Paulo,BR,2025-08-31,South America,Tropical,2025,8,August,Sunday,Winter,24.2,13.2,17.3,11.0,0.0,0.0,0.0,dry,False,13.5,80.0,11.63
83cfe085e1d06e79a64ea75eadfb7b87,São Paulo,BR,2025-09-01,South America,Tropical,2025,9,September,Monday,Spring,24.7,15.0,18.6,9.7,0.2,0.2,0.0,light,True,15.4,79.0,11.65
bd5271a9b3e60e8176215a451b790199,São Paulo,BR,2025-09-02,South America,Tropical,2025,9,September,Tuesday,Spring,25.0,15.4,19.7,9.6,2.2,2.2,0.0,light,True,14.1,73.0,11.68
c3750740428f852b1c58527ed773f53d,São Paulo,BR,2025-09-03,South America,Tropical,2025,9,September,Wednesday,Spring,27.3,14.4,20.4,12.9,0.0,0.0,0.0,dry,False,13.3,64.0,11.7
e57f273dc8be3a45afab7863c2189612,São Paulo,BR,2025-09-04,South America,Tropical,2025,9,September,Thursday,Spring,27.7,14.5,21.2,13.2,0.0,0.0,0.0,dry,False,10.2,51.0,11.72
da3ff1f6b4fd1b083f5f28a9953c0cc7,São Paulo,BR,2025-09-05,South America,Tropical,2025,9,September,Friday,Spring,30.3,15.3,20.1,15.0,0.0,0.0,0.0,dry,False,12.4,61.0,11.74
33c665db89619305cf92e50a6c828921,São Paulo,BR,2025-09-06,South America,Tropical,2025,9,September,Saturday,Spring,18.5,15.0,16.2,3.5,0.3,0.3,0.0,light,True,13.6,81.0,11.76
7cc63686ed19913489a40af43a37fdef,São Paulo,BR,2025-09-07,South America,Tropical,2025,9,September,Sunday,Spring,21.0,14.7,17.0,6.3,0.3,0.3,0.0,light,True,12.5,82.0,11.78
7a5065a96fd308876ac08d66c9097b07,São Paulo,BR,2025-09-08,South America,Tropical,2025,9,September,Monday,Spring,29.3,15.4,21.3,13.9,0.0,0.0,0.0,dry,False,12.0,69.0,11.8
237da7210731de1f5d5d96b1c4ef76e8,São Paulo,BR,2025-09-09,South America,Tropical,2025,9,September,Tuesday,Spring,26.6,19.3,22.8,7.3,0.0,0.0,0.0,dry,False,30.4,49.0,11.83
cbe6d082879567b45788607adc174a7a,São Paulo,BR,2025-09-10,South America,Tropical,2025,9,September,Wednesday,Spring,26.6,14.1,19.1,12.5,0.0,0.0,0.0,dry,False,11.4,64.0,11.85
43cba26496e8462be5179ce306699815,São Paulo,BR,2025-09-11,South America,Tropical,2025,9,September,Thursday,Spring,30.3,11.4,19.6,18.9,0.0,0.0,0.0,dry,False,9.6,61.0,11.87
2be24a593eaaf9c5a7f277f3b700012c,São Paulo,BR,2025-09-12,South America,Tropical,2025,9,September,Friday,Spring,21.9,13.6,17.0,8.3,0.0,0.0,0.0,dry,False,13.5,69.0,11.89
41bffae9bf880f4606cb2f4afb65e6e3,São Paulo,BR,2025-09-13,South America,Tropical,2025,9,September,Saturday,Spring,22.8,12.2,16.1,10.6,0.0,0.0,0.0,dry,False,15.3,73.0,11.92
b050468bd7b11e6e907fa1cb548e21ab,São Paulo,BR,2025-09-14,South America,Tropical,2025,9,September,Sunday,Spring,25.5,13.6,17.2,11.9,0.0,0.0,0.0,dry,False,15.7,74.0,11.94
4781af11020dc425a6bfc94ef7abaf2b,São Paulo,BR,2025-09-15,South America,Tropical,2025,9,September,Monday,Spring,28.2,14.1,18.8,14.1,0.0,0.0,0.0,dry,False,12.9,75.0,11.96
00eab5d5ce380872c6cc74b50bd6ff4c,São Paulo,BR,2025-09-16,South America,Tropical,2025,9,September,Tuesday,Spring,25.9,14.9,19.7,11.0,1.5,1.5,0.0,light,True,19.2,74.0,11.98
2245222668f5fe37a2068297d75154bf,São Paulo,BR,2025-09-17,South America,Tropical,2025,9,September,Wednesday,Spring,23.9,15.5,18.3,8.4,0.1,0.1,0.0,light,True,16.3,73.0,12.01
0c4f29d78c4ad16a430d3e8a4c89d5cf,São Paulo,BR,2025-09-18,South America,Tropical,2025,9,September,Thursday,Spring,24.5,14.5,18.2,10.0,0.0,0.0,0.0,dry,False,12.6,73.0,12.03
06b982fe61499db2f815d99b81098ab8,São Paulo,BR,2025-09-19,South America,Tropical,2025,9,September,Friday,Spring,31.2,14.8,21.8,16.4,0.0,0.0,0.0,dry,False,13.5,65.0,12.05
d2c208dead7f36911b141bd931643a1b,São Paulo,BR,2025-09-20,South America,Tropical,2025,9,September,Saturday,Spring,31.2,19.9,25.2,11.3,0.0,0.0,0.0,dry,False,15.6,50.0,12.07
6bf88a38160692e1f634fff06b36553b,São Paulo,BR,2025-09-21,South America,Tropical,2025,9,September,Sunday,Spring,33.0,20.5,26.2,12.5,0.3,0.3,0.0,light,True,24.6,49.0,12.1
2c61206958ed59e4d7a26ad6253ef20f,São Paulo,BR,2025-09-22,South America,Tropical,2025,9,September,Monday,Spring,24.6,18.3,21.6,6.3,9.1,9.1,0.0,heavy,True,26.8,77.0,12.12
6503c97626f8e04ec6928e9354bf2dec,São Paulo,BR,2025-09-23,South America,Tropical,2025,9,September,Tuesday,Spring,19.4,13.2,15.9,6.2,3.1,3.1,0.0,moderate,True,13.6,82.0,12.14
eb615799d467d7fc86d841f82b17272b,São Paulo,BR,2025-09-24,South America,Tropical,2025,9,September,Wednesday,Spring,19.3,13.4,15.5,5.9,0.5,0.5,0.0,light,True,16.5,84.0,12.16
b965b2e622c3a299246c42116fbf7496,São Paulo,BR,2025-09-25,South America,Tropical,2025,9,September,Thursday,Spring,17.0,13.0,14.5,4.0,0.2,0.2,0.0,light,True,17.4,82.0,12.19
8898f01b2c0d2f48d331a8c14abf67fe,São Paulo,BR,2025-09-26,South America,Tropical,2025,9,September,Friday,Spring,18.0,12.1,14.3,5.9,0.5,0.5,0.0,light,True,17.2,76.0,12.21
bd5b87788c31b79b5aa5bc748a3cf891,São Paulo,BR,2025-09-27,South America,Tropical,2025,9,September,Saturday,Spring,24.0,10.2,16.0,13.8,0.0,0.0,0.0,dry,False,14.7,69.0,12.23
4aa265502b386798b1ce32951020d483,São Paulo,BR,2025-09-28,South America,Tropical,2025,9,September,Sunday,Spring,29.6,11.4,19.5,18.2,0.0,0.0,0.0,dry,False,12.5,62.0,12.25
7b858ed97925f30405b061fbddce13f0,São Paulo,BR,2025-09-29,South America,Tropical,2025,9,September,Monday,Spring,30.2,15.7,22.1,14.5,0.0,0.0,0.0,dry,False,12.8,60.0,12.28
1b97f018ee2a9f1a1b2eef303d1969d5,São Paulo,BR,2025-09-30,South America,Tropical,2025,9,September,Tuesday,Spring,33.0,16.4,24.1,16.6,0.0,0.0,0.0,dry,False,13.2,53.0,12.3
745e6316df4de6fddd84b6c6fc758587,São Paulo,BR,2025-10-01,South America,Tropical,2025,10,October,Wednesday,Spring,28.3,16.4,21.2,11.9,0.4,0.4,0.0,light,True,12.0,69.0,12.32
ba4687596c003c795dd842b09a491e16,São Paulo,BR,2025-10-02,South America,Tropical,2025,10,October,Thursday,Spring,26.7,16.7,19.9,10.0,0.0,0.0,0.0,dry,False,12.7,75.0,12.34
f8bc1bc9961fa541004768d0f09c03d8,São Paulo,BR,2025-10-03,South America,Tropical,2025,10,October,Friday,Spring,28.6,16.9,21.1,11.7,2.8,2.8,0.0,moderate,True,12.5,74.0,12.37
672f4d5e72f8305fcd4016233594fa2e,São Paulo,BR,2025-10-04,South America,Tropical,2025,10,October,Saturday,Spring,23.9,17.4,20.1,6.5,2.7,2.7,0.0,moderate,True,10.4,77.0,12.39
01834cd4da130b3337ad96f3768b1740,São Paulo,BR,2025-10-05,South America,Tropical,2025,10,October,Sunday,Spring,30.7,18.1,24.5,12.6,0.0,0.0,0.0,dry,False,9.6,52.0,12.41
3bcac2260a7d33a319953d9f396e22cb,São Paulo,BR,2025-10-06,South America,Tropical,2025,10,October,Monday,Spring,33.8,20.6,27.5,13.2,0.0,0.0,0.0,dry,False,12.4,38.0,12.44
06399a3c79d29765508c0f4c361ed78f,São Paulo,BR,2025-10-07,South America,Tropical,2025,10,October,Tuesday,Spring,22.8,15.5,19.0,7.3,1.0,1.0,0.0,light,True,19.8,79.0,12.46
d24aed96f9065439d92b4c54119ba955,São Paulo,BR,2025-10-08,South America,Tropical,2025,10,October,Wednesday,Spring,18.5,13.7,15.5,4.8,13.8,13.8,0.0,heavy,True,16.9,82.0,12.48
26996c67a4616702ffeaaa8702cf09a5,São Paulo,BR,2025-10-09,South America,Tropical,2025,10,October,Thursday,Spring,22.5,12.6,16.4,9.9,1.0,1.0,0.0,light,True,19.6,78.0,12.5
13fafbc1930518076a26a6a4f2aa5aeb,São Paulo,BR,2025-10-10,South America,Tropical,2025,10,October,Friday,Spring,22.6,14.4,17.1,8.2,18.5,18.5,0.0,heavy,True,13.2,88.0,12.53
c3fac636dce1e30e24d678e16d41a34b,São Paulo,BR,2025-10-11,South America,Tropical,2025,10,October,Saturday,Spring,24.7,14.6,18.7,10.1,6.6,6.6,0.0,moderate,True,8.3,85.0,12.55
f22515e6faa8c61e4f4973cba7c7e4b0,São Paulo,BR,2025-10-12,South America,Tropical,2025,10,October,Sunday,Spring,28.5,16.4,21.5,12.1,2.4,2.4,0.0,light,True,13.8,73.0,12.57
7c2f1139aa668dd9c4872dd3b8ab6eda,São Paulo,BR,2025-10-13,South America,Tropical,2025,10,October,Monday,Spring,24.9,18.0,20.6,6.9,5.1,5.1,0.0,moderate,True,20.2,80.0,12.59
c8eb899d55db64531f159befd15d709d,São Paulo,BR,2025-10-14,South America,Tropical,2025,10,October,Tuesday,Spring,23.6,16.9,19.6,6.7,0.6,0.6,0.0,light,True,15.1,82.0,12.61
785c52f4203b5934200d29f725ce99d4,São Paulo,BR,2025-10-15,South America,Tropical,2025,10,October,Wednesday,Spring,22.7,14.8,18.1,7.9,0.1,0.1,0.0,light,True,12.5,82.0,12.64
f908a1585b64b60525712d0edd9e5663,São Paulo,BR,2025-10-16,South America,Tropical,2025,10,October,Thursday,Spring,30.1,16.2,20.7,13.9,0.0,0.0,0.0,dry,False,13.6,78.0,12.66
9b4b63d34386a023989d5936869bd22a,São Paulo,BR,2025-10-17,South America,Tropical,2025,10,October,Friday,Spring,32.3,16.7,23.9,15.6,7.9,7.9,0.0,heavy,True,8.3,66.0,12.68
8713117a5562fccc3ee76b5356e3bb50,São Paulo,BR,2025-10-18,South America,Tropical,2025,10,October,Saturday,Spring,21.7,16.0,19.6,5.7,26.3,26.3,0.0,heavy,True,23.1,90.0,12.7
837bb99d10e767d5d3ffbebd6f2d67cb,São Paulo,BR,2025-10-19,South America,Tropical,2025,10,October,Sunday,Spring,15.9,11.2,13.7,4.7,2.1,2.1,0.0,light,True,19.9,85.0,12.72
d2c7245df3bb4c812d867e299018ada7,São Paulo,BR,2025-10-20,South America,Tropical,2025,10,October,Monday,Spring,16.8,10.3,13.2,6.5,0.3,0.3,0.0,light,True,17.6,77.0,12.74
2b77882f98b0e8c0cfc165b7d3eb39a0,São Paulo,BR,2025-10-21,South America,Tropical,2025,10,October,Tuesday,Spring,20.2,9.5,14.1,10.7,0.0,0.0,0.0,dry,False,16.6,73.0,12.77
4de2e3aa074ccc0b3f9d93211f12d895,São Paulo,BR,2025-10-22,South America,Tropical,2025,10,October,Wednesday,Spring,22.3,10.5,15.3,11.8,0.0,0.0,0.0,dry,False,14.1,71.0,12.79
c80c4f24b2fde43dcb4b492a495c294c,São Paulo,BR,2025-10-23,South America,Tropical,2025,10,October,Thursday,Spring,24.0,11.2,16.8,12.8,0.0,0.0,0.0,dry,False,14.5,66.0,12.81
37f6d7672a3be10cab6b6f706a275e45,São Paulo,BR,2025-10-24,South America,Tropical,2025,10,October,Friday,Spring,26.8,12.5,18.9,14.3,0.0,0.0,0.0,dry,False,13.7,62.0,12.83
1677d6d070c22a0d2ab0c22155d99fb5,São Paulo,BR,2025-10-25,South America,Tropical,2025,10,October,Saturday,Spring,28.8,14.2,22.1,14.6,0.0,0.0,0.0,dry,False,12.2,52.0,12.85
7ed8b11af8fbdfc6eac289c59fdd57ce,São Paulo,BR,2025-10-26,South America,Tropical,2025,10,October,Sunday,Spring,32.2,16.7,24.1,15.5,0.0,0.0,0.0,dry,False,10.6,49.0,12.87
3f96b89a37422bd7a9a033051541bb2c,São Paulo,BR,2025-10-27,South America,Tropical,2025,10,October,Monday,Spring,22.3,18.5,20.2,3.8,1.8,1.8,0.0,light,True,7.6,74.0,12.89
c581499e34f7397fd56faefca69aa21a,São Paulo,BR,2025-10-28,South America,Tropical,2025,10,October,Tuesday,Spring,22.9,17.6,19.6,5.3,13.7,13.7,0.0,heavy,True,8.7,88.0,12.92
2f67a01e58cbadea3f985ca6befdfb6e,São Paulo,BR,2025-10-29,South America,Tropical,2025,10,October,Wednesday,Spring,25.6,16.6,20.7,9.0,17.6,17.6,0.0,heavy,True,19.9,85.0,12.94
2db8bae71c3576aac631469789d9c3d7,São Paulo,BR,2025-10-30,South America,Tropical,2025,10,October,Thursday,Spring,19.3,15.0,16.4,4.3,7.6,7.6,0.0,moderate,True,10.5,86.0,12.96
8dcaf1d8144a3b78c940f535f7257941,São Paulo,BR,2025-10-31,South America,Tropical,2025,10,October,Friday,Spring,22.0,14.6,17.2,7.4,18.5,18.5,0.0,heavy,True,11.4,89.0,12.98
b0f5201090a2fde9fac3f1b9c30590ec,São Paulo,BR,2025-11-01,South America,Tropical,2025,11,November,Saturday,Spring,26.9,16.4,20.8,10.5,1.1,1.1,0.0,light,True,10.8,80.0,13.0
75cf8a1687cc5c39319b72e8015bcb96,São Paulo,BR,2025-11-02,South America,Tropical,2025,11,November,Sunday,Spring,21.4,17.8,18.9,3.6,22.5,22.5,0.0,heavy,True,16.4,92.0,13.02
071b79dadfb0fd49c684aabdbc89ddb2,São Paulo,BR,2025-11-03,South America,Tropical,2025,11,November,Monday,Spring,25.9,18.1,20.6,7.8,9.1,9.1,0.0,heavy,True,17.0,82.0,13.04
ca99e16fd391cb6c22cd09a618e41393,São Paulo,BR,2025-11-04,South America,Tropical,2025,11,November,Tuesday,Spring,28.2,17.3,21.2,10.9,3.0,3.0,0.0,moderate,True,10.7,84.0,13.05
18c8ff52e3ca65dc623b8c1a8e756e62,São Paulo,BR,2025-11-05,South America,Tropical,2025,11,November,Wednesday,Spring,28.4,18.9,23.0,9.5,4.8,4.8,0.0,moderate,True,19.0,78.0,13.07
744e7226d982d9c4e8e50969e69da7bf,São Paulo,BR,2025-11-06,South America,Tropical,2025,11,November,Thursday,Spring,21.1,15.6,18.1,5.5,1.3,1.3,0.0,light,True,14.6,77.0,13.09
c865859f47d96764bc615c75381b0369,São Paulo,BR,2025-11-07,South America,Tropical,2025,11,November,Friday,Spring,28.9,13.9,20.0,15.0,0.8,0.8,0.0,light,True,12.9,72.0,13.11
d42dd7345f1f7a074e7fc9ff64603b05,São Paulo,BR,2025-11-08,South America,Tropical,2025,11,November,Saturday,Spring,25.5,16.2,21.3,9.3,7.2,7.2,0.0,moderate,True,25.6,78.0,13.13
5ee90dc9bde4e2ce726ff1b38a94f4c5,São Paulo,BR,2025-11-09,South America,Tropical,2025,11,November,Sunday,Spring,21.1,14.2,16.6,6.9,0.4,0.4,0.0,light,True,15.1,76.0,13.15
a8c2eca6704b8088131137e62e32c7fa,São Paulo,BR,2025-11-10,South America,Tropical,2025,11,November,Monday,Spring,22.6,12.2,16.4,10.4,0.0,0.0,0.0,dry,False,14.5,70.0,13.17
3b9435d52ecc5ccdeb985c105ce7dd14,São Paulo,BR,2025-11-11,South America,Tropical,2025,11,November,Tuesday,Spring,26.8,12.0,18.0,14.8,0.0,0.0,0.0,dry,False,14.3,67.0,13.19
3d9eaed8463315170b2eac471e7600e1,São Paulo,BR,2025-11-12,South America,Tropical,2025,11,November,Wednesday,Spring,31.1,14.0,21.8,17.1,0.0,0.0,0.0,dry,False,13.6,60.0,13.2
e2bcfb2180ca10a2d66a5f436a6a0471,São Paulo,BR,2025-11-13,South America,Tropical,2025,11,November,Thursday,Spring,28.1,18.6,22.5,9.5,1.3,1.3,0.0,light,True,9.2,61.0,13.22
ff95507cfff8159c1dcb032c5aae30df,São Paulo,BR,2025-11-14,South America,Tropical,2025,11,November,Friday,Spring,22.8,17.7,19.1,5.1,13.2,13.2,0.0,heavy,True,11.7,75.0,13.24
80cbdd2c8ccdd4db6186e6890d6c2111,São Paulo,BR,2025-11-15,South America,Tropical,2025,11,November,Saturday,Spring,25.3,16.7,20.4,8.6,0.0,0.0,0.0,dry,False,11.9,73.0,13.26
ffe68a5200cab5d660c0ff79d53e07ee,São Paulo,BR,2025-11-16,South America,Tropical,2025,11,November,Sunday,Spring,24.2,18.2,20.9,6.0,11.0,11.0,0.0,heavy,True,15.4,84.0,13.27
3be0d3e38a67f2ec3b3e997ab68cd472,São Paulo,BR,2025-11-17,South America,Tropical,2025,11,November,Monday,Spring,26.5,19.0,21.6,7.5,21.6,21.6,0.0,heavy,True,13.8,85.0,13.29
ad2640bda9a067e4936738912c2e6cbd,São Paulo,BR,2025-11-18,South America,Tropical,2025,11,November,Tuesday,Spring,25.0,17.7,20.7,7.3,12.5,12.5,0.0,heavy,True,23.6,83.0,13.3
f4df0019830fe62c934b18243ad202c4,São Paulo,BR,2025-11-19,South America,Tropical,2025,11,November,Wednesday,Spring,24.4,14.8,18.5,9.6,0.1,0.1,0.0,light,True,13.7,70.0,13.32
324db1a1a94df571c2ce00f8c1e2841f,São Paulo,BR,2025-11-20,South America,Tropical,2025,11,November,Thursday,Spring,23.3,14.4,17.8,8.9,0.2,0.2,0.0,light,True,15.1,74.0,13.34
d81c733b188474d7d54ac3923e91911e,São Paulo,BR,2025-11-21,South America,Tropical,2025,11,November,Friday,Spring,30.4,13.5,21.7,16.9,0.0,0.0,0.0,dry,False,14.2,57.0,13.35
9b0f4c618007afd070db84c48120b356,São Paulo,BR,2025-11-22,South America,Tropical,2025,11,November,Saturday,Spring,29.4,18.6,23.2,10.8,2.0,2.0,0.0,light,True,10.9,63.0,13.36
20fc17759fd82f4198018ce3739d2b89,São Paulo,BR,2025-11-23,South America,Tropical,2025,11,November,Sunday,Spring,25.5,17.6,20.1,7.9,13.1,13.1,0.0,heavy,True,14.6,81.0,13.38
784914c7846e4fe0104dddcbb8f33109,São Paulo,BR,2025-11-24,South America,Tropical,2025,11,November,Monday,Spring,23.1,16.7,18.8,6.4,27.0,27.0,0.0,heavy,True,12.8,85.0,13.39
cbcb20e5038383cc2319e7fdf3a44162,São Paulo,BR,2025-11-25,South America,Tropical,2025,11,November,Tuesday,Spring,22.7,15.1,18.0,7.6,1.0,1.0,0.0,light,True,12.5,80.0,13.4
44c4d06de30141c52b7cefdaa6bffa52,São Paulo,BR,2025-11-26,South America,Tropical,2025,11,November,Wednesday,Spring,22.4,14.5,17.9,7.9,0.0,0.0,0.0,dry,False,13.7,72.0,13.42
a4f8eeb738207dba3bab2498fb15e61f,São Paulo,BR,2025-11-27,South America,Tropical,2025,11,November,Thursday,Spring,26.6,12.0,18.0,14.6,0.0,0.0,0.0,dry,False,14.3,73.0,13.43
91486c9effdebb732d1bc52f93b6a1ab,São Paulo,BR,2025-11-28,South America,Tropical,2025,11,November,Friday,Spring,30.3,16.1,22.4,14.2,0.9,0.9,0.0,light,True,13.9,65.0,13.44
cfb80c0d7aa30c0b9f2805341660ac38,São Paulo,BR,2025-11-29,South America,Tropical,2025,11,November,Saturday,Spring,31.6,17.3,24.2,14.3,0.0,0.0,0.0,dry,False,13.2,50.0,13.45
daa11094e1de5bf9c3a1d5331fa5cf64,São Paulo,BR,2025-11-30,South America,Tropical,2025,11,November,Sunday,Spring,34.0,18.4,24.8,15.6,0.1,0.1,0.0,light,True,11.3,53.0,13.46
303702eed2c3e28b8ac1cf99c416c0c3,São Paulo,BR,2025-12-01,South America,Tropical,2025,12,December,Monday,Summer,33.6,19.3,23.8,14.3,0.3,0.3,0.0,light,True,11.9,68.0,13.48
52f6110c8bc51b5027454064cac430dd,São Paulo,BR,2025-12-02,South America,Tropical,2025,12,December,Tuesday,Summer,28.4,20.6,23.0,7.8,16.5,16.5,0.0,heavy,True,14.4,75.0,13.49
3818e0ad4b145fc494eaaea211666634,São Paulo,BR,2025-12-03,South America,Tropical,2025,12,December,Wednesday,Summer,29.3,18.6,22.5,10.7,5.6,5.6,0.0,moderate,True,13.4,76.0,13.5
b671d6151cbb177574712f531e030675,São Paulo,BR,2025-12-04,South America,Tropical,2025,12,December,Thursday,Summer,25.0,17.3,20.0,7.7,0.4,0.4,0.0,light,True,15.3,75.0,13.5
4be6d27f175808c03dd96cd20e872d7b,São Paulo,BR,2025-12-05,South America,Tropical,2025,12,December,Friday,Summer,30.4,16.0,21.1,14.4,0.2,0.2,0.0,light,True,16.9,70.0,13.51
2247bf38581222877bbdf1203038e976,São Paulo,BR,2025-12-06,South America,Tropical,2025,12,December,Saturday,Summer,32.1,17.4,23.5,14.7,0.9,0.9,0.0,light,True,12.5,66.0,13.52
0026d4b7e252c5baf5db9e26edcea8d6,São Paulo,BR,2025-12-07,South America,Tropical,2025,12,December,Sunday,Summer,32.1,19.9,25.0,12.2,1.6,1.6,0.0,light,True,10.8,63.0,13.53
0996a996fe86d759539702f75e849e7e,São Paulo,BR,2025-12-08,South America,Tropical,2025,12,December,Monday,Summer,27.5,19.7,22.8,7.8,16.8,16.8,0.0,heavy,True,17.0,76.0,13.54
416d4bbb80d7ac74bd41b8e0dada0686,São Paulo,BR,2025-12-09,South America,Tropical,2025,12,December,Tuesday,Summer,21.7,18.9,20.4,2.8,15.4,15.4,0.0,heavy,True,28.7,89.0,13.54
c6d43eb6eaa4f5357af789abd382948d,São Paulo,BR,2025-12-10,South America,Tropical,2025,12,December,Wednesday,Summer,26.7,19.2,22.8,7.5,4.0,4.0,0.0,moderate,True,38.6,69.0,13.55
61ce968760853c85c23cc26ece087a14,São Paulo,BR,2025-12-11,South America,Tropical,2025,12,December,Thursday,Summer,29.3,20.1,24.1,9.2,0.0,0.0,0.0,dry,False,21.6,53.0,13.56
a480691d13b156d68412032185649868,São Paulo,BR,2025-12-12,South America,Tropical,2025,12,December,Friday,Summer,29.9,18.2,23.3,11.7,3.5,3.5,0.0,moderate,True,16.8,63.0,13.56
32c08f6fd689664c8111e68d5433fdf3,São Paulo,BR,2025-12-13,South America,Tropical,2025,12,December,Saturday,Summer,26.9,18.9,21.6,8.0,24.5,24.5,0.0,heavy,True,19.2,85.0,13.57
ca99bb477ab0ecc86298fe6aa1f155fe,São Paulo,BR,2025-12-14,South America,Tropical,2025,12,December,Sunday,Summer,26.6,19.4,22.2,7.2,7.5,7.5,0.0,moderate,True,18.5,82.0,13.57
b7f9a9c2d6b45c53431bd77f1ee37e0d,São Paulo,BR,2025-12-15,South America,Tropical,2025,12,December,Monday,Summer,28.4,20.2,24.2,8.2,2.2,2.2,0.0,light,True,14.5,76.0,13.57
264106ed8339ea0c1f9f91f4c947f3b1,São Paulo,BR,2025-12-16,South America,Tropical,2025,12,December,Tuesday,Summer,29.7,19.3,23.3,10.4,10.8,10.8,0.0,heavy,True,16.1,83.0,13.58
348ead4eb23852ec72357764d73a3de8,São Paulo,BR,2025-12-17,South America,Tropical,2025,12,December,Wednesday,Summer,19.0,15.2,17.0,3.8,7.4,7.4,0.0,moderate,True,19.1,84.0,13.58
cc22dbdb574a1c5484de499146f9a975,São Paulo,BR,2025-12-18,South America,Tropical,2025,12,December,Thursday,Summer,23.8,14.6,18.5,9.2,0.0,0.0,0.0,dry,False,13.0,82.0,13.58
6ab048efb0e3f44c9bb4116fc79d2ebf,São Paulo,BR,2025-12-19,South America,Tropical,2025,12,December,Friday,Summer,24.6,17.5,20.2,7.1,0.4,0.4,0.0,light,True,12.9,85.0,13.58
71f07a607fdf507e5bb6870242423df9,São Paulo,BR,2025-12-20,South America,Tropical,2025,12,December,Saturday,Summer,27.1,17.8,21.5,9.3,0.5,0.5,0.0,light,True,12.4,80.0,13.58
2d03c81011c245968dc39dd9a5c76c03,São Paulo,BR,2025-12-21,South America,Tropical,2025,12,December,Sunday,Summer,33.2,18.3,24.5,14.9,0.3,0.3,0.0,light,True,13.3,63.0,13.58
a8b8697a9645a0516cfba6219c35cb03,São Paulo,BR,2025-12-22,South America,Tropical,2025,12,December,Monday,Summer,31.9,20.7,26.4,11.2,1.1,1.1,0.0,light,True,11.6,52.0,13.58
1a030da034eadc61ace47cbeaab4c7fb,São Paulo,BR,2025-12-23,South America,Tropical,2025,12,December,Tuesday,Summer,32.9,22.8,27.7,10.1,0.2,0.2,0.0,light,True,12.5,47.0,13.58
3d88a5b1368c2333b5f7bc15b8713d62,São Paulo,BR,2025-12-24,South America,Tropical,2025,12,December,Wednesday,Summer,33.5,23.1,28.3,10.4,1.6,1.6,0.0,light,True,9.4,47.0,13.58
6226aa619817898e1417cc93ee31fc00,São Paulo,BR,2025-12-25,South America,Tropical,2025,12,December,Thursday,Summer,33.8,23.0,28.7,10.8,1.4,1.4,0.0,light,True,9.3,51.0,13.58
14bf07566e532597abfd5fb62dc4f96d,São Paulo,BR,2025-12-26,South America,Tropical,2025,12,December,Friday,Summer,34.0,23.1,28.0,10.9,0.4,0.4,0.0,light,True,12.1,55.0,13.58
29e1f6f7cdb61300f1e8855e658833f0,São Paulo,BR,2025-12-27,South America,Tropical,2025,12,December,Saturday,Summer,35.1,22.7,27.1,12.4,4.4,4.4,0.0,moderate,True,9.7,66.0,13.57
86db940390bfacb0ec073da4c95543dc,São Paulo,BR,2025-12-28,South America,Tropical,2025,12,December,Sunday,Summer,35.0,23.2,27.9,11.8,13.2,13.2,0.0,heavy,True,12.6,61.0,13.57
95617770792486f392853610a1b0f2b1,São Paulo,BR,2025-12-29,South America,Tropical,2025,12,December,Monday,Summer,33.3,22.6,26.2,10.7,5.0,5.0,0.0,moderate,True,13.6,71.0,13.57
1d0ebf55106de50520d563a3a62a5935,São Paulo,BR,2025-12-30,South America,Tropical,2025,12,December,Tuesday,Summer,31.3,21.0,24.9,10.3,8.0,8.0,0.0,heavy,True,12.2,78.0,13.56
c2c3e9eeb9cbfd043084c7298c9e2d9e,São Paulo,BR,2025-12-31,South America,Tropical,2025,12,December,Wednesday,Summer,29.5,20.2,23.9,9.3,8.0,8.0,0.0,heavy,True,14.9,81.0,13.56
a5f54714f4cfded666c3fdb6c80d59da,São Paulo,BR,2026-01-01,South America,Tropical,2026,1,January,Thursday,Summer,29.1,21.1,24.3,8.0,3.4,3.4,0.0,moderate,True,18.1,76.0,13.55
bcff1b0af878cdf1cffbfc80f86caba9,São Paulo,BR,2026-01-02,South America,Tropical,2026,1,January,Friday,Summer,26.7,20.5,22.8,6.2,17.5,17.5,0.0,heavy,True,18.3,83.0,13.54
f0cf3149a89b8decbfaa0c4316e91df6,São Paulo,BR,2026-01-03,South America,Tropical,2026,1,January,Saturday,Summer,29.7,19.9,24.3,9.8,2.8,2.8,0.0,moderate,True,14.9,73.0,13.54
d0fca59dcfe3b55948e8a4146face3dd,São Paulo,BR,2026-01-04,South America,Tropical,2026,1,January,Sunday,Summer,24.3,18.1,21.0,6.2,2.0,2.0,0.0,light,True,14.4,79.0,13.53
bfeeef1690a94f0ee179087790840293,São Paulo,BR,2026-01-05,South America,Tropical,2026,1,January,Monday,Summer,22.4,17.2,19.1,5.2,0.2,0.2,0.0,light,True,17.4,78.0,13.52
dd616cd0648bb73c097d89efb7d98d4f,São Paulo,BR,2026-01-06,South America,Tropical,2026,1,January,Tuesday,Summer,27.0,16.2,21.1,10.8,1.2,1.2,0.0,light,True,15.2,72.0,13.51
ce310fef73cbee4a1efb800b89a18dd9,São Paulo,BR,2026-01-07,South America,Tropical,2026,1,January,Wednesday,Summer,28.0,18.8,22.8,9.2,4.5,4.5,0.0,moderate,True,12.7,73.0,13.51
1c39124560ce136b50482e412301e854,São Paulo,BR,2026-01-08,South America,Tropical,2026,1,January,Thursday,Summer,29.4,19.0,22.9,10.4,14.7,14.7,0.0,heavy,True,13.6,74.0,13.5
caca602ba53ce58aca153b48c4abf362,São Paulo,BR,2026-01-09,South America,Tropical,2026,1,January,Friday,Summer,32.2,20.0,24.3,12.2,12.8,12.8,0.0,heavy,True,12.5,74.0,13.49
f6a42fc2568ec262994bd63cc9d81f9b,São Paulo,BR,2026-01-10,South America,Tropical,2026,1,January,Saturday,Summer,32.8,20.5,26.4,12.3,6.1,6.1,0.0,moderate,True,13.5,61.0,13.48
d35178a95ca6f9ae55a11b08d99caa66,São Paulo,BR,2026-01-11,South America,Tropical,2026,1,January,Sunday,Summer,32.6,20.3,27.0,12.3,0.4,0.4,0.0,light,True,15.0,58.0,13.46
b21662396b12512087ec33457c394f5f,São Paulo,BR,2026-01-12,South America,Tropical,2026,1,January,Monday,Summer,33.8,20.4,26.8,13.4,6.3,6.3,0.0,moderate,True,14.5,56.0,13.45
497585f82cf557a54b7da4bac027632d,São Paulo,BR,2026-01-13,South America,Tropical,2026,1,January,Tuesday,Summer,29.4,19.8,23.1,9.6,1.7,1.7,0.0,light,True,11.1,73.0,13.44
5a7beb6809fc662c323c9ae9c65bd982,São Paulo,BR,2026-01-14,South America,Tropical,2026,1,January,Wednesday,Summer,28.5,19.3,22.2,9.2,18.6,18.6,0.0,heavy,True,10.2,79.0,13.43
fceae6cd1ffc68ac5e49a47a518ef6af,São Paulo,BR,2026-01-15,South America,Tropical,2026,1,January,Thursday,Summer,26.2,19.5,21.8,6.7,15.4,15.4,0.0,heavy,True,15.8,84.0,13.42
253bb2fc3f925b33d7a4caf79e44e752,São Paulo,BR,2026-01-16,South America,Tropical,2026,1,January,Friday,Summer,28.5,19.3,22.2,9.2,21.5,21.5,0.0,heavy,True,10.9,83.0,13.4
5912481018d172f964a3101f2c8e81b9,São Paulo,BR,2026-01-17,South America,Tropical,2026,1,January,Saturday,Summer,26.8,18.9,21.9,7.9,22.0,22.0,0.0,heavy,True,14.2,83.0,13.39
4124366510bb1965d9900604c14bc411,São Paulo,BR,2026-01-18,South America,Tropical,2026,1,January,Sunday,Summer,25.8,19.5,22.2,6.3,16.6,16.6,0.0,heavy,True,16.7,82.0,13.38
6239d481ceee536494d12f202f1056c6,São Paulo,BR,2026-01-19,South America,Tropical,2026,1,January,Monday,Summer,24.4,17.5,20.1,6.9,21.4,21.4,0.0,heavy,True,23.4,89.0,13.36
606d72822143c815e58c40fdb7c5e292,São Paulo,BR,2026-01-20,South America,Tropical,2026,1,January,Tuesday,Summer,20.5,15.6,17.8,4.9,1.3,1.3,0.0,light,True,16.2,81.0,13.35
4c21082555f4e581a9a29646e3be7653,São Paulo,BR,2026-01-21,South America,Tropical,2026,1,January,Wednesday,Summer,19.2,14.9,16.9,4.3,10.6,10.6,0.0,heavy,True,14.6,84.0,13.33
2923859aecd3033b82b6d6b69b0601d8,São Paulo,BR,2026-01-22,South America,Tropical,2026,1,January,Thursday,Summer,20.8,15.4,17.5,5.4,13.2,13.2,0.0,heavy,True,14.2,86.0,13.32
1d761d5f79c9cf58a87bae1222ad656f,São Paulo,BR,2026-01-23,South America,Tropical,2026,1,January,Friday,Summer,23.4,15.9,19.1,7.5,3.3,3.3,0.0,moderate,True,14.8,86.0,13.3
da220abf890e061d96ff04e6d7afa7d2,São Paulo,BR,2026-01-24,South America,Tropical,2026,1,January,Saturday,Summer,24.1,17.5,20.1,6.6,3.3,3.3,0.0,moderate,True,13.4,85.0,13.29
711f23cec064a45c87f8af8ce79016b8,São Paulo,BR,2026-01-25,South America,Tropical,2026,1,January,Sunday,Summer,25.7,18.1,20.7,7.6,10.4,10.4,0.0,heavy,True,10.0,86.0,13.27
349160e404a9d63de3cea994d81c2305,São Paulo,BR,2026-01-26,South America,Tropical,2026,1,January,Monday,Summer,26.0,17.2,20.9,8.8,6.2,6.2,0.0,moderate,True,9.6,85.0,13.25
9d25d0a2019bac141f8e5ed918b7b206,São Paulo,BR,2026-01-27,South America,Tropical,2026,1,January,Tuesday,Summer,28.3,18.0,21.8,10.3,0.9,0.9,0.0,light,True,14.0,84.0,13.24
022acc3de56a5d226a456fda593dfa65,São Paulo,BR,2026-01-28,South America,Tropical,2026,1,January,Wednesday,Summer,27.7,18.0,22.1,9.7,6.3,6.3,0.0,moderate,True,8.7,81.0,13.22
1b38e6d255047a5235f95c63d79b1e56,São Paulo,BR,2026-01-29,South America,Tropical,2026,1,January,Thursday,Summer,27.7,17.7,21.6,10.0,17.9,17.9,0.0,heavy,True,10.4,83.0,13.2
6842bd7329f1b9ec819040b75468c549,São Paulo,BR,2026-01-30,South America,Tropical,2026,1,January,Friday,Summer,25.4,18.2,20.5,7.2,19.0,19.0,0.0,heavy,True,14.8,85.0,13.18
48d105396e60a712aeeaace62fe731ed,São Paulo,BR,2026-01-31,South America,Tropical,2026,1,January,Saturday,Summer,26.9,18.2,22.0,8.7,0.5,0.5,0.0,light,True,16.1,80.0,13.16
4dcabfb4edef040a5d936bdb1448e909,São Paulo,BR,2026-02-01,South America,Tropical,2026,2,February,Sunday,Summer,27.0,19.7,22.2,7.3,3.7,3.7,0.0,moderate,True,22.5,82.0,13.15
bf7cdfc1e2eea1d964561ca4f6fb2045,São Paulo,BR,2026-02-02,South America,Tropical,2026,2,February,Monday,Summer,25.1,19.1,21.2,6.0,9.9,9.9,0.0,heavy,True,14.1,88.0,13.13
84efc1612702fafde5c572783c8c9884,São Paulo,BR,2026-02-03,South America,Tropical,2026,2,February,Tuesday,Summer,25.7,19.5,21.8,6.2,27.1,27.1,0.0,heavy,True,13.4,88.0,13.11
6bae694b7b766ff643490928ce96235b,São Paulo,BR,2026-02-04,South America,Tropical,2026,2,February,Wednesday,Summer,26.7,20.0,22.1,6.7,11.9,11.9,0.0,heavy,True,16.4,86.0,13.09
781da2cd4b65c7107f4c710343cb4b32,São Paulo,BR,2026-02-05,South America,Tropical,2026,2,February,Thursday,Summer,25.0,19.6,21.7,5.4,4.7,4.7,0.0,moderate,True,12.2,87.0,13.07
e9ab0211feb99da6a2641098088df171,São Paulo,BR,2026-02-06,South America,Tropical,2026,2,February,Friday,Summer,28.1,19.2,22.4,8.9,6.3,6.3,0.0,moderate,True,13.2,85.0,13.05
e741e150932edce1d4b0246201bf2fd2,São Paulo,BR,2026-02-07,South America,Tropical,2026,2,February,Saturday,Summer,27.1,19.5,22.1,7.6,16.8,16.8,0.0,heavy,True,8.7,89.0,13.03
91c8873aaa5e04de87d42c9fe8b504d8,São Paulo,BR,2026-02-08,South America,Tropical,2026,2,February,Sunday,Summer,26.2,18.3,20.8,7.9,17.8,17.8,0.0,heavy,True,13.0,85.0,13.01
81be85c39b50d6d70e49f5cabbba4898,São Paulo,BR,2026-02-09,South America,Tropical,2026,2,February,Monday,Summer,23.2,18.3,19.8,4.9,19.2,19.2,0.0,heavy,True,8.0,92.0,12.99
260b75c32009fdf1de5ddf56e8061486,São Paulo,BR,2026-02-10,South America,Tropical,2026,2,February,Tuesday,Summer,24.6,18.2,21.0,6.4,29.1,29.1,0.0,heavy,True,14.8,87.0,12.97
c0762fa4fc69dc210f07813f55f0a264,São Paulo,BR,2026-02-11,South America,Tropical,2026,2,February,Wednesday,Summer,25.9,19.7,22.2,6.2,12.3,12.3,0.0,heavy,True,18.4,81.0,12.95
8d205fba6590d9a67a4b00279e6562e4,São Paulo,BR,2026-02-12,South America,Tropical,2026,2,February,Thursday,Summer,29.1,20.2,24.2,8.9,2.0,2.0,0.0,light,True,13.4,76.0,12.93
c684b17732afbd5cdeab2ab06f9c1053,São Paulo,BR,2026-02-13,South America,Tropical,2026,2,February,Friday,Summer,31.6,21.3,25.9,10.3,1.8,1.8,0.0,light,True,11.8,66.0,12.91
8e13325742de36ff91d13a197fcd5f3b,São Paulo,BR,2026-02-14,South America,Tropical,2026,2,February,Saturday,Summer,28.9,20.8,23.7,8.1,0.5,0.5,0.0,light,True,13.0,78.0,12.89
35a0cc9977af231a3182503abddd5d38,São Paulo,BR,2026-02-15,South America,Tropical,2026,2,February,Sunday,Summer,32.2,19.5,24.5,12.7,0.0,0.0,0.0,dry,False,12.4,69.0,12.87
d069a6485e5524b51777b88af6090a60,São Paulo,BR,2026-02-16,South America,Tropical,2026,2,February,Monday,Summer,33.6,19.1,26.0,14.5,0.4,0.4,0.0,light,True,9.6,62.0,12.84
d2218ef8e05e3a75e381a2638123eec6,São Paulo,BR,2026-02-17,South America,Tropical,2026,2,February,Tuesday,Summer,31.5,21.3,26.2,10.2,4.3,4.3,0.0,moderate,True,11.8,61.0,12.82
b98519dd69a40ddcf7005a4bf3c2bce6,São Paulo,BR,2026-02-18,South America,Tropical,2026,2,February,Wednesday,Summer,27.6,20.6,23.8,7.0,3.4,3.4,0.0,moderate,True,9.9,76.0,12.8
1a85bf1822bc160e71e1028391377c81,São Paulo,BR,2026-02-19,South America,Tropical,2026,2,February,Thursday,Summer,27.5,20.3,23.0,7.2,2.9,2.9,0.0,moderate,True,11.4,81.0,12.78
ff0bc730c699b4378aed573d574e5496,São Paulo,BR,2026-02-20,South America,Tropical,2026,2,February,Friday,Summer,31.8,19.3,24.1,12.5,0.2,0.2,0.0,light,True,12.1,74.0,12.76
9dac103ba55bf59979a61eb2d99628ea,São Paulo,BR,2026-02-21,South America,Tropical,2026,2,February,Saturday,Summer,29.8,20.0,23.4,9.8,15.0,15.0,0.0,heavy,True,14.5,78.0,12.73
dca7af2377fc4bb5a6529827463000fc,São Paulo,BR,2026-02-22,South America,Tropical,2026,2,February,Sunday,Summer,25.6,18.9,21.5,6.7,11.9,11.9,0.0,heavy,True,16.4,86.0,12.71
046f11544d617327e5a01a363be63c99,São Paulo,BR,2026-02-23,South America,Tropical,2026,2,February,Monday,Summer,23.8,19.3,21.3,4.5,9.7,9.7,0.0,heavy,True,12.9,90.0,12.69
1c0cdda3ec7b62ce28f5709f9201ee8d,São Paulo,BR,2026-02-24,South America,Tropical,2026,2,February,Tuesday,Summer,26.8,19.2,22.1,7.6,30.1,30.1,0.0,heavy,True,7.3,87.0,12.67
5470ec0025adfc336fd926a554be10dc,São Paulo,BR,2026-02-25,South America,Tropical,2026,2,February,Wednesday,Summer,27.6,19.6,22.7,8.0,23.0,23.0,0.0,heavy,True,10.5,87.0,12.65
c6f19411e87bcce861a3e876575c50e6,São Paulo,BR,2026-02-26,South America,Tropical,2026,2,February,Thursday,Summer,23.5,19.8,21.2,3.7,15.1,15.1,0.0,heavy,True,22.6,90.0,12.62
ad4a0e1655a9ecf95f98d5b65294425d,São Paulo,BR,2026-02-27,South America,Tropical,2026,2,February,Friday,Summer,22.7,17.9,19.9,4.8,1.5,1.5,0.0,light,True,15.1,85.0,12.6
6b7d078e80dbc10c1c0c7e6cf17e2d57,São Paulo,BR,2026-02-28,South America,Tropical,2026,2,February,Saturday,Summer,23.1,16.1,19.0,7.0,0.3,0.3,0.0,light,True,13.6,79.0,12.58
858cd8f97ffa2cd06705609e5f7afda2,São Paulo,BR,2026-03-01,South America,Tropical,2026,3,March,Sunday,Autumn,22.8,15.7,18.7,7.1,0.0,0.0,0.0,dry,False,13.0,76.0,12.56
e34e5ce2214934bac04e510cbd911224,São Paulo,BR,2026-03-02,South America,Tropical,2026,3,March,Monday,Autumn,24.6,15.0,18.8,9.6,0.1,0.1,0.0,light,True,11.9,78.0,12.53
a06ea515da236d974f059237fc38642c,São Paulo,BR,2026-03-03,South America,Tropical,2026,3,March,Tuesday,Autumn,27.0,16.3,20.2,10.7,0.0,0.0,0.0,dry,False,12.5,75.0,12.51
6669f1cb56baea188bf7c92c83b32e4e,São Paulo,BR,2026-03-04,South America,Tropical,2026,3,March,Wednesday,Autumn,28.9,16.9,21.1,12.0,0.1,0.1,0.0,light,True,13.3,71.0,12.49
ddf751a70bf74cabd5cea4464e9a9d98,São Paulo,BR,2026-03-05,South America,Tropical,2026,3,March,Thursday,Autumn,30.4,18.1,22.5,12.3,1.3,1.3,0.0,light,True,12.3,73.0,12.47
cb20ce89ff3c9db56cc92f6a5d34358f,São Paulo,BR,2026-03-06,South America,Tropical,2026,3,March,Friday,Autumn,29.2,20.4,22.9,8.8,3.2,3.2,0.0,moderate,True,11.7,80.0,12.44
842ed5a666e703f611234a2e58a1f235,São Paulo,BR,2026-03-07,South America,Tropical,2026,3,March,Saturday,Autumn,27.3,19.7,22.1,7.6,25.4,25.4,0.0,heavy,True,14.8,88.0,12.42
40b955dc2997c8cf314f83d6c0887425,São Paulo,BR,2026-03-08,South America,Tropical,2026,3,March,Sunday,Autumn,26.4,18.7,21.6,7.7,10.4,10.4,0.0,heavy,True,15.2,84.0,12.4
e1627a4bd2d1d6e7198a6bc75fa45e47,São Paulo,BR,2026-03-09,South America,Tropical,2026,3,March,Monday,Autumn,21.9,18.2,19.8,3.7,13.7,13.7,0.0,heavy,True,13.0,92.0,12.37
05a2549c17793dc07f1a6784e2bb1955,São Paulo,BR,2026-03-10,South America,Tropical,2026,3,March,Tuesday,Autumn,20.8,18.0,19.2,2.8,15.8,15.8,0.0,heavy,True,8.5,94.0,12.35
4b21c1206ce1581287dd4bc950b7a232,São Paulo,BR,2026-03-11,South America,Tropical,2026,3,March,Wednesday,Autumn,21.8,18.6,19.7,3.2,18.5,18.5,0.0,heavy,True,9.2,94.0,12.33
ef86f98b855db721e1f94de2db477b1e,São Paulo,BR,2026-03-12,South America,Tropical,2026,3,March,Thursday,Autumn,21.8,18.7,19.8,3.1,26.6,26.6,0.0,heavy,True,14.6,92.0,12.3
f5d6d50c86c8f427869af22ee6d63870,São Paulo,BR,2026-03-13,South America,Tropical,2026,3,March,Friday,Autumn,24.6,17.6,20.2,7.0,3.2,3.2,0.0,moderate,True,10.6,87.0,12.28
f27a2102681c06c250eafc4e18d53598,São Paulo,BR,2026-03-14,South America,Tropical,2026,3,March,Saturday,Autumn,27.1,16.2,21.0,10.9,0.1,0.1,0.0,light,True,8.1,80.0,12.26
d888d3ac32e1cb33b23172b8ff8072dc,São Paulo,BR,2026-03-15,South America,Tropical,2026,3,March,Sunday,Autumn,28.5,17.8,23.1,10.7,0.9,0.9,0.0,light,True,10.9,73.0,12.24
328314507f55e9c69a56e15a995ad255,São Paulo,BR,2026-03-16,South America,Tropical,2026,3,March,Monday,Autumn,31.7,17.8,24.4,13.9,0.0,0.0,0.0,dry,False,12.7,65.0,12.21
b0b01d3a9041227357fb25b8facb3cce,São Paulo,BR,2026-03-17,South America,Tropical,2026,3,March,Tuesday,Autumn,31.6,17.6,23.8,14.0,0.4,0.4,0.0,light,True,12.9,68.0,12.19
5d285142296a8bdcd8f41da30bf00542,São Paulo,BR,2026-03-18,South America,Tropical,2026,3,March,Wednesday,Autumn,29.2,19.4,23.5,9.8,13.6,13.6,0.0,heavy,True,10.2,76.0,12.17
92a16ec2cdb00620b4b4a8f992142bb9,São Paulo,BR,2026-03-19,South America,Tropical,2026,3,March,Thursday,Autumn,25.3,19.6,22.2,5.7,8.3,8.3,0.0,heavy,True,9.1,82.0,12.14
0e7f4892c85240e810f13bc0fa0bc99a,São Paulo,BR,2026-03-20,South America,Tropical,2026,3,March,Friday,Autumn,25.9,18.0,21.3,7.9,0.4,0.4,0.0,light,True,11.8,81.0,12.12
bdb5350755293a40c0a72f3b9ef74bcd,São Paulo,BR,2026-03-21,South America,Tropical,2026,3,March,Saturday,Autumn,30.0,18.7,22.9,11.3,0.0,0.0,0.0,dry,False,12.3,74.0,12.1
376f3f7819ad8d961e71c7b9318a50bf,São Paulo,BR,2026-03-22,South America,Tropical,2026,3,March,Sunday,Autumn,29.9,17.2,23.3,12.7,0.1,0.1,0.0,light,True,12.3,65.0,12.07
cdaa1ac8cae9244de0246bb13fe30dce,São Paulo,BR,2026-03-23,South America,Tropical,2026,3,March,Monday,Autumn,29.8,18.8,22.9,11.0,0.4,0.4,0.0,light,True,14.7,66.0,12.05
edd7eaa97b801d76cff963dc419909bd,São Paulo,BR,2026-03-24,South America,Tropical,2026,3,March,Tuesday,Autumn,30.8,17.4,23.2,13.4,0.0,0.0,0.0,dry,False,10.9,68.0,12.03
b8899a4cb70d92e568b23d7695331ec4,São Paulo,BR,2026-03-25,South America,Tropical,2026,3,March,Wednesday,Autumn,28.3,20.2,23.7,8.1,2.8,2.8,0.0,moderate,True,9.9,69.0,12.01
7c010b7e6e6541ac55c81e3cad3731d0,São Paulo,BR,2026-03-26,South America,Tropical,2026,3,March,Thursday,Autumn,29.2,20.1,23.6,9.1,5.3,5.3,0.0,moderate,True,7.5,76.0,11.98
32c5840b8f91b0a89d1273b3994685e5,São Paulo,BR,2026-03-27,South America,Tropical,2026,3,March,Friday,Autumn,29.9,19.4,23.5,10.5,0.0,0.0,0.0,dry,False,14.1,72.0,11.96
a89cc8967a9986bcc454c4925ba9bccd,São Paulo,BR,2026-03-28,South America,Tropical,2026,3,March,Saturday,Autumn,30.2,18.1,22.8,12.1,0.3,0.3,0.0,light,True,12.7,71.0,11.94
c64efd5affd7f93964eefac6d82a1d00,São Paulo,BR,2026-03-29,South America,Tropical,2026,3,March,Sunday,Autumn,30.8,18.4,23.2,12.4,0.0,0.0,0.0,dry,False,12.0,70.0,11.92
4dd5ad5d7196aa9556109c16731471cd,São Paulo,BR,2026-03-30,South America,Tropical,2026,3,March,Monday,Autumn,29.4,17.8,22.1,11.6,0.1,0.1,0.0,light,True,12.2,70.0,11.89
e6302837ef0e1d3b9f8cb5e61639e1b5,São Paulo,BR,2026-03-31,South America,Tropical,2026,3,March,Tuesday,Autumn,24.8,17.8,20.2,7.0,20.1,20.1,0.0,heavy,True,9.8,79.0,11.87
8baf2fc9398dda7257a40dd48d03a4d5,São Paulo,BR,2026-04-01,South America,Tropical,2026,4,April,Wednesday,Autumn,25.4,17.0,20.1,8.4,21.0,21.0,0.0,heavy,True,11.7,86.0,11.85
16f81093f17dd19b38a415c0265b105d,São Paulo,BR,2026-04-02,South America,Tropical,2026,4,April,Thursday,Autumn,27.3,18.4,21.7,8.9,6.5,6.5,0.0,moderate,True,13.2,81.0,11.83
b440c373f1f5e1a9fbb1346560742a0b,São Paulo,BR,2026-04-03,South America,Tropical,2026,4,April,Friday,Autumn,28.2,18.6,22.5,9.6,0.5,0.5,0.0,light,True,12.4,77.0,11.8
bbf0cfc5a5c2169d29c6daf1cbc978ca,São Paulo,BR,2026-04-04,South America,Tropical,2026,4,April,Saturday,Autumn,28.4,18.9,22.3,9.5,6.9,6.9,0.0,moderate,True,10.4,83.0,11.78
4bce72797b53f6df4caed344d124dba9,São Paulo,BR,2026-04-05,South America,Tropical,2026,4,April,Sunday,Autumn,26.9,17.5,21.6,9.4,0.4,0.4,0.0,light,True,12.4,83.0,11.76
100f377b2e55c19c1f247827a71b0ff0,São Paulo,BR,2026-04-06,South America,Tropical,2026,4,April,Monday,Autumn,27.6,18.7,22.2,8.9,0.5,0.5,0.0,light,True,12.4,81.0,11.74
fd6387808c1e82166986f2c1916836d6,São Paulo,BR,2026-04-07,South America,Tropical,2026,4,April,Tuesday,Autumn,27.9,19.2,22.2,8.7,9.2,9.2,0.0,heavy,True,12.6,83.0,11.71
cce7f85bb6ffa96e41fe4686c8a38856,São Paulo,BR,2026-04-08,South America,Tropical,2026,4,April,Wednesday,Autumn,24.8,19.9,22.1,4.9,1.6,1.6,0.0,light,True,16.5,80.0,11.69
c18e217c3b996675b41c510127d42871,São Paulo,BR,2026-04-09,South America,Tropical,2026,4,April,Thursday,Autumn,25.2,18.6,20.8,6.6,14.1,14.1,0.0,heavy,True,14.6,85.0,11.67
29f4c0f94fa75f279a4381f9061dea6f,São Paulo,BR,2026-04-10,South America,Tropical,2026,4,April,Friday,Autumn,21.0,16.8,18.3,4.2,1.5,1.5,0.0,light,True,10.3,85.0,11.65
1cd88f40b867157254c709f86a125380,São Paulo,BR,2026-04-11,South America,Tropical,2026,4,April,Saturday,Autumn,24.8,15.2,18.6,9.6,0.0,0.0,0.0,dry,False,14.5,78.0,11.63
e68014ead73fa604981c5abbc09a2ff1,São Paulo,BR,2026-04-12,South America,Tropical,2026,4,April,Sunday,Autumn,26.4,14.7,19.4,11.7,0.0,0.0,0.0,dry,False,12.1,78.0,11.61
c8baec719e97e75c1f53bdae2399a4e7,São Paulo,BR,2026-04-13,South America,Tropical,2026,4,April,Monday,Autumn,27.5,17.0,21.0,10.5,0.1,0.1,0.0,light,True,12.7,75.0,11.58
b778b0dfde72b666717bb8e3b155d8be,São Paulo,BR,2026-04-14,South America,Tropical,2026,4,April,Tuesday,Autumn,26.9,16.6,20.3,10.3,0.0,0.0,0.0,dry,False,14.8,74.0,11.56
7883eafb6a5864c3e5d754968420d590,São Paulo,BR,2026-04-15,South America,Tropical,2026,4,April,Wednesday,Autumn,26.9,14.8,20.1,12.1,0.0,0.0,0.0,dry,False,10.8,71.0,11.54
2acfa3ce479f568fa56076556f2f9936,São Paulo,BR,2026-04-16,South America,Tropical,2026,4,April,Thursday,Autumn,28.0,15.7,21.2,12.3,0.0,0.0,0.0,dry,False,10.3,72.0,11.52
2d1ee568a60f077441d65f4247362b8e,São Paulo,BR,2026-04-17,South America,Tropical,2026,4,April,Friday,Autumn,29.6,15.5,23.1,14.1,0.0,0.0,0.0,dry,False,9.5,62.0,11.5
3ce653f29d82ef5e44ecf508f66ed3bf,São Paulo,BR,2026-04-18,South America,Tropical,2026,4,April,Saturday,Autumn,27.7,19.7,23.1,8.0,3.1,3.1,0.0,moderate,True,14.4,64.0,11.48
450c55525334c415a168dc8fc43b0580,São Paulo,BR,2026-04-19,South America,Tropical,2026,4,April,Sunday,Autumn,28.6,18.0,21.9,10.6,0.0,0.0,0.0,dry,False,13.3,70.0,11.46
65329b4d6247c4afea6de7719743c763,São Paulo,BR,2026-04-20,South America,Tropical,2026,4,April,Monday,Autumn,26.9,16.0,20.0,10.9,0.0,0.0,0.0,dry,False,11.2,69.0,11.44
994aab60b42bc8ee9c61d96c3fb3bd6b,São Paulo,BR,2026-04-21,South America,Tropical,2026,4,April,Tuesday,Autumn,26.4,14.2,19.2,12.2,0.0,0.0,0.0,dry,False,12.6,73.0,11.42
c5d6e5c3766c2fdf38e1116079e4023d,São Paulo,BR,2026-04-22,South America,Tropical,2026,4,April,Wednesday,Autumn,27.3,15.9,20.4,11.4,0.0,0.0,0.0,dry,False,13.0,71.0,11.4
cd38ce15d36bad13277044e480b9f538,São Paulo,BR,2026-04-23,South America,Tropical,2026,4,April,Thursday,Autumn,27.2,17.0,20.4,10.2,0.0,0.0,0.0,dry,False,12.7,74.0,11.38
4a0daaeee38ee8daef262c0b79b71ded,São Paulo,BR,2026-04-24,South America,Tropical,2026,4,April,Friday,Autumn,29.1,16.8,22.0,12.3,0.0,0.0,0.0,dry,False,10.3,67.0,11.36
16711624cdbd826e94ebd90859572542,São Paulo,BR,2026-04-25,South America,Tropical,2026,4,April,Saturday,Autumn,28.8,18.7,23.7,10.1,0.0,0.0,0.0,dry,False,16.6,57.0,11.34
dfcc19fa3634e140ecd29d1368044331,São Paulo,BR,2026-04-26,South America,Tropical,2026,4,April,Sunday,Autumn,29.9,18.8,24.7,11.1,0.0,0.0,0.0,dry,False,17.1,57.0,11.32
4a6049eaa04adaeb877688bc349d6092,São Paulo,BR,2026-04-27,South America,Tropical,2026,4,April,Monday,Autumn,27.8,20.1,23.0,7.7,14.3,14.3,0.0,heavy,True,16.2,71.0,11.3
df3ca5bbd85c395ea4f06c3b13c5e39b,São Paulo,BR,2026-04-28,South America,Tropical,2026,4,April,Tuesday,Autumn,27.0,19.2,21.4,7.8,12.2,12.2,0.0,heavy,True,10.6,86.0,11.28
f6f06228d34b33b431b62c3fe620f0fd,São Paulo,BR,2026-04-29,South America,Tropical,2026,4,April,Wednesday,Autumn,28.6,17.7,21.3,10.9,15.4,15.4,0.0,heavy,True,13.7,87.0,11.26
476bea20a3de9b3e34032946eadd482a,São Paulo,BR,2026-04-30,South America,Tropical,2026,4,April,Thursday,Autumn,27.4,17.2,20.3,10.2,3.3,3.3,0.0,moderate,True,14.2,85.0,11.24
36daf6fc63102eb6c168acdcc33a4385,São Paulo,BR,2026-05-01,South America,Tropical,2026,5,May,Friday,Autumn,26.5,18.2,21.5,8.3,0.6,0.6,0.0,light,True,10.2,81.0,11.22
c4ad6cf3faf6898cd5057f7393f4e7aa,São Paulo,BR,2026-05-02,South America,Tropical,2026,5,May,Saturday,Autumn,27.5,19.1,22.2,8.4,0.2,0.2,0.0,light,True,15.5,71.0,11.2
56ccbb2d393389ad6cca8b96ad72b8c0,São Paulo,BR,2026-05-03,South America,Tropical,2026,5,May,Sunday,Autumn,19.9,15.3,17.4,4.6,1.7,1.7,0.0,light,True,15.2,83.0,11.18
d05399b5cdf039cef5fa9877e463ea63,São Paulo,BR,2026-05-04,South America,Tropical,2026,5,May,Monday,Autumn,25.0,14.3,19.0,10.7,2.2,2.2,0.0,light,True,13.9,81.0,11.17
02375676175824d657135712fd1859af,São Paulo,BR,2026-05-05,South America,Tropical,2026,5,May,Tuesday,Autumn,27.3,16.1,21.8,11.2,0.0,0.0,0.0,dry,False,6.9,74.0,11.15
dd8f6c7790b21881d23777da022a77a0,São Paulo,BR,2026-05-06,South America,Tropical,2026,5,May,Wednesday,Autumn,28.7,17.5,22.8,11.2,0.0,0.0,0.0,dry,False,10.4,66.0,11.13
c27aa8fa66c01582611a1d16a673227e,São Paulo,BR,2026-05-07,South America,Tropical,2026,5,May,Thursday,Autumn,28.8,18.0,23.2,10.8,0.0,0.0,0.0,dry,False,16.5,57.0,11.11
42212ba306f770ab12d5369a12310e5a,São Paulo,BR,2026-05-08,South America,Tropical,2026,5,May,Friday,Autumn,28.2,20.8,24.1,7.4,0.1,0.1,0.0,light,True,22.3,54.0,11.1
87031136829e1a55d5016f2aeed0cc06,São Paulo,BR,2026-05-09,South America,Tropical,2026,5,May,Saturday,Autumn,28.2,19.7,23.7,8.5,0.0,0.0,0.0,dry,False,18.9,59.0,11.08
13db34890d558f1ebf43ed7b2ccf56ab,São Paulo,BR,2026-05-10,South America,Tropical,2026,5,May,Sunday,Autumn,18.9,12.9,15.4,6.0,12.6,12.6,0.0,heavy,True,10.8,88.0,11.06
94eda9b9c9c6561bc0f119c959b11871,São Paulo,BR,2026-05-11,South America,Tropical,2026,5,May,Monday,Autumn,18.2,9.0,13.3,9.2,0.0,0.0,0.0,dry,False,9.1,76.0,11.05
87b1f0a31cde40f9854794fd7106a499,São Paulo,BR,2026-05-12,South America,Tropical,2026,5,May,Tuesday,Autumn,19.7,8.4,13.5,11.3,0.0,0.0,0.0,dry,False,9.0,77.0,11.03
1f6388fc86f7b05403b0d8ce77264b5b,São Paulo,BR,2026-05-13,South America,Tropical,2026,5,May,Wednesday,Autumn,24.1,8.8,16.0,15.3,0.0,0.0,0.0,dry,False,6.3,73.0,11.01
6b5c52cdf88012c909e02d5d2fd22dad,São Paulo,BR,2026-05-14,South America,Tropical,2026,5,May,Thursday,Autumn,25.6,12.8,18.3,12.8,0.0,0.0,0.0,dry,False,10.0,74.0,11.0
9ded46fedd67d531209e0e6b05b6d888,São Paulo,BR,2026-05-15,South America,Tropical,2026,5,May,Friday,Autumn,18.8,16.0,17.0,2.8,7.5,7.5,0.0,moderate,True,7.2,91.0,10.98
b3741017cc4d5716981bc7464a243940,São Paulo,BR,2026-05-16,South America,Tropical,2026,5,May,Saturday,Autumn,24.9,13.8,18.6,11.1,7.6,7.6,0.0,moderate,True,10.6,84.0,10.97
111ec58c40f590a56d1990b7f2a35e32,São Paulo,BR,2026-05-17,South America,Tropical,2026,5,May,Sunday,Autumn,22.7,16.7,18.5,6.0,11.3,11.3,0.0,heavy,True,11.4,91.0,10.95
205d7eb4877ef862ade15cd12b783959,São Paulo,BR,2026-05-18,South America,Tropical,2026,5,May,Monday,Autumn,20.2,16.1,17.6,4.1,2.2,2.2,0.0,light,True,10.1,90.0,10.94
b1ad5be113cedf9d571ba4f07019c66e,São Paulo,BR,2026-05-19,South America,Tropical,2026,5,May,Tuesday,Autumn,18.5,15.6,16.7,2.9,4.2,4.2,0.0,moderate,True,7.6,90.0,10.92
f61e32871ba2b7aa32b231f3819b4ea1,São Paulo,BR,2026-05-20,South America,Tropical,2026,5,May,Wednesday,Autumn,20.9,14.9,17.2,6.0,3.7,3.7,0.0,moderate,True,8.7,87.0,10.91
58d002335bcd03708485d81ff7de29e6,São Paulo,BR,2026-05-21,South America,Tropical,2026,5,May,Thursday,Autumn,17.4,13.7,15.2,3.7,0.8,0.8,0.0,light,True,11.8,88.0,10.9
7588551a21c7d6f30f8d28bf717c703b,São Paulo,BR,2026-05-22,South America,Tropical,2026,5,May,Friday,Autumn,16.2,13.3,14.4,2.9,0.7,0.7,0.0,light,True,11.0,90.0,10.88
0e1fdada6e991de1c4299cc41291d51d,São Paulo,BR,2026-05-23,South America,Tropical,2026,5,May,Saturday,Autumn,21.0,14.4,16.6,6.6,26.9,26.9,0.0,heavy,True,9.0,92.0,10.87
1aa7cf2d6042128bd46a09aa6b8d440b,São Paulo,BR,2026-05-24,South America,Tropical,2026,5,May,Sunday,Autumn,23.8,15.3,18.1,8.5,10.9,10.9,0.0,heavy,True,13.9,91.0,10.86
9645754df2fc566cbfe1a1c9e0a4b1f9,São Paulo,BR,2026-05-25,South America,Tropical,2026,5,May,Monday,Autumn,22.6,14.8,17.7,7.8,1.0,1.0,0.0,light,True,8.9,87.0,10.85
deebeeeb7c1ab80d62151668341303ee,São Paulo,BR,2026-05-26,South America,Tropical,2026,5,May,Tuesday,Autumn,25.8,16.2,19.8,9.6,1.9,1.9,0.0,light,True,11.3,83.0,10.84
b9e300005d52282fbea36a017458faaf,São Paulo,BR,2026-05-27,South America,Tropical,2026,5,May,Wednesday,Autumn,22.8,14.4,17.8,8.4,1.5,1.5,0.0,light,True,10.5,89.0,10.83
341239aa1d400caf129a8ba6af5d56b2,São Paulo,BR,2026-05-28,South America,Tropical,2026,5,May,Thursday,Autumn,20.3,11.5,15.1,8.8,0.0,0.0,0.0,dry,False,11.0,85.0,10.81
32dcdd9b1b71e61ef3f9a3aee4208d87,São Paulo,BR,2026-05-29,South America,Tropical,2026,5,May,Friday,Autumn,20.6,13.0,15.7,7.6,0.0,0.0,0.0,dry,False,11.6,83.0,10.8
12b4e58ff38d7cfee593c7666b559875,São Paulo,BR,2026-05-30,South America,Tropical,2026,5,May,Saturday,Autumn,21.8,14.7,17.3,7.1,0.3,0.3,0.0,light,True,9.4,84.0,10.79
6df4e97d325e8a0932ca7f006f8f368c,São Paulo,BR,2026-05-31,South America,Tropical,2026,5,May,Sunday,Autumn,20.5,14.4,16.7,6.1,0.1,0.1,0.0,light,True,9.3,83.0,10.78
4fb065e5e674a44f9025468c3471b9d5,São Paulo,BR,2026-06-01,South America,Tropical,2026,6,June,Monday,Winter,20.2,13.1,15.1,7.1,0.0,0.0,0.0,dry,False,11.3,85.0,10.78
8e2fd5ef9d9bc52dfa0b9ae342d8cbd0,São Paulo,BR,2026-06-02,South America,Tropical,2026,6,June,Tuesday,Winter,20.1,11.3,15.0,8.8,0.0,0.0,0.0,dry,False,12.0,82.0,10.77
f1ba4657b7bb12d40545183681372862,São Paulo,BR,2026-06-03,South America,Tropical,2026,6,June,Wednesday,Winter,22.0,14.1,16.7,7.9,0.0,0.0,0.0,dry,False,12.4,80.0,10.76
0e54cec78fc454dfbc09f03160d793b0,São Paulo,BR,2026-06-04,South America,Tropical,2026,6,June,Thursday,Winter,22.4,14.0,16.7,8.4,0.0,0.0,0.0,dry,False,12.7,80.0,10.75
fd343cf1edb4be94dca1f31b81e41b71,São Paulo,BR,2026-06-05,South America,Tropical,2026,6,June,Friday,Winter,21.1,11.5,15.6,9.6,0.0,0.0,0.0,dry,False,11.4,78.0,10.74
ae9b46fad554bb5edb58b5f37f49c544,São Paulo,BR,2026-06-06,South America,Tropical,2026,6,June,Saturday,Winter,22.5,11.5,16.1,11.0,0.0,0.0,0.0,dry,False,10.6,69.0,10.74
f6fcc4c5418b8fa6b6db5a9f6ae49ebc,São Paulo,BR,2026-06-07,South America,Tropical,2026,6,June,Sunday,Winter,22.8,10.3,16.4,12.5,0.0,0.0,0.0,dry,False,6.6,63.0,10.73
72001a8befb15e287bd93375ea164ea0,São Paulo,BR,2026-06-08,South America,Tropical,2026,6,June,Monday,Winter,23.7,9.2,16.8,14.5,0.0,0.0,0.0,dry,False,10.5,64.0,10.72
e4664e8015224fb4ca4ff1f03e66a014,São Paulo,BR,2026-06-09,South America,Tropical,2026,6,June,Tuesday,Winter,23.6,11.4,17.5,12.2,0.0,0.0,0.0,dry,False,12.8,61.0,10.72
ef0ecea239443d90800acac721fd0bab,São Paulo,BR,2026-06-10,South America,Tropical,2026,6,June,Wednesday,Winter,24.5,12.0,17.5,12.5,3.8,3.8,0.0,moderate,True,10.2,69.0,10.71
b77eb729b6302763e2dcfee0a3f0fd9b,São Paulo,BR,2026-06-11,South America,Tropical,2026,6,June,Thursday,Winter,19.0,15.1,16.6,3.9,7.4,7.4,0.0,moderate,True,11.9,87.0,10.71
56e2a1ca1755d9f46fec50ed3debfd2b,São Paulo,BR,2026-06-12,South America,Tropical,2026,6,June,Friday,Winter,19.9,14.3,17.0,5.6,2.7,2.7,0.0,moderate,True,23.0,84.0,10.7
9a35bda09e3cac9a1e6ac35856bfbff5,São Paulo,BR,2026-06-13,South America,Tropical,2026,6,June,Saturday,Winter,22.0,15.4,17.8,6.6,3.9,3.9,0.0,moderate,True,19.9,85.0,10.7
97337e64fdf8882f3716fa975f56204d,São Paulo,BR,2026-06-14,South America,Tropical,2026,6,June,Sunday,Winter,21.7,15.8,18.4,5.9,1.2,1.2,0.0,light,True,15.4,86.0,10.7
a3e507cec37fca1f62e612dabc25f03a,São Paulo,BR,2026-06-15,South America,Tropical,2026,6,June,Monday,Winter,16.8,14.3,15.7,2.5,17.0,17.0,0.0,heavy,True,9.5,93.0,10.69
48586658ee835d07a74c417cba0088e2,São Paulo,BR,2026-06-16,South America,Tropical,2026,6,June,Tuesday,Winter,17.6,13.7,15.0,3.9,1.0,1.0,0.0,light,True,7.6,90.0,10.69
13f596a1abb777fb4a127cc5b1d177f1,São Paulo,BR,2026-06-17,South America,Tropical,2026,6,June,Wednesday,Winter,18.9,10.0,14.0,8.9,0.0,0.0,0.0,dry,False,9.7,81.0,10.69
af34e5895608defc22c371a5b2a776e7,São Paulo,BR,2026-06-18,South America,Tropical,2026,6,June,Thursday,Winter,18.2,9.6,12.9,8.6,0.0,0.0,0.0,dry,False,11.1,78.0,10.69
a99a0f2cce314d93506a86a208035ac6,São Paulo,BR,2026-06-19,South America,Tropical,2026,6,June,Friday,Winter,23.3,9.6,15.6,13.7,0.0,0.0,0.0,dry,False,14.1,75.0,10.69
cd605ee78fcec93827a4a2ed9e1b1172,São Paulo,BR,2026-06-20,South America,Tropical,2026,6,June,Saturday,Winter,22.8,13.4,17.7,9.4,7.1,7.1,0.0,moderate,True,16.3,74.0,10.69
62d2fa640fefba2e248ffed7396fdbe1,São Paulo,BR,2026-06-21,South America,Tropical,2026,6,June,Sunday,Winter,20.4,11.4,15.6,9.0,0.0,0.0,0.0,dry,False,12.4,78.0,10.69
49bfd33eea395c526330f698078e549e,São Paulo,BR,2026-06-22,South America,Tropical,2026,6,June,Monday,Winter,25.1,10.9,17.8,14.2,0.0,0.0,0.0,dry,False,15.3,65.0,10.69
3069f44b65fc991c161acc73c4f839de,São Paulo,BR,2026-06-23,South America,Tropical,2026,6,June,Tuesday,Winter,20.8,13.1,17.3,7.7,26.3,26.3,0.0,heavy,True,16.4,85.0,10.69
11c9bb2adec02e59ef7ea52b13a1ebac,São Paulo,BR,2026-06-24,South America,Tropical,2026,6,June,Wednesday,Winter,14.9,11.6,12.8,3.3,21.3,21.3,0.0,heavy,True,7.0,93.0,10.69
2ad0f23af8bffe00c55abf83c44d4dd1,São Paulo,BR,2026-06-25,South America,Tropical,2026,6,June,Thursday,Winter,12.6,10.7,11.4,1.9,3.8,3.8,0.0,moderate,True,10.2,95.0,10.69
f80629792dc0fa160c84d136d1f3eb76,São Paulo,BR,2026-06-26,South America,Tropical,2026,6,June,Friday,Winter,19.7,11.3,15.2,8.4,0.5,0.5,0.0,light,True,8.3,92.0,10.69
e09fca9b4fd771992ff37711396ffee0,São Paulo,BR,2026-06-27,South America,Tropical,2026,6,June,Saturday,Winter,24.2,14.4,18.2,9.8,0.0,0.0,0.0,dry,False,8.6,86.0,10.69
9f71f251362f2972135ded465c622085,São Paulo,BR,2026-06-28,South America,Tropical,2026,6,June,Sunday,Winter,25.1,14.7,19.1,10.4,0.0,0.0,0.0,dry,False,11.9,78.0,10.7
3f59df3441e9de7bdccd4ad7b93f6143,São Paulo,BR,2026-06-29,South America,Tropical,2026,6,June,Monday,Winter,25.5,16.4,20.0,9.1,0.1,0.1,0.0,light,True,10.9,72.0,10.7
4b1a6bf2ce4f56c6d486d32da618ba5a,São Paulo,BR,2026-06-30,South America,Tropical,2026,6,June,Tuesday,Winter,26.0,15.9,20.1,10.1,0.0,0.0,0.0,dry,False,13.1,72.0,10.7
bd93b5344cd941a46a389e13800b77a5,São Paulo,BR,2026-07-01,South America,Tropical,2026,7,July,Wednesday,Winter,26.2,16.6,20.8,9.6,0.0,0.0,0.0,dry,False,12.6,64.0,10.71
97ecad800ddb4e05f80ac1d238287537,São Paulo,BR,2026-07-02,South America,Tropical,2026,7,July,Thursday,Winter,25.7,15.4,20.0,10.3,0.0,0.0,0.0,dry,False,11.2,66.0,10.71
d809d9097fc66f2fc0c8093cc6983cb2,São Paulo,BR,2026-07-03,South America,Tropical,2026,7,July,Friday,Winter,25.4,13.7,18.1,11.7,0.1,0.1,0.0,light,True,12.8,76.0,10.72
9b5046d964d2b039f4a7aa601d6f67d2,São Paulo,BR,2026-07-04,South America,Tropical,2026,7,July,Saturday,Winter,18.9,12.7,15.3,6.2,0.0,0.0,0.0,dry,False,10.1,85.0,10.73
aba12eb88989df16d4317543a5f6427d,São Paulo,BR,2026-07-05,South America,Tropical,2026,7,July,Sunday,Winter,20.5,12.5,14.7,8.0,0.0,0.0,0.0,dry,False,9.5,84.0,10.73
0225b6bc4b900bebc26d0f87dda610bc,São Paulo,BR,2026-07-06,South America,Tropical,2026,7,July,Monday,Winter,23.9,12.6,17.2,11.3,0.0,0.0,0.0,dry,False,12.6,74.0,10.74
b8e2e964dae123ab962320edb40c626a,São Paulo,BR,2026-07-07,South America,Tropical,2026,7,July,Tuesday,Winter,19.6,13.4,15.9,6.2,1.3,1.3,0.0,light,True,13.2,80.0,10.75
9e9764e3fe6d276d0236490fede5680e,São Paulo,BR,2026-07-08,South America,Tropical,2026,7,July,Wednesday,Winter,21.4,13.0,16.0,8.4,0.0,0.0,0.0,dry,False,6.1,73.0,10.75
6f5c031c8db37467ed493c4f9be0c606,São Paulo,BR,2026-07-09,South America,Tropical,2026,7,July,Thursday,Winter,23.2,11.4,16.5,11.8,0.0,0.0,0.0,dry,False,4.6,69.0,10.76
939a4cc6763af2722861bde2556dd92e,São Paulo,BR,2026-07-10,South America,Tropical,2026,7,July,Friday,Winter,25.6,11.2,18.3,14.4,0.0,0.0,0.0,dry,False,12.6,58.0,10.77
91a6c094cbf60ffc84cdc753f84d753d,São Paulo,BR,2026-07-11,South America,Tropical,2026,7,July,Saturday,Winter,27.1,11.9,19.7,15.2,0.3,0.3,0.0,light,True,17.5,61.0,10.78
0b2d4b73b33d82350a5da4a4fa786e80,São Paulo,BR,2026-07-12,South America,Tropical,2026,7,July,Sunday,Winter,22.4,13.3,17.0,9.1,7.5,7.5,0.0,moderate,True,19.1,81.0,10.79
7bac39c7acbb10b3af613c145aae63b1,São Paulo,BR,2026-07-13,South America,Tropical,2026,7,July,Monday,Winter,17.1,9.8,13.2,7.3,0.6,0.6,0.0,light,True,11.8,73.0,10.8
f297fa452306641da37329d81e25d758,São Paulo,BR,2026-07-14,South America,Tropical,2026,7,July,Tuesday,Winter,18.0,9.1,12.7,8.9,0.1,0.1,0.0,light,True,13.3,79.0,10.81
c938a4106b85b61114742b3ac36c066b,São Paulo,BR,2026-07-15,South America,Tropical,2026,7,July,Wednesday,Winter,21.6,9.6,14.6,12.0,0.0,0.0,0.0,dry,False,12.0,72.0,10.82
38ee89f2742ae5d5e371f545c243f452,São Paulo,BR,2026-07-16,South America,Tropical,2026,7,July,Thursday,Winter,24.9,8.9,16.5,16.0,0.0,0.0,0.0,dry,False,9.1,64.0,10.83
2daedb441ad4a05b45f1e827d7c63518,São Paulo,BR,2026-07-17,South America,Tropical,2026,7,July,Friday,Winter,24.4,12.1,17.5,12.3,0.0,0.0,0.0,dry,False,12.6,51.0,10.84
7054bcfcb911480eca4b33e481dd7e6c,São Paulo,BR,2026-07-18,South America,Tropical,2026,7,July,Saturday,Winter,23.7,13.0,17.9,10.7,0.0,0.0,0.0,dry,False,18.8,51.0,10.85
84f51f7153d605a93710fedbbe715864,São Paulo,BR,2026-07-19,South America,Tropical,2026,7,July,Sunday,Winter,25.1,14.2,19.2,10.9,0.0,0.0,0.0,dry,False,19.7,49.0,10.87
6de79e79dc46057ce09f08ee0a2b464e,São Paulo,BR,2026-07-20,South America,Tropical,2026,7,July,Monday,Winter,26.3,15.7,20.6,10.6,0.0,0.0,0.0,dry,False,17.5,48.0,10.88
4a6ba900cde981069bc9208376ae1fbb,São Paulo,BR,2026-07-21,South America,Tropical,2026,7,July,Tuesday,Winter,27.2,15.9,21.2,11.3,0.0,0.0,0.0,dry,False,13.6,47.0,10.89
a61651fc9d8fa1aea13a248ec6f34777,São Paulo,BR,2026-07-22,South America,Tropical,2026,7,July,Wednesday,Winter,27.0,17.3,20.8,9.7,0.0,0.0,0.0,dry,False,12.2,51.0,10.9
d5961aec8361b4c52b4e61796fad126c,Kuala Lumpur,MY,2025-07-23,Asia,Tropical,2025,7,July,Wednesday,Summer,35.7,25.6,30.2,10.1,0.1,0.1,0.0,light,True,10.9,62.0,12.27
0a19c071ffaecb5f4b1dd9b2134aaf65,Kuala Lumpur,MY,2025-07-24,Asia,Tropical,2025,7,July,Thursday,Summer,34.5,25.5,29.8,9.0,1.4,1.4,0.0,light,True,9.4,68.0,12.27
7762bc2304b4ef108f43fd9b7160fcca,Kuala Lumpur,MY,2025-07-25,Asia,Tropical,2025,7,July,Friday,Summer,31.9,24.5,28.4,7.4,1.9,1.9,0.0,light,True,10.4,75.0,12.27
6d72fbccafa2ec33b99761999fa79003,Kuala Lumpur,MY,2025-07-26,Asia,Tropical,2025,7,July,Saturday,Summer,33.2,23.5,28.1,9.7,9.9,9.9,0.0,heavy,True,12.0,76.0,12.26
97f9cb7e59134194bb4c42d2c7577563,Kuala Lumpur,MY,2025-07-27,Asia,Tropical,2025,7,July,Sunday,Summer,34.5,24.9,28.6,9.6,1.6,1.6,0.0,light,True,8.5,77.0,12.26
cbe58f511e905aee59015ca2b90ef08e,Kuala Lumpur,MY,2025-07-28,Asia,Tropical,2025,7,July,Monday,Summer,35.7,23.8,29.6,11.9,0.0,0.0,0.0,dry,False,10.1,69.0,12.26
af554d616f0e2dd779995b0e454ac4d0,Kuala Lumpur,MY,2025-07-29,Asia,Tropical,2025,7,July,Tuesday,Summer,36.4,25.6,30.9,10.8,0.3,0.3,0.0,light,True,14.4,64.0,12.26
8cbaa0db9112995726ec67e821e53259,Kuala Lumpur,MY,2025-07-30,Asia,Tropical,2025,7,July,Wednesday,Summer,33.7,25.0,29.2,8.7,3.0,3.0,0.0,moderate,True,12.2,71.0,12.26
47ed0b93b1af61600f278911a9ef8cda,Kuala Lumpur,MY,2025-07-31,Asia,Tropical,2025,7,July,Thursday,Summer,35.0,25.1,29.7,9.9,0.3,0.3,0.0,light,True,9.6,70.0,12.25
6e7a4a404c4e1c515ee6148f11863ccc,Kuala Lumpur,MY,2025-08-01,Asia,Tropical,2025,8,August,Friday,Summer,35.1,25.1,29.6,10.0,3.5,3.5,0.0,moderate,True,13.1,70.0,12.25
f6bc5e002aed948b62448a0594851bdb,Kuala Lumpur,MY,2025-08-02,Asia,Tropical,2025,8,August,Saturday,Summer,35.0,24.1,29.3,10.9,6.5,6.5,0.0,moderate,True,11.7,71.0,12.25
ac699eb09ed728a2d0d8c30627bb9c5e,Kuala Lumpur,MY,2025-08-03,Asia,Tropical,2025,8,August,Sunday,Summer,35.6,24.5,29.8,11.1,0.1,0.1,0.0,light,True,11.5,65.0,12.25
8771cd77dcf6b28f36754c310f8a6b94,Kuala Lumpur,MY,2025-08-04,Asia,Tropical,2025,8,August,Monday,Summer,33.9,24.5,27.1,9.4,28.4,28.4,0.0,heavy,True,15.5,80.0,12.25
604c10a8101ffc397f19662aa370eadb,Kuala Lumpur,MY,2025-08-05,Asia,Tropical,2025,8,August,Tuesday,Summer,32.6,23.4,27.5,9.2,0.0,0.0,0.0,dry,False,7.7,76.0,12.24
e6a8fb1553ef3211c0053994515904fc,Kuala Lumpur,MY,2025-08-06,Asia,Tropical,2025,8,August,Wednesday,Summer,32.5,23.8,27.6,8.7,1.7,1.7,0.0,light,True,10.1,80.0,12.24
08fdd4275b3bc7c2d367f0471dbb276f,Kuala Lumpur,MY,2025-08-07,Asia,Tropical,2025,8,August,Thursday,Summer,32.7,23.3,27.6,9.4,1.5,1.5,0.0,light,True,8.6,80.0,12.24
fef0009508f64935f115944c016d8d43,Kuala Lumpur,MY,2025-08-08,Asia,Tropical,2025,8,August,Friday,Summer,33.5,23.4,27.6,10.1,3.4,3.4,0.0,moderate,True,12.8,78.0,12.24
7b47f08502c59ae4fc2edb9652db2f58,Kuala Lumpur,MY,2025-08-09,Asia,Tropical,2025,8,August,Saturday,Summer,34.0,23.5,27.9,10.5,0.7,0.7,0.0,light,True,11.1,79.0,12.23
db4ef15ad642c177ed72cac0db9337ec,Kuala Lumpur,MY,2025-08-10,Asia,Tropical,2025,8,August,Sunday,Summer,29.5,23.9,26.1,5.6,9.1,9.1,0.0,heavy,True,8.7,86.0,12.23
b894481de2531b381364cd3d10a399c7,Kuala Lumpur,MY,2025-08-11,Asia,Tropical,2025,8,August,Monday,Summer,30.3,23.8,26.7,6.5,1.8,1.8,0.0,light,True,13.0,82.0,12.23
7bf5e5d7563636158a25ad782e982d05,Kuala Lumpur,MY,2025-08-12,Asia,Tropical,2025,8,August,Tuesday,Summer,32.8,23.7,28.1,9.1,0.4,0.4,0.0,light,True,6.8,76.0,12.23
9c6801161dd53d63095f8d2390f7ae4d,Kuala Lumpur,MY,2025-08-13,Asia,Tropical,2025,8,August,Wednesday,Summer,32.4,25.0,28.2,7.4,0.0,0.0,0.0,dry,False,6.6,72.0,12.22
d1b5804b703631d0d840d11671ce9cb6,Kuala Lumpur,MY,2025-08-14,Asia,Tropical,2025,8,August,Thursday,Summer,32.7,24.0,27.3,8.7,3.2,3.2,0.0,moderate,True,13.0,78.0,12.22
d97663845ed17b08f420e77e827ed77c,Kuala Lumpur,MY,2025-08-15,Asia,Tropical,2025,8,August,Friday,Summer,31.7,22.4,27.2,9.3,1.9,1.9,0.0,light,True,10.6,78.0,12.22
f2bfbd5e148c3674eea4986b70f833fa,Kuala Lumpur,MY,2025-08-16,Asia,Tropical,2025,8,August,Saturday,Summer,32.0,23.4,27.5,8.6,2.4,2.4,0.0,light,True,7.9,79.0,12.22
5e314b84f0c1fed45e5c3553d9200f17,Kuala Lumpur,MY,2025-08-17,Asia,Tropical,2025,8,August,Sunday,Summer,33.3,24.2,28.3,9.1,0.3,0.3,0.0,light,True,8.7,74.0,12.21
5f49495d26664845cc06af4ebdac1864,Kuala Lumpur,MY,2025-08-18,Asia,Tropical,2025,8,August,Monday,Summer,33.0,24.1,28.0,8.9,3.3,3.3,0.0,moderate,True,8.7,73.0,12.21
3d0061fcf2efb6e1ccb70bcbd4362d41,Kuala Lumpur,MY,2025-08-19,Asia,Tropical,2025,8,August,Tuesday,Summer,31.5,23.2,27.5,8.3,1.5,1.5,0.0,light,True,6.5,74.0,12.21
15720c51a050955b1667bb9803d62732,Kuala Lumpur,MY,2025-08-20,Asia,Tropical,2025,8,August,Wednesday,Summer,32.2,23.1,27.3,9.1,2.6,2.6,0.0,moderate,True,6.7,79.0,12.21
a606be3a58b022d54d0299c06443f87c,Kuala Lumpur,MY,2025-08-21,Asia,Tropical,2025,8,August,Thursday,Summer,29.8,23.2,26.7,6.6,4.0,4.0,0.0,moderate,True,7.3,77.0,12.2
5632ba6313625e6aa9e518cafa9773aa,Kuala Lumpur,MY,2025-08-22,Asia,Tropical,2025,8,August,Friday,Summer,35.5,23.3,29.3,12.2,0.0,0.0,0.0,dry,False,10.2,59.0,12.2
4301900aee3c3231242aac4d11013712,Kuala Lumpur,MY,2025-08-23,Asia,Tropical,2025,8,August,Saturday,Summer,37.8,23.0,30.4,14.8,7.9,7.9,0.0,heavy,True,13.6,56.0,12.2
ef9b327e8794bd05853842a3ac703cac,Kuala Lumpur,MY,2025-08-24,Asia,Tropical,2025,8,August,Sunday,Summer,33.5,24.2,28.3,9.3,1.2,1.2,0.0,light,True,11.0,70.0,12.19
18f1442fd21e332c1eeeaaffca43fa0c,Kuala Lumpur,MY,2025-08-25,Asia,Tropical,2025,8,August,Monday,Summer,34.4,23.8,29.0,10.6,0.0,0.0,0.0,dry,False,9.7,67.0,12.19
58fba762019cb0cecc2fe02800d6425b,Kuala Lumpur,MY,2025-08-26,Asia,Tropical,2025,8,August,Tuesday,Summer,35.9,25.1,29.8,10.8,0.0,0.0,0.0,dry,False,8.7,61.0,12.19
7327971f292cd1382c5635112d0c4884,Kuala Lumpur,MY,2025-08-27,Asia,Tropical,2025,8,August,Wednesday,Summer,35.1,22.8,29.5,12.3,7.5,7.5,0.0,moderate,True,15.6,65.0,12.19
f6f4c9bde37a72549670089444b8ead2,Kuala Lumpur,MY,2025-08-28,Asia,Tropical,2025,8,August,Thursday,Summer,28.7,23.3,26.0,5.4,20.6,20.6,0.0,heavy,True,13.7,80.0,12.18
46aef5e85fbb8f76fa259b799d3c2494,Kuala Lumpur,MY,2025-08-29,Asia,Tropical,2025,8,August,Friday,Summer,30.4,24.1,27.1,6.3,4.8,4.8,0.0,moderate,True,11.8,83.0,12.18
d4e21a4337a39b3f0d294e2b382b2430,Kuala Lumpur,MY,2025-08-30,Asia,Tropical,2025,8,August,Saturday,Summer,32.8,23.2,27.7,9.6,0.1,0.1,0.0,light,True,10.1,77.0,12.18
f8b8e91f562cf968966b7feba87f289c,Kuala Lumpur,MY,2025-08-31,Asia,Tropical,2025,8,August,Sunday,Summer,32.4,24.0,27.9,8.4,1.4,1.4,0.0,light,True,8.1,80.0,12.18
00929cd2e92967240d9862788aac1c4d,Kuala Lumpur,MY,2025-09-01,Asia,Tropical,2025,9,September,Monday,Autumn,31.8,23.4,27.2,8.4,3.3,3.3,0.0,moderate,True,8.1,80.0,12.17
266a907b9c38dad89e1bd5085b00f993,Kuala Lumpur,MY,2025-09-02,Asia,Tropical,2025,9,September,Tuesday,Autumn,32.1,24.7,27.5,7.4,2.4,2.4,0.0,light,True,7.7,81.0,12.17
3380267e8d53dbae7fa96c5af2e0a18c,Kuala Lumpur,MY,2025-09-03,Asia,Tropical,2025,9,September,Wednesday,Autumn,31.3,23.2,27.3,8.1,5.3,5.3,0.0,moderate,True,7.6,82.0,12.17
6929e1e621d0c41f769da6c575180a29,Kuala Lumpur,MY,2025-09-04,Asia,Tropical,2025,9,September,Thursday,Autumn,29.4,24.5,26.6,4.9,6.8,6.8,0.0,moderate,True,9.4,84.0,12.16
7e72d6fc6c2d9dcfeb94fe87245c68b2,Kuala Lumpur,MY,2025-09-05,Asia,Tropical,2025,9,September,Friday,Autumn,31.7,23.8,26.9,7.9,3.6,3.6,0.0,moderate,True,12.5,84.0,12.16
9ab1ca2b44392295b17193a0225a1e9c,Kuala Lumpur,MY,2025-09-06,Asia,Tropical,2025,9,September,Saturday,Autumn,32.5,23.7,27.9,8.8,3.0,3.0,0.0,moderate,True,8.1,78.0,12.16
7da2ae4b64a2d5217a94dff943364d2e,Kuala Lumpur,MY,2025-09-07,Asia,Tropical,2025,9,September,Sunday,Autumn,31.8,23.1,27.5,8.7,5.9,5.9,0.0,moderate,True,9.5,77.0,12.16
636179a68f2deae8e17becdceafd200d,Kuala Lumpur,MY,2025-09-08,Asia,Tropical,2025,9,September,Monday,Autumn,32.4,24.5,28.2,7.9,0.5,0.5,0.0,light,True,9.3,76.0,12.15
6dcf23df9517a43f90d5f7a806422d94,Kuala Lumpur,MY,2025-09-09,Asia,Tropical,2025,9,September,Tuesday,Autumn,29.8,24.3,26.7,5.5,1.5,1.5,0.0,light,True,7.6,76.0,12.15
c751905add893b4ab4fe068e2e379aba,Kuala Lumpur,MY,2025-09-10,Asia,Tropical,2025,9,September,Wednesday,Autumn,32.4,23.1,27.4,9.3,3.9,3.9,0.0,moderate,True,6.0,76.0,12.15
3c528101ea5d41e155449b452dcbb16b,Kuala Lumpur,MY,2025-09-11,Asia,Tropical,2025,9,September,Thursday,Autumn,32.3,23.6,26.9,8.7,11.9,11.9,0.0,heavy,True,10.1,85.0,12.14
49d9ce3c203a15611a759a558d6f8134,Kuala Lumpur,MY,2025-09-12,Asia,Tropical,2025,9,September,Friday,Autumn,31.4,23.3,26.1,8.1,6.6,6.6,0.0,moderate,True,13.9,84.0,12.14
514dd852125de6d204fc98749fe22fa8,Kuala Lumpur,MY,2025-09-13,Asia,Tropical,2025,9,September,Saturday,Autumn,30.0,23.4,26.1,6.6,5.4,5.4,0.0,moderate,True,10.6,86.0,12.14
9d64abf0fef80aae456bd59767a8cad5,Kuala Lumpur,MY,2025-09-14,Asia,Tropical,2025,9,September,Sunday,Autumn,32.8,23.2,27.8,9.6,0.4,0.4,0.0,light,True,15.1,77.0,12.14
3d8b6bd54f4aeca2f2f9b8d568a2e5df,Kuala Lumpur,MY,2025-09-15,Asia,Tropical,2025,9,September,Monday,Autumn,32.6,23.2,27.3,9.4,3.0,3.0,0.0,moderate,True,8.0,75.0,12.13
744c2ca15246e26e2d9313c1d7dfb168,Kuala Lumpur,MY,2025-09-16,Asia,Tropical,2025,9,September,Tuesday,Autumn,32.8,22.6,27.9,10.2,1.4,1.4,0.0,light,True,10.9,74.0,12.13
2577000e6311a01417ee3c5b70e2a5ac,Kuala Lumpur,MY,2025-09-17,Asia,Tropical,2025,9,September,Wednesday,Autumn,30.2,22.8,26.1,7.4,14.2,14.2,0.0,heavy,True,9.5,83.0,12.13
18011665c2df3a74deb8c7ebd51034df,Kuala Lumpur,MY,2025-09-18,Asia,Tropical,2025,9,September,Thursday,Autumn,32.4,23.3,27.6,9.1,0.1,0.1,0.0,light,True,7.4,76.0,12.12
dee2253e5326ae941ba11cfd7a43404c,Kuala Lumpur,MY,2025-09-19,Asia,Tropical,2025,9,September,Friday,Autumn,33.7,23.7,27.9,10.0,0.0,0.0,0.0,dry,False,5.5,74.0,12.12
a62f1d087e9d0014731781a2cdd33fb3,Kuala Lumpur,MY,2025-09-20,Asia,Tropical,2025,9,September,Saturday,Autumn,36.2,23.7,28.6,12.5,8.9,8.9,0.0,heavy,True,7.6,71.0,12.12
18ad4a61f22c3034fdf75153620105f8,Kuala Lumpur,MY,2025-09-21,Asia,Tropical,2025,9,September,Sunday,Autumn,35.4,24.1,29.4,11.3,0.4,0.4,0.0,light,True,9.8,69.0,12.12
7080401664fd9ce72cdd55fe5d78b52d,Kuala Lumpur,MY,2025-09-22,Asia,Tropical,2025,9,September,Monday,Autumn,35.0,25.2,29.6,9.8,1.3,1.3,0.0,light,True,11.1,68.0,12.11
6a34e6221d5f4ab16667178265d39740,Kuala Lumpur,MY,2025-09-23,Asia,Tropical,2025,9,September,Tuesday,Autumn,36.3,24.0,29.7,12.3,0.7,0.7,0.0,light,True,9.4,67.0,12.11
c8a646db3f20b0536fb6be566403d7fa,Kuala Lumpur,MY,2025-09-24,Asia,Tropical,2025,9,September,Wednesday,Autumn,36.1,24.9,30.1,11.2,0.1,0.1,0.0,light,True,12.7,67.0,12.11
99fef9e67aede5a5e928be0f6535da7f,Kuala Lumpur,MY,2025-09-25,Asia,Tropical,2025,9,September,Thursday,Autumn,36.8,25.2,30.1,11.6,2.6,2.6,0.0,moderate,True,9.4,67.0,12.1
18fdd5a58ac3e2b3d81b9534953de3a7,Kuala Lumpur,MY,2025-09-26,Asia,Tropical,2025,9,September,Friday,Autumn,36.1,25.5,29.5,10.6,1.9,1.9,0.0,light,True,14.9,71.0,12.1
ceb2d03148cd11e730ae6d4b36b4774e,Kuala Lumpur,MY,2025-09-27,Asia,Tropical,2025,9,September,Saturday,Autumn,33.5,25.5,28.3,8.0,6.5,6.5,0.0,moderate,True,9.9,79.0,12.1
2a84790e4d8a4a269fccdb253dfadb79,Kuala Lumpur,MY,2025-09-28,Asia,Tropical,2025,9,September,Sunday,Autumn,27.9,23.0,25.8,4.9,32.5,32.5,0.0,heavy,True,8.5,89.0,12.1
2095ecfd910ff112c1dc654094220891,Kuala Lumpur,MY,2025-09-29,Asia,Tropical,2025,9,September,Monday,Autumn,31.5,24.1,27.3,7.4,0.2,0.2,0.0,light,True,10.8,78.0,12.09
ae77b878033f2ef5ad06e26140df4626,Kuala Lumpur,MY,2025-09-30,Asia,Tropical,2025,9,September,Tuesday,Autumn,33.0,24.4,28.3,8.6,0.0,0.0,0.0,dry,False,6.3,72.0,12.09
01d9c531305a781826178f502f9e3fe6,Kuala Lumpur,MY,2025-10-01,Asia,Tropical,2025,10,October,Wednesday,Autumn,31.6,24.3,26.5,7.3,10.4,10.4,0.0,heavy,True,12.7,81.0,12.09
44967246dcd5d2c53d90e064adf77feb,Kuala Lumpur,MY,2025-10-02,Asia,Tropical,2025,10,October,Thursday,Autumn,33.2,21.9,26.6,11.3,3.2,3.2,0.0,moderate,True,5.2,81.0,12.08
7c395332106fddda8d068192d6e1103f,Kuala Lumpur,MY,2025-10-03,Asia,Tropical,2025,10,October,Friday,Autumn,28.0,23.5,25.4,4.5,17.6,17.6,0.0,heavy,True,9.4,88.0,12.08
b01cc00915865d2e84e2a63e5aa333f3,Kuala Lumpur,MY,2025-10-04,Asia,Tropical,2025,10,October,Saturday,Autumn,32.2,22.5,27.3,9.7,3.6,3.6,0.0,moderate,True,7.6,78.0,12.08
2088bc23a0dbf532150bf223d4cab12c,Kuala Lumpur,MY,2025-10-05,Asia,Tropical,2025,10,October,Sunday,Autumn,34.1,23.4,28.0,10.7,0.3,0.3,0.0,light,True,13.8,76.0,12.08
c511f776f2fd62d18f61525c424a27e2,Kuala Lumpur,MY,2025-10-06,Asia,Tropical,2025,10,October,Monday,Autumn,32.9,24.5,26.8,8.4,19.2,19.2,0.0,heavy,True,12.3,85.0,12.07
e51b200966a39c72d39ef055ae438eeb,Kuala Lumpur,MY,2025-10-07,Asia,Tropical,2025,10,October,Tuesday,Autumn,30.7,22.7,26.8,8.0,5.5,5.5,0.0,moderate,True,10.4,80.0,12.07
c2066331857829325b4effc83a4e9732,Kuala Lumpur,MY,2025-10-08,Asia,Tropical,2025,10,October,Wednesday,Autumn,31.7,23.4,27.5,8.3,0.1,0.1,0.0,light,True,8.3,79.0,12.07
a3f9094b30e31b9ccf9563a7a408f966,Kuala Lumpur,MY,2025-10-09,Asia,Tropical,2025,10,October,Thursday,Autumn,32.9,24.0,28.0,8.9,0.1,0.1,0.0,light,True,12.5,73.0,12.07
de36beec4c471137f53e6bcd3cc7723b,Kuala Lumpur,MY,2025-10-10,Asia,Tropical,2025,10,October,Friday,Autumn,33.3,24.4,28.2,8.9,0.9,0.9,0.0,light,True,13.0,71.0,12.06
32c20884c9c352172d88405bdcd64769,Kuala Lumpur,MY,2025-10-11,Asia,Tropical,2025,10,October,Saturday,Autumn,33.8,24.4,28.6,9.4,7.2,7.2,0.0,moderate,True,9.1,70.0,12.06
791995bebd9cf73392426881847d6497,Kuala Lumpur,MY,2025-10-12,Asia,Tropical,2025,10,October,Sunday,Autumn,29.9,24.8,26.6,5.1,9.8,9.8,0.0,heavy,True,10.7,84.0,12.06
fa8da097edc641e621cbefea5333d1f9,Kuala Lumpur,MY,2025-10-13,Asia,Tropical,2025,10,October,Monday,Autumn,33.4,23.6,28.2,9.8,1.6,1.6,0.0,light,True,10.9,76.0,12.05
10032d2f9ae12c246611dc15939a0940,Kuala Lumpur,MY,2025-10-14,Asia,Tropical,2025,10,October,Tuesday,Autumn,34.5,24.4,28.4,10.1,7.2,7.2,0.0,moderate,True,11.0,73.0,12.05
86b2ac413f60f46d560487c50af2133a,Kuala Lumpur,MY,2025-10-15,Asia,Tropical,2025,10,October,Wednesday,Autumn,35.4,24.4,28.5,11.0,6.2,6.2,0.0,moderate,True,16.6,77.0,12.05
b9b78b4feebe985cf24baccecbfc4a7a,Kuala Lumpur,MY,2025-10-16,Asia,Tropical,2025,10,October,Thursday,Autumn,33.0,24.5,27.6,8.5,14.6,14.6,0.0,heavy,True,18.1,82.0,12.05
90de27472481ff2522928a5b29e6c775,Kuala Lumpur,MY,2025-10-17,Asia,Tropical,2025,10,October,Friday,Autumn,32.2,24.2,27.2,8.0,7.0,7.0,0.0,moderate,True,7.8,84.0,12.04
fef15c97bcbc2c30cceb16d4db957043,Kuala Lumpur,MY,2025-10-18,Asia,Tropical,2025,10,October,Saturday,Autumn,32.6,24.2,27.9,8.4,0.4,0.4,0.0,light,True,8.4,80.0,12.04
b128d979aae0a2ab1149502d9b676458,Kuala Lumpur,MY,2025-10-19,Asia,Tropical,2025,10,October,Sunday,Autumn,31.1,25.0,27.4,6.1,0.6,0.6,0.0,light,True,8.4,82.0,12.04
6bec32ac3d5ed1b3b01f5f2102bd4536,Kuala Lumpur,MY,2025-10-20,Asia,Tropical,2025,10,October,Monday,Autumn,30.8,24.1,26.6,6.7,8.5,8.5,0.0,heavy,True,14.7,84.0,12.04
ef8eab156921d94feda7998370231569,Kuala Lumpur,MY,2025-10-21,Asia,Tropical,2025,10,October,Tuesday,Autumn,32.1,23.7,27.4,8.4,3.7,3.7,0.0,moderate,True,13.1,78.0,12.03
1522c1b8da915e060efc7a543dd86626,Kuala Lumpur,MY,2025-10-22,Asia,Tropical,2025,10,October,Wednesday,Autumn,28.8,24.1,26.1,4.7,6.0,6.0,0.0,moderate,True,19.3,81.0,12.03
3ea3a9dde5efee695567caff676c992c,Kuala Lumpur,MY,2025-10-23,Asia,Tropical,2025,10,October,Thursday,Autumn,29.2,23.9,25.4,5.3,13.6,13.6,0.0,heavy,True,13.6,84.0,12.03
d967c38995dcba61dbb3a45e10123d54,Kuala Lumpur,MY,2025-10-24,Asia,Tropical,2025,10,October,Friday,Autumn,29.5,23.6,25.9,5.9,19.0,19.0,0.0,heavy,True,14.6,85.0,12.03
9baef6da33f21feaff8fe10a667d53e0,Kuala Lumpur,MY,2025-10-25,Asia,Tropical,2025,10,October,Saturday,Autumn,31.5,23.5,27.0,8.0,0.4,0.4,0.0,light,True,10.8,79.0,12.02
100c5c6ce28a011d54a516060516d705,Kuala Lumpur,MY,2025-10-26,Asia,Tropical,2025,10,October,Sunday,Autumn,33.3,24.2,28.4,9.1,0.0,0.0,0.0,dry,False,7.9,74.0,12.02
7a1888d2a06a566add15df113d98a40f,Kuala Lumpur,MY,2025-10-27,Asia,Tropical,2025,10,October,Monday,Autumn,33.7,24.5,28.7,9.2,0.4,0.4,0.0,light,True,11.4,74.0,12.02
9d8055a514a29c47b138141c2c6a4aa0,Kuala Lumpur,MY,2025-10-28,Asia,Tropical,2025,10,October,Tuesday,Autumn,34.5,25.9,29.5,8.6,0.2,0.2,0.0,light,True,14.3,72.0,12.02
4366b1e07a19d3f70a0d90fc7f95fd0a,Kuala Lumpur,MY,2025-10-29,Asia,Tropical,2025,10,October,Wednesday,Autumn,34.9,26.0,29.9,8.9,0.1,0.1,0.0,light,True,15.3,65.0,12.01
d7bb55970439b48f01040ba63566dafd,Kuala Lumpur,MY,2025-10-30,Asia,Tropical,2025,10,October,Thursday,Autumn,34.7,25.7,30.0,9.0,0.5,0.5,0.0,light,True,12.1,63.0,12.01
d96420e827fc70fb286a46727db2ddcc,Kuala Lumpur,MY,2025-10-31,Asia,Tropical,2025,10,October,Friday,Autumn,37.3,25.7,31.3,11.6,0.0,0.0,0.0,dry,False,10.9,54.0,12.01
2262a602ca8991b26484937a8d7f01a2,Kuala Lumpur,MY,2025-11-01,Asia,Tropical,2025,11,November,Saturday,Autumn,36.5,26.4,30.4,10.1,1.5,1.5,0.0,light,True,11.9,62.0,12.01
f7287c1996aa4e364b0a2f8107a07ce2,Kuala Lumpur,MY,2025-11-02,Asia,Tropical,2025,11,November,Sunday,Autumn,34.0,26.2,29.0,7.8,4.4,4.4,0.0,moderate,True,6.9,75.0,12.0
20d161101c371b91617a8298966e83ab,Kuala Lumpur,MY,2025-11-03,Asia,Tropical,2025,11,November,Monday,Autumn,35.4,23.8,29.2,11.6,9.7,9.7,0.0,heavy,True,11.2,71.0,12.0
db4c8e5796623655896d60560f78f936,Kuala Lumpur,MY,2025-11-04,Asia,Tropical,2025,11,November,Tuesday,Autumn,34.4,24.6,28.5,9.8,1.0,1.0,0.0,light,True,15.1,74.0,12.0
fdaecc4bc77669e5dd8adec40653d854,Kuala Lumpur,MY,2025-11-05,Asia,Tropical,2025,11,November,Wednesday,Autumn,35.6,25.5,30.1,10.1,0.2,0.2,0.0,light,True,12.1,63.0,12.0
fcd572a0a2c19d118e8ccc63293e5cba,Kuala Lumpur,MY,2025-11-06,Asia,Tropical,2025,11,November,Thursday,Autumn,34.9,27.3,30.8,7.6,0.0,0.0,0.0,dry,False,13.0,57.0,12.0
971886ca269d65cc98ef63c98397f572,Kuala Lumpur,MY,2025-11-07,Asia,Tropical,2025,11,November,Friday,Autumn,35.5,26.0,29.7,9.5,2.4,2.4,0.0,light,True,15.2,63.0,11.99
e49674e80532956580728f59981c435d,Kuala Lumpur,MY,2025-11-08,Asia,Tropical,2025,11,November,Saturday,Autumn,37.3,26.8,31.3,10.5,0.0,0.0,0.0,dry,False,15.3,55.0,11.99
537f5000ff18ce5ff811b6765830d05b,Kuala Lumpur,MY,2025-11-09,Asia,Tropical,2025,11,November,Sunday,Autumn,34.8,27.7,30.3,7.1,1.1,1.1,0.0,light,True,10.7,62.0,11.99
eca3fa76b9814c4cc16d6bf55f3331cd,Kuala Lumpur,MY,2025-11-10,Asia,Tropical,2025,11,November,Monday,Autumn,31.0,23.2,27.5,7.8,8.3,8.3,0.0,heavy,True,13.2,78.0,11.99
e63e40ced2bd0d51cfa2e61a6ad1c3b4,Kuala Lumpur,MY,2025-11-11,Asia,Tropical,2025,11,November,Tuesday,Autumn,30.5,24.4,26.9,6.1,12.7,12.7,0.0,heavy,True,12.5,80.0,11.99
79c3bd90528f88abd0933519bf3de148,Kuala Lumpur,MY,2025-11-12,Asia,Tropical,2025,11,November,Wednesday,Autumn,32.9,23.9,26.9,9.0,28.4,28.4,0.0,heavy,True,13.5,83.0,11.98
e83cf8d3bd4607ab6bc77104911291aa,Kuala Lumpur,MY,2025-11-13,Asia,Tropical,2025,11,November,Thursday,Autumn,31.0,23.9,26.4,7.1,14.5,14.5,0.0,heavy,True,11.5,86.0,11.98
cf565456b04f28a8617afa8c883d0d52,Kuala Lumpur,MY,2025-11-14,Asia,Tropical,2025,11,November,Friday,Autumn,31.9,23.2,26.6,8.7,5.1,5.1,0.0,moderate,True,6.3,85.0,11.98
fb058399c86de518df436970a8118a71,Kuala Lumpur,MY,2025-11-15,Asia,Tropical,2025,11,November,Saturday,Autumn,30.9,23.9,26.1,7.0,23.1,23.1,0.0,heavy,True,6.1,88.0,11.98
4c935ae7f1b69f3d97c64c4f87a2fd5f,Kuala Lumpur,MY,2025-11-16,Asia,Tropical,2025,11,November,Sunday,Autumn,31.5,23.2,26.1,8.3,21.4,21.4,0.0,heavy,True,8.5,86.0,11.98
92f52b70008092f750dec7c9020c2d87,Kuala Lumpur,MY,2025-11-17,Asia,Tropical,2025,11,November,Monday,Autumn,30.8,23.7,26.7,7.1,8.8,8.8,0.0,heavy,True,9.0,86.0,11.97
10e63a1f1735ef8e80f3720b5e8b58b0,Kuala Lumpur,MY,2025-11-18,Asia,Tropical,2025,11,November,Tuesday,Autumn,31.5,23.3,26.4,8.2,9.6,9.6,0.0,heavy,True,9.2,86.0,11.97
c52bed710dfbefd36198e02c58c5aee2,Kuala Lumpur,MY,2025-11-19,Asia,Tropical,2025,11,November,Wednesday,Autumn,31.4,24.2,25.8,7.2,13.2,13.2,0.0,heavy,True,11.9,88.0,11.97
a07b1b56a32fc3273c85ff7c310c38f0,Kuala Lumpur,MY,2025-11-20,Asia,Tropical,2025,11,November,Thursday,Autumn,30.0,23.2,25.9,6.8,15.1,15.1,0.0,heavy,True,10.9,87.0,11.97
2b146ebf8cd5c05c1869407ebd6bd23e,Kuala Lumpur,MY,2025-11-21,Asia,Tropical,2025,11,November,Friday,Autumn,30.8,23.4,26.2,7.4,24.3,24.3,0.0,heavy,True,8.7,89.0,11.97
887ec37ef01e1a5d728c5c53682157a6,Kuala Lumpur,MY,2025-11-22,Asia,Tropical,2025,11,November,Saturday,Autumn,32.0,24.0,26.5,8.0,10.8,10.8,0.0,heavy,True,6.8,87.0,11.97
eab637a1eb9b68d0dc8c6d33a3b423e5,Kuala Lumpur,MY,2025-11-23,Asia,Tropical,2025,11,November,Sunday,Autumn,29.0,23.8,25.6,5.2,22.6,22.6,0.0,heavy,True,12.1,89.0,11.96
4393483a0277f3f0a68a101c4ebab09b,Kuala Lumpur,MY,2025-11-24,Asia,Tropical,2025,11,November,Monday,Autumn,27.0,23.6,24.8,3.4,50.9,50.9,0.0,heavy,True,15.2,94.0,11.96
86c3a94d10165398bf6c7461c6fcce1b,Kuala Lumpur,MY,2025-11-25,Asia,Tropical,2025,11,November,Tuesday,Autumn,29.8,23.6,25.4,6.2,20.1,20.1,0.0,heavy,True,11.0,91.0,11.96
5a118b253542e158945a48f66f702b8f,Kuala Lumpur,MY,2025-11-26,Asia,Tropical,2025,11,November,Wednesday,Autumn,31.4,24.0,26.7,7.4,4.8,4.8,0.0,moderate,True,11.7,83.0,11.96
e878c51376d96584262dd56be1161478,Kuala Lumpur,MY,2025-11-27,Asia,Tropical,2025,11,November,Thursday,Autumn,27.7,23.5,25.0,4.2,50.8,50.8,0.0,heavy,True,12.1,92.0,11.96
0ce66e39b3825586e4f6164bda22bc01,Kuala Lumpur,MY,2025-11-28,Asia,Tropical,2025,11,November,Friday,Autumn,24.6,22.7,23.6,1.9,37.9,37.9,0.0,heavy,True,19.5,91.0,11.96
78e66a5ae9d1343a85c3f8ea67e35251,Kuala Lumpur,MY,2025-11-29,Asia,Tropical,2025,11,November,Saturday,Autumn,31.4,22.5,26.1,8.9,0.0,0.0,0.0,dry,False,8.5,79.0,11.96
2b97d96bfa1594bb59eb9e3622a5f545,Kuala Lumpur,MY,2025-11-30,Asia,Tropical,2025,11,November,Sunday,Autumn,32.5,22.7,27.3,9.8,0.3,0.3,0.0,light,True,8.3,79.0,11.95
9cf1ad747858e6d4f2536a46d6207dbd,Kuala Lumpur,MY,2025-12-01,Asia,Tropical,2025,12,December,Monday,Winter,32.8,22.4,27.4,10.4,0.0,0.0,0.0,dry,False,7.3,78.0,11.95
a8bdcb8c1f87399b264000b652602025,Kuala Lumpur,MY,2025-12-02,Asia,Tropical,2025,12,December,Tuesday,Winter,32.8,23.8,27.5,9.0,0.6,0.6,0.0,light,True,8.0,77.0,11.95
50a06be8feb5c227a2f9fd7ede911cc9,Kuala Lumpur,MY,2025-12-03,Asia,Tropical,2025,12,December,Wednesday,Winter,32.3,23.5,26.9,8.8,15.8,15.8,0.0,heavy,True,12.6,84.0,11.95
6b8a02cb392f9a9f3b82fba4d819ea27,Kuala Lumpur,MY,2025-12-04,Asia,Tropical,2025,12,December,Thursday,Winter,30.4,23.2,25.7,7.2,3.7,3.7,0.0,moderate,True,6.3,88.0,11.95
0f796787e2615fb04c7ca5041c8c75d7,Kuala Lumpur,MY,2025-12-05,Asia,Tropical,2025,12,December,Friday,Winter,32.2,22.7,26.6,9.5,20.5,20.5,0.0,heavy,True,8.9,85.0,11.95
a757270eeb1df02ee20faa6d541cb71e,Kuala Lumpur,MY,2025-12-06,Asia,Tropical,2025,12,December,Saturday,Winter,32.0,23.6,27.0,8.4,0.3,0.3,0.0,light,True,15.1,80.0,11.95
cafc9fbdb73bc80449af82e56d7936cc,Kuala Lumpur,MY,2025-12-07,Asia,Tropical,2025,12,December,Sunday,Winter,32.9,23.2,27.2,9.7,0.9,0.9,0.0,light,True,10.2,79.0,11.95
21cf0148ad07d24c4c546504cb41cd39,Kuala Lumpur,MY,2025-12-08,Asia,Tropical,2025,12,December,Monday,Winter,32.4,22.4,26.9,10.0,1.1,1.1,0.0,light,True,7.6,79.0,11.95
aa858e4152bb254d54577a798938322c,Kuala Lumpur,MY,2025-12-09,Asia,Tropical,2025,12,December,Tuesday,Winter,32.2,22.8,27.0,9.4,0.8,0.8,0.0,light,True,9.0,78.0,11.94
445cc05dd1becb85a12c7405dd738346,Kuala Lumpur,MY,2025-12-10,Asia,Tropical,2025,12,December,Wednesday,Winter,32.2,23.4,26.9,8.8,0.4,0.4,0.0,light,True,12.3,78.0,11.94
e8e613d135933cb653fb0ad5a43bd319,Kuala Lumpur,MY,2025-12-11,Asia,Tropical,2025,12,December,Thursday,Winter,32.4,23.0,27.3,9.4,2.2,2.2,0.0,light,True,6.4,80.0,11.94
6258a4bfd52e6eed3432ba474995fd1b,Kuala Lumpur,MY,2025-12-12,Asia,Tropical,2025,12,December,Friday,Winter,33.5,24.1,27.6,9.4,11.6,11.6,0.0,heavy,True,7.2,78.0,11.94
657d6bd52eb7b19e0207ea6033305fb9,Kuala Lumpur,MY,2025-12-13,Asia,Tropical,2025,12,December,Saturday,Winter,32.2,24.0,26.2,8.2,25.4,25.4,0.0,heavy,True,5.5,86.0,11.94
1c91590a8d1dd2ea0483fe8b3f150739,Kuala Lumpur,MY,2025-12-14,Asia,Tropical,2025,12,December,Sunday,Winter,28.4,23.5,25.6,4.9,17.6,17.6,0.0,heavy,True,6.5,90.0,11.94
7441452b69f533f6cdaca7758e0f5491,Kuala Lumpur,MY,2025-12-15,Asia,Tropical,2025,12,December,Monday,Winter,29.1,23.9,24.9,5.2,15.2,15.2,0.0,heavy,True,7.8,92.0,11.94
f8d97ff71061500f2f0d03b0d7b8ff30,Kuala Lumpur,MY,2025-12-16,Asia,Tropical,2025,12,December,Tuesday,Winter,27.2,22.5,24.7,4.7,26.8,26.8,0.0,heavy,True,6.1,92.0,11.94
780530c840fe5f68d8bd0894b621bdc0,Kuala Lumpur,MY,2025-12-17,Asia,Tropical,2025,12,December,Wednesday,Winter,26.2,23.6,24.5,2.6,32.2,32.2,0.0,heavy,True,7.3,95.0,11.94
62427d666b83df5282211628be7a1ff1,Kuala Lumpur,MY,2025-12-18,Asia,Tropical,2025,12,December,Thursday,Winter,28.8,23.1,25.3,5.7,12.0,12.0,0.0,heavy,True,8.8,90.0,11.94
12d5c52dc6e7379fb3e98a4395274b1f,Kuala Lumpur,MY,2025-12-19,Asia,Tropical,2025,12,December,Friday,Winter,30.2,23.9,25.9,6.3,14.4,14.4,0.0,heavy,True,7.1,88.0,11.94
6c1db37fdcb434535d216696b5b1c349,Kuala Lumpur,MY,2025-12-20,Asia,Tropical,2025,12,December,Saturday,Winter,32.8,23.1,27.1,9.7,1.7,1.7,0.0,light,True,10.2,83.0,11.94
488abdfa7fff75fd794a5a7c2609fbf8,Kuala Lumpur,MY,2025-12-21,Asia,Tropical,2025,12,December,Sunday,Winter,33.0,23.7,27.2,9.3,9.5,9.5,0.0,heavy,True,15.4,83.0,11.94
61a3ad960d882377cd5b08838bb96ae3,Kuala Lumpur,MY,2025-12-22,Asia,Tropical,2025,12,December,Monday,Winter,32.8,23.0,26.9,9.8,8.4,8.4,0.0,heavy,True,11.9,82.0,11.94
02ab3e6bf41d6264bc23e3efa4905a3b,Kuala Lumpur,MY,2025-12-23,Asia,Tropical,2025,12,December,Tuesday,Winter,32.2,23.3,27.2,8.9,3.0,3.0,0.0,moderate,True,6.1,83.0,11.94
9915f5f7045d9ef97a939297b8fca501,Kuala Lumpur,MY,2025-12-24,Asia,Tropical,2025,12,December,Wednesday,Winter,34.3,23.3,27.8,11.0,1.3,1.3,0.0,light,True,9.0,78.0,11.94
59fcdc4bf591484b9ca2af00234d38cd,Kuala Lumpur,MY,2025-12-25,Asia,Tropical,2025,12,December,Thursday,Winter,31.9,23.9,26.6,8.0,23.6,23.6,0.0,heavy,True,8.9,86.0,11.94
505cdc57e4206dde551991b82c403362,Kuala Lumpur,MY,2025-12-26,Asia,Tropical,2025,12,December,Friday,Winter,32.4,22.9,26.2,9.5,27.7,27.7,0.0,heavy,True,11.2,87.0,11.94
8d584309e114221ec9e551ac4c8bab9d,Kuala Lumpur,MY,2025-12-27,Asia,Tropical,2025,12,December,Saturday,Winter,29.9,23.5,26.1,6.4,21.5,21.5,0.0,heavy,True,7.8,88.0,11.94
fcf0613d4562a587c890f9b9d1e9dfb5,Kuala Lumpur,MY,2025-12-28,Asia,Tropical,2025,12,December,Sunday,Winter,30.3,24.6,26.7,5.7,23.1,23.1,0.0,heavy,True,7.3,85.0,11.94
8e2fb3d6ca80a2c311248a818676e28a,Kuala Lumpur,MY,2025-12-29,Asia,Tropical,2025,12,December,Monday,Winter,31.3,24.3,27.0,7.0,1.6,1.6,0.0,light,True,10.6,84.0,11.94
d4f88319af8de1fd1a15dea087e991e4,Kuala Lumpur,MY,2025-12-30,Asia,Tropical,2025,12,December,Tuesday,Winter,30.9,23.9,26.4,7.0,12.3,12.3,0.0,heavy,True,11.0,85.0,11.94
e16be61e0e74cbf832cfc965b87ad199,Kuala Lumpur,MY,2025-12-31,Asia,Tropical,2025,12,December,Wednesday,Winter,31.8,23.0,26.2,8.8,20.8,20.8,0.0,heavy,True,15.7,87.0,11.94
c277be77f36578477e0c8d689b7da6de,Kuala Lumpur,MY,2026-01-01,Asia,Tropical,2026,1,January,Thursday,Winter,30.2,23.7,26.0,6.5,8.1,8.1,0.0,heavy,True,7.1,88.0,11.94
a7b4a446be27724106b1687af37869b5,Kuala Lumpur,MY,2026-01-02,Asia,Tropical,2026,1,January,Friday,Winter,31.3,23.0,25.6,8.3,22.7,22.7,0.0,heavy,True,10.8,88.0,11.94
74dbdfad5dff9d083a0ddbf59f0fd048,Kuala Lumpur,MY,2026-01-03,Asia,Tropical,2026,1,January,Saturday,Winter,31.9,22.6,25.8,9.3,9.3,9.3,0.0,heavy,True,15.0,84.0,11.94
6a0af9069012006e24f8bfdfa5469ff6,Kuala Lumpur,MY,2026-01-04,Asia,Tropical,2026,1,January,Sunday,Winter,31.6,22.6,26.6,9.0,0.1,0.1,0.0,light,True,11.4,72.0,11.95
2a42be422dba9e739b635c50e4b9e77a,Kuala Lumpur,MY,2026-01-05,Asia,Tropical,2026,1,January,Monday,Winter,32.8,22.7,27.0,10.1,0.9,0.9,0.0,light,True,7.0,75.0,11.95
1dace0c7399178a7b4c88b819b38c99a,Kuala Lumpur,MY,2026-01-06,Asia,Tropical,2026,1,January,Tuesday,Winter,31.2,24.2,27.2,7.0,0.0,0.0,0.0,dry,False,8.4,76.0,11.95
e4e076f2eef5cb43e44a9893a2083e8a,Kuala Lumpur,MY,2026-01-07,Asia,Tropical,2026,1,January,Wednesday,Winter,30.9,24.7,27.2,6.2,4.6,4.6,0.0,moderate,True,11.8,77.0,11.95
3a677134c08d59daf8c7fad7dbbe9d06,Kuala Lumpur,MY,2026-01-08,Asia,Tropical,2026,1,January,Thursday,Winter,32.2,24.4,27.3,7.8,0.5,0.5,0.0,light,True,10.2,73.0,11.95
25bc5a3483a099bffd4fc48d87bcdecb,Kuala Lumpur,MY,2026-01-09,Asia,Tropical,2026,1,January,Friday,Winter,32.0,23.4,26.7,8.6,9.1,9.1,0.0,heavy,True,8.2,78.0,11.95
e527ea3dc4cf9907c7cc0a40d858fff5,Kuala Lumpur,MY,2026-01-10,Asia,Tropical,2026,1,January,Saturday,Winter,31.6,22.7,26.5,8.9,1.2,1.2,0.0,light,True,9.3,80.0,11.95
0ee673b786f5875e3d8c2756ba8f68db,Kuala Lumpur,MY,2026-01-11,Asia,Tropical,2026,1,January,Sunday,Winter,31.5,22.9,26.5,8.6,2.1,2.1,0.0,light,True,7.0,80.0,11.95
954bcff52f198043255e907ed8218582,Kuala Lumpur,MY,2026-01-12,Asia,Tropical,2026,1,January,Monday,Winter,31.9,22.5,26.8,9.4,0.6,0.6,0.0,light,True,7.9,75.0,11.95
b88b0a5b61ee1b6f477567d56baff5fa,Kuala Lumpur,MY,2026-01-13,Asia,Tropical,2026,1,January,Tuesday,Winter,31.3,22.5,26.9,8.8,0.1,0.1,0.0,light,True,6.0,76.0,11.96
14b31190c60565e29c4acb01eb65539f,Kuala Lumpur,MY,2026-01-14,Asia,Tropical,2026,1,January,Wednesday,Winter,32.8,23.2,27.5,9.6,0.3,0.3,0.0,light,True,7.9,74.0,11.96
88a6e611a4821698db0b99f21792eb31,Kuala Lumpur,MY,2026-01-15,Asia,Tropical,2026,1,January,Thursday,Winter,32.2,22.9,27.3,9.3,1.9,1.9,0.0,light,True,7.9,78.0,11.96
2fb09a4e5a7dec46faab7d737f1315c4,Kuala Lumpur,MY,2026-01-16,Asia,Tropical,2026,1,January,Friday,Winter,33.7,23.8,28.1,9.9,0.7,0.7,0.0,light,True,9.1,72.0,11.96
10468fceace4f5876541914d78460d4a,Kuala Lumpur,MY,2026-01-17,Asia,Tropical,2026,1,January,Saturday,Winter,33.5,23.7,27.9,9.8,0.8,0.8,0.0,light,True,10.4,73.0,11.96
404f2ed2c2218faa57800c9925bdbc55,Kuala Lumpur,MY,2026-01-18,Asia,Tropical,2026,1,January,Sunday,Winter,34.7,23.7,28.5,11.0,0.7,0.7,0.0,light,True,9.6,66.0,11.96
65917c485f46b208e980bf97f5d4b944,Kuala Lumpur,MY,2026-01-19,Asia,Tropical,2026,1,January,Monday,Winter,33.8,23.9,27.6,9.9,3.2,3.2,0.0,moderate,True,9.2,71.0,11.96
716fae014c19e7e6715d0dfd958d86c2,Kuala Lumpur,MY,2026-01-20,Asia,Tropical,2026,1,January,Tuesday,Winter,29.8,22.9,26.4,6.9,0.0,0.0,0.0,dry,False,6.5,77.0,11.97
9d933d221b38d665aa467da184c3d86c,Kuala Lumpur,MY,2026-01-21,Asia,Tropical,2026,1,January,Wednesday,Winter,32.2,23.3,27.5,8.9,0.7,0.7,0.0,light,True,8.1,66.0,11.97
560484a94f7dfaf67f161871d85d3cf7,Kuala Lumpur,MY,2026-01-22,Asia,Tropical,2026,1,January,Thursday,Winter,34.0,23.3,28.5,10.7,0.0,0.0,0.0,dry,False,7.0,59.0,11.97
9d4d06ca27b819a6b2a3c68055a77f2c,Kuala Lumpur,MY,2026-01-23,Asia,Tropical,2026,1,January,Friday,Winter,35.6,23.8,29.1,11.8,0.3,0.3,0.0,light,True,7.6,53.0,11.97
33f5d7f2f0ab06a87767c21b28edc7f9,Kuala Lumpur,MY,2026-01-24,Asia,Tropical,2026,1,January,Saturday,Winter,36.1,24.3,29.5,11.8,0.1,0.1,0.0,light,True,15.1,53.0,11.97
77fc59ad613ca1b924ef26127efe337e,Kuala Lumpur,MY,2026-01-25,Asia,Tropical,2026,1,January,Sunday,Winter,35.4,24.8,29.4,10.6,0.2,0.2,0.0,light,True,14.3,54.0,11.97
f3d6f64158dba733b2d50c0c47c899fa,Kuala Lumpur,MY,2026-01-26,Asia,Tropical,2026,1,January,Monday,Winter,34.3,24.9,29.3,9.4,0.6,0.6,0.0,light,True,12.9,54.0,11.98
f6ff1b8fe19470495bfba39bd4a14410,Kuala Lumpur,MY,2026-01-27,Asia,Tropical,2026,1,January,Tuesday,Winter,35.7,24.9,29.8,10.8,0.7,0.7,0.0,light,True,7.1,53.0,11.98
a9f9f7be28e0ed126ff3c437f56bb172,Kuala Lumpur,MY,2026-01-28,Asia,Tropical,2026,1,January,Wednesday,Winter,33.7,25.2,28.5,8.5,2.1,2.1,0.0,light,True,8.5,61.0,11.98
20bb6ecd4d48cf86559a0cc9cf562dfb,Kuala Lumpur,MY,2026-01-29,Asia,Tropical,2026,1,January,Thursday,Winter,32.7,24.6,28.4,8.1,2.7,2.7,0.0,moderate,True,6.9,63.0,11.98
6c0a9af903cdebfa2cf20836d3622684,Kuala Lumpur,MY,2026-01-30,Asia,Tropical,2026,1,January,Friday,Winter,36.8,24.1,29.2,12.7,2.0,2.0,0.0,light,True,11.6,61.0,11.98
76e4eae4f66bfbfd2538e48ef5225eaa,Kuala Lumpur,MY,2026-01-31,Asia,Tropical,2026,1,January,Saturday,Winter,34.0,24.4,28.4,9.6,2.7,2.7,0.0,moderate,True,9.3,70.0,11.99
f8ecec3c7113d257df03054eff2dbce3,Kuala Lumpur,MY,2026-02-01,Asia,Tropical,2026,2,February,Sunday,Winter,36.6,24.1,29.8,12.5,2.8,2.8,0.0,moderate,True,6.5,59.0,11.99
6ced23b0e649c04e2ab60ce3c2ad4c13,Kuala Lumpur,MY,2026-02-02,Asia,Tropical,2026,2,February,Monday,Winter,35.3,25.3,29.7,10.0,0.2,0.2,0.0,light,True,16.2,54.0,11.99
7f0447b642223dbc6e6d6b79fedb80f9,Kuala Lumpur,MY,2026-02-03,Asia,Tropical,2026,2,February,Tuesday,Winter,36.0,24.4,29.9,11.6,0.0,0.0,0.0,dry,False,15.5,48.0,11.99
fb867973eda64ac2cd52975c1e11b812,Kuala Lumpur,MY,2026-02-04,Asia,Tropical,2026,2,February,Wednesday,Winter,37.2,24.8,29.7,12.4,1.1,1.1,0.0,light,True,8.5,55.0,11.99
40ac1c0e06ff5f2048eaa66f66621033,Kuala Lumpur,MY,2026-02-05,Asia,Tropical,2026,2,February,Thursday,Winter,35.2,25.4,29.3,9.8,1.4,1.4,0.0,light,True,9.9,66.0,12.0
4bf2f5f683995dcb38c4a04067b3ecff,Kuala Lumpur,MY,2026-02-06,Asia,Tropical,2026,2,February,Friday,Winter,30.4,24.2,26.6,6.2,10.5,10.5,0.0,heavy,True,10.3,79.0,12.0
3aa1a438363a1fcc4bc8c545879367b6,Kuala Lumpur,MY,2026-02-07,Asia,Tropical,2026,2,February,Saturday,Winter,34.5,23.5,28.0,11.0,4.8,4.8,0.0,moderate,True,6.9,73.0,12.0
4033e6e6982b77b0577561f2f905677b,Kuala Lumpur,MY,2026-02-08,Asia,Tropical,2026,2,February,Sunday,Winter,33.8,23.3,27.5,10.5,6.8,6.8,0.0,moderate,True,12.1,77.0,12.0
b9b5ffd802260cad8ad9f861b3715dc3,Kuala Lumpur,MY,2026-02-09,Asia,Tropical,2026,2,February,Monday,Winter,34.2,24.2,28.6,10.0,0.1,0.1,0.0,light,True,5.8,65.0,12.01
d4e5e9ee7fd9a7655e896a9b717ac892,Kuala Lumpur,MY,2026-02-10,Asia,Tropical,2026,2,February,Tuesday,Winter,36.3,22.6,29.0,13.7,0.0,0.0,0.0,dry,False,7.0,57.0,12.01
302f8e64b5332985a6a28f319ba81ec4,Kuala Lumpur,MY,2026-02-11,Asia,Tropical,2026,2,February,Wednesday,Winter,36.5,24.2,28.8,12.3,5.5,5.5,0.0,moderate,True,12.4,64.0,12.01
1b8e78a7c2ed0fa50d06fc1f6daab5f6,Kuala Lumpur,MY,2026-02-12,Asia,Tropical,2026,2,February,Thursday,Winter,33.0,24.5,28.1,8.5,1.0,1.0,0.0,light,True,8.6,69.0,12.01
e0a08500d72b465b12694753140c8abc,Kuala Lumpur,MY,2026-02-13,Asia,Tropical,2026,2,February,Friday,Winter,35.8,25.0,29.1,10.8,1.2,1.2,0.0,light,True,10.4,65.0,12.02
f6ebe0b6508fbb54c8bff963b8005515,Kuala Lumpur,MY,2026-02-14,Asia,Tropical,2026,2,February,Saturday,Winter,36.1,24.4,28.3,11.7,9.2,9.2,0.0,heavy,True,8.7,73.0,12.02
11a2b8f5d7c9c9f1f8d5489785c50067,Kuala Lumpur,MY,2026-02-15,Asia,Tropical,2026,2,February,Sunday,Winter,32.7,23.9,26.5,8.8,27.5,27.5,0.0,heavy,True,13.5,85.0,12.02
3b7e1c3310d77defbc06a1745a880889,Kuala Lumpur,MY,2026-02-16,Asia,Tropical,2026,2,February,Monday,Winter,30.7,23.1,25.8,7.6,27.7,27.7,0.0,heavy,True,11.4,88.0,12.02
acdef3c98382909d76e8c172f86fa023,Kuala Lumpur,MY,2026-02-17,Asia,Tropical,2026,2,February,Tuesday,Winter,26.9,23.7,25.1,3.2,18.7,18.7,0.0,heavy,True,6.2,91.0,12.02
7d07b1533f033f869b9dcf487d0e6f25,Kuala Lumpur,MY,2026-02-18,Asia,Tropical,2026,2,February,Wednesday,Winter,30.4,23.7,26.2,6.7,12.6,12.6,0.0,heavy,True,7.2,86.0,12.03
5864d06fd635d1fe8c34852441aa3361,Kuala Lumpur,MY,2026-02-19,Asia,Tropical,2026,2,February,Thursday,Winter,31.1,23.7,26.5,7.4,2.3,2.3,0.0,light,True,10.2,80.0,12.03
778f547879ffc99d11b82829d4658081,Kuala Lumpur,MY,2026-02-20,Asia,Tropical,2026,2,February,Friday,Winter,33.5,24.3,28.0,9.2,0.2,0.2,0.0,light,True,12.4,72.0,12.03
502177c66943e8be0a647e57a319861b,Kuala Lumpur,MY,2026-02-21,Asia,Tropical,2026,2,February,Saturday,Winter,33.5,24.3,28.1,9.2,1.7,1.7,0.0,light,True,9.6,75.0,12.04
2867b17142c03e88186aeaeaffb6e99b,Kuala Lumpur,MY,2026-02-22,Asia,Tropical,2026,2,February,Sunday,Winter,33.0,24.0,27.3,9.0,7.0,7.0,0.0,moderate,True,14.3,82.0,12.04
20802ca9768c87f5d329eaed8380a332,Kuala Lumpur,MY,2026-02-23,Asia,Tropical,2026,2,February,Monday,Winter,33.4,22.6,28.1,10.8,0.0,0.0,0.0,dry,False,10.3,75.0,12.04
7afc09a7c7da35e1c0f624650cc233bb,Kuala Lumpur,MY,2026-02-24,Asia,Tropical,2026,2,February,Tuesday,Winter,33.7,24.5,28.4,9.2,0.3,0.3,0.0,light,True,7.7,76.0,12.04
3cae52b4813d7a652a1b72ceed570f6e,Kuala Lumpur,MY,2026-02-25,Asia,Tropical,2026,2,February,Wednesday,Winter,32.9,23.7,27.2,9.2,14.8,14.8,0.0,heavy,True,9.7,82.0,12.05
33605cfc0237e382ee9773dc3239c629,Kuala Lumpur,MY,2026-02-26,Asia,Tropical,2026,2,February,Thursday,Winter,31.2,22.9,26.3,8.3,10.2,10.2,0.0,heavy,True,7.9,87.0,12.05
a7bf83e4ab01f50ea1307e50464b0ee8,Kuala Lumpur,MY,2026-02-27,Asia,Tropical,2026,2,February,Friday,Winter,33.3,22.9,27.3,10.4,8.2,8.2,0.0,heavy,True,9.6,80.0,12.05
6f19a10d301d80fb1fb0fe5146d3133e,Kuala Lumpur,MY,2026-02-28,Asia,Tropical,2026,2,February,Saturday,Winter,33.8,23.7,28.3,10.1,0.0,0.0,0.0,dry,False,9.3,77.0,12.05
79743e9b9c7212bcb0815b4142e2c692,Kuala Lumpur,MY,2026-03-01,Asia,Tropical,2026,3,March,Sunday,Spring,34.0,24.4,28.6,9.6,0.9,0.9,0.0,light,True,9.8,78.0,12.06
b4af4f308bd9841178dafd3eb5bd3d21,Kuala Lumpur,MY,2026-03-02,Asia,Tropical,2026,3,March,Monday,Spring,32.4,23.3,27.3,9.1,11.7,11.7,0.0,heavy,True,10.7,82.0,12.06
5c05a97a66f0be755ba00513eec62d17,Kuala Lumpur,MY,2026-03-03,Asia,Tropical,2026,3,March,Tuesday,Spring,33.8,24.4,28.0,9.4,0.8,0.8,0.0,light,True,12.7,78.0,12.06
c1faf1de6d050a356a3d11ba521cb5ad,Kuala Lumpur,MY,2026-03-04,Asia,Tropical,2026,3,March,Wednesday,Spring,32.4,23.3,27.4,9.1,3.1,3.1,0.0,moderate,True,12.5,79.0,12.06
ead830785c2b030eebd72d72375748e4,Kuala Lumpur,MY,2026-03-05,Asia,Tropical,2026,3,March,Thursday,Spring,32.7,24.7,28.1,8.0,0.1,0.1,0.0,light,True,9.5,74.0,12.07
5ef2f44ca83296ab896a597f4bd1aa3e,Kuala Lumpur,MY,2026-03-06,Asia,Tropical,2026,3,March,Friday,Spring,32.1,22.8,26.9,9.3,0.6,0.6,0.0,light,True,9.6,80.0,12.07
ff5e3447f53b3ae29aee98aee90486bb,Kuala Lumpur,MY,2026-03-07,Asia,Tropical,2026,3,March,Saturday,Spring,33.7,22.9,27.5,10.8,0.9,0.9,0.0,light,True,7.8,78.0,12.07
8f807a7cd58559d9538b0bb8441fe5af,Kuala Lumpur,MY,2026-03-08,Asia,Tropical,2026,3,March,Sunday,Spring,34.7,23.2,28.5,11.5,0.9,0.9,0.0,light,True,9.2,72.0,12.08
206bfd9335e70fc2a9f0557da316aa56,Kuala Lumpur,MY,2026-03-09,Asia,Tropical,2026,3,March,Monday,Spring,33.7,23.9,28.2,9.8,1.5,1.5,0.0,light,True,8.3,74.0,12.08
6acc7549d160dcac537b295c4c7709d5,Kuala Lumpur,MY,2026-03-10,Asia,Tropical,2026,3,March,Tuesday,Spring,34.4,24.5,29.0,9.9,0.1,0.1,0.0,light,True,4.8,68.0,12.08
6c7b8eb10a09eb1bfdfc61d9e617649b,Kuala Lumpur,MY,2026-03-11,Asia,Tropical,2026,3,March,Wednesday,Spring,36.1,23.5,29.1,12.6,0.6,0.6,0.0,light,True,10.7,62.0,12.08
a2d903077c49f7e277e44a6a8b94948d,Kuala Lumpur,MY,2026-03-12,Asia,Tropical,2026,3,March,Thursday,Spring,36.3,25.0,29.0,11.3,3.8,3.8,0.0,moderate,True,8.5,67.0,12.09
ccb7dcaef7327761b7cf139df7e564ea,Kuala Lumpur,MY,2026-03-13,Asia,Tropical,2026,3,March,Friday,Spring,35.7,25.5,29.8,10.2,1.8,1.8,0.0,light,True,8.1,62.0,12.09
ff0c2fdfc036b9fb5646ca28c95e1dae,Kuala Lumpur,MY,2026-03-14,Asia,Tropical,2026,3,March,Saturday,Spring,30.7,25.4,27.8,5.3,11.2,11.2,0.0,heavy,True,10.0,73.0,12.09
9eeb580856494ae82c414a8d6f4ca396,Kuala Lumpur,MY,2026-03-15,Asia,Tropical,2026,3,March,Sunday,Spring,32.0,23.8,27.2,8.2,3.2,3.2,0.0,moderate,True,9.5,78.0,12.1
90b806ed19d6ace015b6e7ba1fef5e84,Kuala Lumpur,MY,2026-03-16,Asia,Tropical,2026,3,March,Monday,Spring,32.4,24.1,27.4,8.3,3.8,3.8,0.0,moderate,True,9.5,79.0,12.1
5135679825990a787cd3e9d75c9161c0,Kuala Lumpur,MY,2026-03-17,Asia,Tropical,2026,3,March,Tuesday,Spring,34.9,24.1,28.0,10.8,2.8,2.8,0.0,moderate,True,13.6,75.0,12.1
642cee7938d8cc8eedbe4f9384bcfb03,Kuala Lumpur,MY,2026-03-18,Asia,Tropical,2026,3,March,Wednesday,Spring,35.0,24.5,28.2,10.5,1.3,1.3,0.0,light,True,11.4,75.0,12.1
bee38762b04584b4a752b68b5254c620,Kuala Lumpur,MY,2026-03-19,Asia,Tropical,2026,3,March,Thursday,Spring,35.1,24.3,28.3,10.8,2.0,2.0,0.0,light,True,11.2,71.0,12.11
6eeabb116d6f9bd519f468fa2b1c7a84,Kuala Lumpur,MY,2026-03-20,Asia,Tropical,2026,3,March,Friday,Spring,35.2,24.0,28.6,11.2,4.9,4.9,0.0,moderate,True,14.2,73.0,12.11
e59ae2e9c7af7c6ce36d091b16323a90,Kuala Lumpur,MY,2026-03-21,Asia,Tropical,2026,3,March,Saturday,Spring,33.8,23.9,28.1,9.9,1.2,1.2,0.0,light,True,12.3,77.0,12.11
4b051c16964f549f8e8cec3a159a8ad9,Kuala Lumpur,MY,2026-03-22,Asia,Tropical,2026,3,March,Sunday,Spring,34.4,23.6,28.5,10.8,0.1,0.1,0.0,light,True,9.4,72.0,12.12
691473165e5d00d783369981c8d63486,Kuala Lumpur,MY,2026-03-23,Asia,Tropical,2026,3,March,Monday,Spring,34.5,24.1,28.3,10.4,1.6,1.6,0.0,light,True,13.4,72.0,12.12
b844ae45957b9b769f5b1861a04c2ee4,Kuala Lumpur,MY,2026-03-24,Asia,Tropical,2026,3,March,Tuesday,Spring,35.0,24.0,28.7,11.0,0.8,0.8,0.0,light,True,9.6,72.0,12.12
64a0345aaac7736e2ee2d35c089a3af3,Kuala Lumpur,MY,2026-03-25,Asia,Tropical,2026,3,March,Wednesday,Spring,36.0,24.4,29.6,11.6,0.4,0.4,0.0,light,True,10.5,65.0,12.12
ecc1c615a1666b2fb38dea2990e99cfd,Kuala Lumpur,MY,2026-03-26,Asia,Tropical,2026,3,March,Thursday,Spring,36.1,25.1,30.0,11.0,0.6,0.6,0.0,light,True,11.5,60.0,12.13
808563cf5d57ce7bbf0cbeeb910ec30e,Kuala Lumpur,MY,2026-03-27,Asia,Tropical,2026,3,March,Friday,Spring,36.6,25.4,30.3,11.2,2.2,2.2,0.0,light,True,8.9,61.0,12.13
2100594896f2221c67ac548795c8f40d,Kuala Lumpur,MY,2026-03-28,Asia,Tropical,2026,3,March,Saturday,Spring,36.3,25.2,29.4,11.1,3.4,3.4,0.0,moderate,True,12.7,67.0,12.13
c39c13ccb4bbf039f0857835f920dfbd,Kuala Lumpur,MY,2026-03-29,Asia,Tropical,2026,3,March,Sunday,Spring,32.1,24.6,27.5,7.5,2.1,2.1,0.0,light,True,10.0,78.0,12.14
32c90d7cc7874b79a35df9dda05bc5df,Kuala Lumpur,MY,2026-03-30,Asia,Tropical,2026,3,March,Monday,Spring,34.6,24.6,28.9,10.0,7.6,7.6,0.0,moderate,True,11.6,71.0,12.14
c11777187ec996021c598c575c9b1b9f,Kuala Lumpur,MY,2026-03-31,Asia,Tropical,2026,3,March,Tuesday,Spring,34.8,25.8,29.2,9.0,2.2,2.2,0.0,light,True,8.0,71.0,12.14
6b08f1c851516b5efa19101981f272fa,Kuala Lumpur,MY,2026-04-01,Asia,Tropical,2026,4,April,Wednesday,Spring,30.7,24.9,26.7,5.8,10.3,10.3,0.0,heavy,True,11.2,85.0,12.14
506ad48508d8b6023d6da6b19eaef533,Kuala Lumpur,MY,2026-04-02,Asia,Tropical,2026,4,April,Thursday,Spring,34.9,24.1,28.8,10.8,0.2,0.2,0.0,light,True,11.3,75.0,12.15
9314f8b0ce1b0ac93865f4074463ad10,Kuala Lumpur,MY,2026-04-03,Asia,Tropical,2026,4,April,Friday,Spring,35.2,24.1,29.3,11.1,0.2,0.2,0.0,light,True,8.4,71.0,12.15
d5aec095526baf6fd1eb06cead208bb4,Kuala Lumpur,MY,2026-04-04,Asia,Tropical,2026,4,April,Saturday,Spring,35.2,23.7,28.9,11.5,7.2,7.2,0.0,moderate,True,13.9,73.0,12.15
effef3caa1c16902abfd75d52a0ac864,Kuala Lumpur,MY,2026-04-05,Asia,Tropical,2026,4,April,Sunday,Spring,33.7,24.5,28.4,9.2,5.1,5.1,0.0,moderate,True,10.0,77.0,12.16
d6410a7f474075cc232acb0d7db0b895,Kuala Lumpur,MY,2026-04-06,Asia,Tropical,2026,4,April,Monday,Spring,33.1,24.1,28.0,9.0,7.6,7.6,0.0,moderate,True,10.4,79.0,12.16
088e4da4c37edf2202d282c0dd93b560,Kuala Lumpur,MY,2026-04-07,Asia,Tropical,2026,4,April,Tuesday,Spring,33.7,25.2,28.5,8.5,2.2,2.2,0.0,light,True,10.8,80.0,12.16
166914759f47046e67d57f0003dbac7b,Kuala Lumpur,MY,2026-04-08,Asia,Tropical,2026,4,April,Wednesday,Spring,34.4,23.9,27.9,10.5,7.8,7.8,0.0,heavy,True,8.4,82.0,12.16
740cdf0c539bed37d5a595531a5acd9d,Kuala Lumpur,MY,2026-04-09,Asia,Tropical,2026,4,April,Thursday,Spring,34.0,23.7,27.6,10.3,15.8,15.8,0.0,heavy,True,10.4,83.0,12.17
9d62aef17881ffc4482746b128952db5,Kuala Lumpur,MY,2026-04-10,Asia,Tropical,2026,4,April,Friday,Spring,33.1,24.0,27.6,9.1,6.8,6.8,0.0,moderate,True,6.9,82.0,12.17
f2314d14513e007fd7dfc5b63ad02091,Kuala Lumpur,MY,2026-04-11,Asia,Tropical,2026,4,April,Saturday,Spring,34.7,24.5,28.4,10.2,2.2,2.2,0.0,light,True,17.5,81.0,12.17
edd1ff83c81b84d61582ea2f66e70b48,Kuala Lumpur,MY,2026-04-12,Asia,Tropical,2026,4,April,Sunday,Spring,32.8,24.9,28.0,7.9,0.3,0.3,0.0,light,True,5.5,83.0,12.18
461047d8ebf924588d2459128de3d4bf,Kuala Lumpur,MY,2026-04-13,Asia,Tropical,2026,4,April,Monday,Spring,34.5,24.0,28.8,10.5,5.8,5.8,0.0,moderate,True,12.2,78.0,12.18
b41fc54f3f540e914b92a92e91c484ca,Kuala Lumpur,MY,2026-04-14,Asia,Tropical,2026,4,April,Tuesday,Spring,30.2,23.5,25.9,6.7,24.4,24.4,0.0,heavy,True,9.0,91.0,12.18
3cb1b9fe5a6e74827078a0be9c5e0796,Kuala Lumpur,MY,2026-04-15,Asia,Tropical,2026,4,April,Wednesday,Spring,31.3,23.6,26.5,7.7,6.3,6.3,0.0,moderate,True,13.2,88.0,12.18
898f52cab5c05d91f27ebfd5a1666225,Kuala Lumpur,MY,2026-04-16,Asia,Tropical,2026,4,April,Thursday,Spring,34.0,24.3,28.6,9.7,4.5,4.5,0.0,moderate,True,9.1,78.0,12.19
4c38184878dde8f1b05a005759cc215b,Kuala Lumpur,MY,2026-04-17,Asia,Tropical,2026,4,April,Friday,Spring,32.8,23.8,27.8,9.0,2.1,2.1,0.0,light,True,10.6,82.0,12.19
dc578a41bcaf4a2fc4370db0f1f24b0e,Kuala Lumpur,MY,2026-04-18,Asia,Tropical,2026,4,April,Saturday,Spring,31.3,23.8,27.1,7.5,4.5,4.5,0.0,moderate,True,9.1,85.0,12.19
adab814f0d0d15890bc88ffca7fc799e,Kuala Lumpur,MY,2026-04-19,Asia,Tropical,2026,4,April,Sunday,Spring,31.0,23.9,26.4,7.1,4.2,4.2,0.0,moderate,True,6.6,88.0,12.2
463ffe6c38e08f3c7c5410ddedef632b,Kuala Lumpur,MY,2026-04-20,Asia,Tropical,2026,4,April,Monday,Spring,33.0,24.0,27.4,9.0,1.8,1.8,0.0,light,True,7.9,82.0,12.2
f08990e8b3d9da5e6129a52ddddb7939,Kuala Lumpur,MY,2026-04-21,Asia,Tropical,2026,4,April,Tuesday,Spring,28.9,23.9,26.4,5.0,6.2,6.2,0.0,moderate,True,4.5,88.0,12.2
7265462cb1f6b56055fbd1690032d6de,Kuala Lumpur,MY,2026-04-22,Asia,Tropical,2026,4,April,Wednesday,Spring,33.3,23.6,28.0,9.7,1.4,1.4,0.0,light,True,5.0,80.0,12.2
b5bb32213991dbc90b4ec4be7cf4be3e,Kuala Lumpur,MY,2026-04-23,Asia,Tropical,2026,4,April,Thursday,Spring,33.9,24.5,29.0,9.4,0.4,0.4,0.0,light,True,6.2,75.0,12.21
9d6eeaa6a0c880e361de7d58585b1b03,Kuala Lumpur,MY,2026-04-24,Asia,Tropical,2026,4,April,Friday,Spring,35.4,24.7,29.2,10.7,5.3,5.3,0.0,moderate,True,9.7,75.0,12.21
757757b0fc3a0e41e476376d7b89787a,Kuala Lumpur,MY,2026-04-25,Asia,Tropical,2026,4,April,Saturday,Spring,33.5,25.2,28.0,8.3,8.0,8.0,0.0,heavy,True,11.4,82.0,12.21
337973e332eb0f855c874059576d691c,Kuala Lumpur,MY,2026-04-26,Asia,Tropical,2026,4,April,Sunday,Spring,35.2,24.0,28.9,11.2,0.8,0.8,0.0,light,True,10.4,76.0,12.21
325616669d71e717afd95a5b78135858,Kuala Lumpur,MY,2026-04-27,Asia,Tropical,2026,4,April,Monday,Spring,37.3,24.7,30.0,12.6,1.0,1.0,0.0,light,True,12.8,70.0,12.22
0ab8eac814720cec044eeaffe3272083,Kuala Lumpur,MY,2026-04-28,Asia,Tropical,2026,4,April,Tuesday,Spring,37.4,24.9,30.1,12.5,0.3,0.3,0.0,light,True,8.9,69.0,12.22
f6d7a899126794da1f6b491fe72a8332,Kuala Lumpur,MY,2026-04-29,Asia,Tropical,2026,4,April,Wednesday,Spring,36.7,24.5,29.4,12.2,2.9,2.9,0.0,moderate,True,10.0,72.0,12.22
2a091103e5ff39def4deb93d6a79a2d2,Kuala Lumpur,MY,2026-04-30,Asia,Tropical,2026,4,April,Thursday,Spring,34.6,24.7,29.0,9.9,8.4,8.4,0.0,heavy,True,9.9,78.0,12.23
d9760c2a0e8c10d065401fa158a4212c,Kuala Lumpur,MY,2026-05-01,Asia,Tropical,2026,5,May,Friday,Spring,34.5,24.1,28.2,10.4,10.8,10.8,0.0,heavy,True,15.7,81.0,12.23
5496a37830c9b0a311edff8d54f38c7c,Kuala Lumpur,MY,2026-05-02,Asia,Tropical,2026,5,May,Saturday,Spring,33.4,23.6,27.6,9.8,5.5,5.5,0.0,moderate,True,13.7,84.0,12.23
1d9a15ad817341834396a05670296bfa,Kuala Lumpur,MY,2026-05-03,Asia,Tropical,2026,5,May,Sunday,Spring,32.6,24.0,27.2,8.6,13.4,13.4,0.0,heavy,True,12.6,86.0,12.23
a32001b848e11e10e1b410193b2d60f8,Kuala Lumpur,MY,2026-05-04,Asia,Tropical,2026,5,May,Monday,Spring,31.5,24.9,27.0,6.6,6.0,6.0,0.0,moderate,True,13.8,86.0,12.24
256ddcf709d0cffb1a5b3d90fac20edd,Kuala Lumpur,MY,2026-05-05,Asia,Tropical,2026,5,May,Tuesday,Spring,33.2,24.3,27.8,8.9,5.6,5.6,0.0,moderate,True,7.8,83.0,12.24
e540a8c39cba8faf49eed1981487e7f9,Kuala Lumpur,MY,2026-05-06,Asia,Tropical,2026,5,May,Wednesday,Spring,31.2,24.2,27.2,7.0,12.6,12.6,0.0,heavy,True,13.1,87.0,12.24
7f0724b2da1f3f6a447a3756a5b4740b,Kuala Lumpur,MY,2026-05-07,Asia,Tropical,2026,5,May,Thursday,Spring,33.9,24.6,28.2,9.3,4.5,4.5,0.0,moderate,True,8.1,82.0,12.24
d48082965974d220e9c93c8e2d435081,Kuala Lumpur,MY,2026-05-08,Asia,Tropical,2026,5,May,Friday,Spring,30.4,24.2,26.2,6.2,22.4,22.4,0.0,heavy,True,7.3,90.0,12.24
75bf59252f6196a0e0dd0bccddde2580,Kuala Lumpur,MY,2026-05-09,Asia,Tropical,2026,5,May,Saturday,Spring,32.8,24.1,27.7,8.7,1.7,1.7,0.0,light,True,7.9,80.0,12.25
dfadab7f8106cb87074ab9b760df1a00,Kuala Lumpur,MY,2026-05-10,Asia,Tropical,2026,5,May,Sunday,Spring,34.3,25.1,28.3,9.2,6.9,6.9,0.0,moderate,True,9.3,81.0,12.25
09d5b38c7483ccae17ecea18861455bf,Kuala Lumpur,MY,2026-05-11,Asia,Tropical,2026,5,May,Monday,Spring,32.0,25.2,28.1,6.8,1.2,1.2,0.0,light,True,9.0,83.0,12.25
87d05b9fc6478db6e09e9b247236ba0e,Kuala Lumpur,MY,2026-05-12,Asia,Tropical,2026,5,May,Tuesday,Spring,33.1,25.0,28.6,8.1,4.0,4.0,0.0,moderate,True,8.9,83.0,12.25
420c127fb751ce04488aa26a485774b4,Kuala Lumpur,MY,2026-05-13,Asia,Tropical,2026,5,May,Wednesday,Spring,33.3,25.1,28.5,8.2,3.9,3.9,0.0,moderate,True,8.9,80.0,12.26
e415161936f280427b3d5280ac8f110a,Kuala Lumpur,MY,2026-05-14,Asia,Tropical,2026,5,May,Thursday,Spring,33.3,24.4,28.7,8.9,1.3,1.3,0.0,light,True,9.5,78.0,12.26
c8750fe79d458a8e7dceee3047268ca4,Kuala Lumpur,MY,2026-05-15,Asia,Tropical,2026,5,May,Friday,Spring,31.5,25.7,27.8,5.8,8.7,8.7,0.0,heavy,True,9.0,85.0,12.26
cec76e6a78f7a05a2fe90b6f5659b9c4,Kuala Lumpur,MY,2026-05-16,Asia,Tropical,2026,5,May,Saturday,Spring,30.4,24.8,27.5,5.6,4.6,4.6,0.0,moderate,True,9.5,84.0,12.26
69d26b2ef7993cd76b5337d631bfe89b,Kuala Lumpur,MY,2026-05-17,Asia,Tropical,2026,5,May,Sunday,Spring,33.7,24.9,28.8,8.8,0.9,0.9,0.0,light,True,8.9,78.0,12.26
5df791cf6a8db3eeea168430ec984014,Kuala Lumpur,MY,2026-05-18,Asia,Tropical,2026,5,May,Monday,Spring,33.7,25.0,28.9,8.7,0.4,0.4,0.0,light,True,11.2,75.0,12.27
20e101251d5aa907f7e5db1e64af0950,Kuala Lumpur,MY,2026-05-19,Asia,Tropical,2026,5,May,Tuesday,Spring,34.6,25.2,29.4,9.4,0.7,0.7,0.0,light,True,11.1,76.0,12.27
438f85cf93a82e9a58a4c21eded3bff7,Kuala Lumpur,MY,2026-05-20,Asia,Tropical,2026,5,May,Wednesday,Spring,33.8,25.9,29.4,7.9,0.5,0.5,0.0,light,True,12.6,72.0,12.27
ae961826b3a7cb218ae61214b12da8ce,Kuala Lumpur,MY,2026-05-21,Asia,Tropical,2026,5,May,Thursday,Spring,33.7,26.2,29.4,7.5,0.1,0.1,0.0,light,True,10.4,68.0,12.27
6b2f26a07a8ac9d9903e86d8e4c6e007,Kuala Lumpur,MY,2026-05-22,Asia,Tropical,2026,5,May,Friday,Spring,34.5,25.1,29.9,9.4,0.0,0.0,0.0,dry,False,4.0,71.0,12.27
1139c8562ae1fc0cc7baa890ac518c11,Kuala Lumpur,MY,2026-05-23,Asia,Tropical,2026,5,May,Saturday,Spring,34.2,25.6,28.9,8.6,2.6,2.6,0.0,moderate,True,7.2,76.0,12.28
caf1079496b015021d59fc6bb701f2bb,Kuala Lumpur,MY,2026-05-24,Asia,Tropical,2026,5,May,Sunday,Spring,32.7,25.2,28.3,7.5,3.0,3.0,0.0,moderate,True,11.4,78.0,12.28
a7f65584eb024c944af0aec8acd677a6,Kuala Lumpur,MY,2026-05-25,Asia,Tropical,2026,5,May,Monday,Spring,33.0,24.6,27.8,8.4,12.1,12.1,0.0,heavy,True,11.8,83.0,12.28
53f6911f1811da8c799a7b90b88f140b,Kuala Lumpur,MY,2026-05-26,Asia,Tropical,2026,5,May,Tuesday,Spring,34.6,25.2,29.0,9.4,0.7,0.7,0.0,light,True,12.9,75.0,12.28
dd877d3b9839acc91cae5e20a40c32ac,Kuala Lumpur,MY,2026-05-27,Asia,Tropical,2026,5,May,Wednesday,Spring,34.2,25.9,29.1,8.3,2.0,2.0,0.0,light,True,10.9,74.0,12.28
7176bf5657855a586b2b9637feed53f5,Kuala Lumpur,MY,2026-05-28,Asia,Tropical,2026,5,May,Thursday,Spring,34.1,25.5,28.8,8.6,7.3,7.3,0.0,moderate,True,10.3,79.0,12.28
f4ef0a2e414a3b207884302decd3147b,Kuala Lumpur,MY,2026-05-29,Asia,Tropical,2026,5,May,Friday,Spring,34.4,25.4,29.1,9.0,6.8,6.8,0.0,moderate,True,10.7,78.0,12.29
bbf634703c24d5be9ed8f79d9bce7cd8,Kuala Lumpur,MY,2026-05-30,Asia,Tropical,2026,5,May,Saturday,Spring,34.6,25.1,29.3,9.5,3.7,3.7,0.0,moderate,True,7.1,76.0,12.29
326c18a3add37e9f17df0eb1c6342932,Kuala Lumpur,MY,2026-05-31,Asia,Tropical,2026,5,May,Sunday,Spring,33.4,25.6,29.9,7.8,10.4,10.4,0.0,heavy,True,6.6,73.0,12.29
5c84b56500a0bd26212c5d5857d0fa07,Kuala Lumpur,MY,2026-06-01,Asia,Tropical,2026,6,June,Monday,Summer,37.2,26.6,30.5,10.6,1.8,1.8,0.0,light,True,14.6,66.0,12.29
4e4183b0a1c88eef591557853d63db87,Kuala Lumpur,MY,2026-06-02,Asia,Tropical,2026,6,June,Tuesday,Summer,34.3,24.8,29.5,9.5,5.7,5.7,0.0,moderate,True,11.2,72.0,12.29
227e41f88bf89d783c907839130f706f,Kuala Lumpur,MY,2026-06-03,Asia,Tropical,2026,6,June,Wednesday,Summer,34.1,27.1,30.9,7.0,2.4,2.4,0.0,light,True,8.9,63.0,12.29
dbe6b2bd3463ae05307ab038d9f5b959,Kuala Lumpur,MY,2026-06-04,Asia,Tropical,2026,6,June,Thursday,Summer,32.4,24.8,29.0,7.6,7.1,7.1,0.0,moderate,True,8.5,75.0,12.29
1e1bfe3063c400778df5ca01e7ea2133,Kuala Lumpur,MY,2026-06-05,Asia,Tropical,2026,6,June,Friday,Summer,33.5,24.7,29.4,8.8,3.6,3.6,0.0,moderate,True,11.4,77.0,12.29
56aa19615932771cd5825f8e5d57d93e,Kuala Lumpur,MY,2026-06-06,Asia,Tropical,2026,6,June,Saturday,Summer,35.1,26.0,30.0,9.1,1.3,1.3,0.0,light,True,12.0,74.0,12.29
e2f07cbb9618fcd2307e59faf2c4a42d,Kuala Lumpur,MY,2026-06-07,Asia,Tropical,2026,6,June,Sunday,Summer,32.4,25.4,28.8,7.0,6.5,6.5,0.0,moderate,True,12.0,77.0,12.3
98f523ca0d510ced900d1065168458f6,Kuala Lumpur,MY,2026-06-08,Asia,Tropical,2026,6,June,Monday,Summer,33.2,23.7,28.9,9.5,8.6,8.6,0.0,heavy,True,10.1,77.0,12.3
ce74324f0d8d0185d45331ca95741436,Kuala Lumpur,MY,2026-06-09,Asia,Tropical,2026,6,June,Tuesday,Summer,33.5,24.7,28.6,8.8,6.1,6.1,0.0,moderate,True,9.6,78.0,12.3
870a71647ade3a2fab2879986b62c877,Kuala Lumpur,MY,2026-06-10,Asia,Tropical,2026,6,June,Wednesday,Summer,33.1,24.2,28.5,8.9,1.2,1.2,0.0,light,True,11.5,79.0,12.3
3583a1b6688e44e8081096535c14cd66,Kuala Lumpur,MY,2026-06-11,Asia,Tropical,2026,6,June,Thursday,Summer,33.0,23.7,28.3,9.3,3.8,3.8,0.0,moderate,True,15.1,78.0,12.3
b8fded46e5b76992052d18dc240a584e,Kuala Lumpur,MY,2026-06-12,Asia,Tropical,2026,6,June,Friday,Summer,34.0,24.7,28.1,9.3,6.4,6.4,0.0,moderate,True,9.5,77.0,12.3
07a68f4aad6c6af8bbfe6018b6e019bb,Kuala Lumpur,MY,2026-06-13,Asia,Tropical,2026,6,June,Saturday,Summer,34.7,25.3,28.8,9.4,3.9,3.9,0.0,moderate,True,6.0,80.0,12.3
3c2575623b33ba661e2e4425cc4f73b8,Kuala Lumpur,MY,2026-06-14,Asia,Tropical,2026,6,June,Sunday,Summer,33.7,25.2,27.9,8.5,18.0,18.0,0.0,heavy,True,6.4,81.0,12.3
93d08f922d6c32e42e8eb0b0c8326968,Kuala Lumpur,MY,2026-06-15,Asia,Tropical,2026,6,June,Monday,Summer,32.2,24.5,27.6,7.7,4.1,4.1,0.0,moderate,True,6.7,84.0,12.3
0445f01ad3eaaf34468c7a042f5c653b,Kuala Lumpur,MY,2026-06-16,Asia,Tropical,2026,6,June,Tuesday,Summer,33.1,24.6,28.5,8.5,3.1,3.1,0.0,moderate,True,8.6,78.0,12.3
0b4d72058b7f1f10a219e64ecb707e95,Kuala Lumpur,MY,2026-06-17,Asia,Tropical,2026,6,June,Wednesday,Summer,29.9,24.4,26.6,5.5,24.2,24.2,0.0,heavy,True,9.4,85.0,12.3
5dec608da626f21ead759927d10727b1,Kuala Lumpur,MY,2026-06-18,Asia,Tropical,2026,6,June,Thursday,Summer,33.3,24.0,28.0,9.3,14.8,14.8,0.0,heavy,True,8.7,81.0,12.3
5d280f69845b45c5b31d16bc0824b7b2,Kuala Lumpur,MY,2026-06-19,Asia,Tropical,2026,6,June,Friday,Summer,30.5,24.7,27.2,5.8,16.3,16.3,0.0,heavy,True,10.6,86.0,12.3
f32265e8b665827512eaad6a1079d275,Kuala Lumpur,MY,2026-06-20,Asia,Tropical,2026,6,June,Saturday,Summer,32.4,24.1,27.4,8.3,6.6,6.6,0.0,moderate,True,8.6,83.0,12.3
62b74ee2dd41202129794ab8db2d5733,Kuala Lumpur,MY,2026-06-21,Asia,Tropical,2026,6,June,Sunday,Summer,31.7,24.3,27.7,7.4,17.8,17.8,0.0,heavy,True,7.7,83.0,12.3
3fd3d14d6ae2de573299c92e0670b2d6,Kuala Lumpur,MY,2026-06-22,Asia,Tropical,2026,6,June,Monday,Summer,31.9,24.2,27.2,7.7,5.8,5.8,0.0,moderate,True,9.9,82.0,12.3
f88678f5c6f72a180d203a238e28fc40,Kuala Lumpur,MY,2026-06-23,Asia,Tropical,2026,6,June,Tuesday,Summer,33.4,25.1,27.8,8.3,9.7,9.7,0.0,heavy,True,11.5,81.0,12.3
e98fd491957025135bf2137a23c7d748,Kuala Lumpur,MY,2026-06-24,Asia,Tropical,2026,6,June,Wednesday,Summer,30.4,24.9,26.4,5.5,21.3,21.3,0.0,heavy,True,12.3,92.0,12.3
b410a580fde22cdae7c0e0c0013f8408,Kuala Lumpur,MY,2026-06-25,Asia,Tropical,2026,6,June,Thursday,Summer,30.9,24.0,26.9,6.9,8.1,8.1,0.0,heavy,True,10.0,85.0,12.3
be90b7396fc89a1457f6ed9e9255a906,Kuala Lumpur,MY,2026-06-26,Asia,Tropical,2026,6,June,Friday,Summer,32.4,23.7,27.9,8.7,4.5,4.5,0.0,moderate,True,11.2,80.0,12.3
ccb9f5f208a50c659826d40270e3fa5e,Kuala Lumpur,MY,2026-06-27,Asia,Tropical,2026,6,June,Saturday,Summer,33.3,24.3,28.7,9.0,3.1,3.1,0.0,moderate,True,8.7,74.0,12.3
330759b73418dd649e76c6ed84123246,Kuala Lumpur,MY,2026-06-28,Asia,Tropical,2026,6,June,Sunday,Summer,32.7,24.6,27.9,8.1,2.3,2.3,0.0,light,True,8.0,80.0,12.3
cb880860aca2b6a854916b9cea5f3109,Kuala Lumpur,MY,2026-06-29,Asia,Tropical,2026,6,June,Monday,Summer,30.1,23.9,26.5,6.2,20.1,20.1,0.0,heavy,True,9.6,88.0,12.3
281138a79cb3d7e046bf4c6f52ebf046,Kuala Lumpur,MY,2026-06-30,Asia,Tropical,2026,6,June,Tuesday,Summer,32.7,24.8,27.5,7.9,1.5,1.5,0.0,light,True,8.9,85.0,12.3
e79297a24b2a91c209c0b5ac7f34a013,Kuala Lumpur,MY,2026-07-01,Asia,Tropical,2026,7,July,Wednesday,Summer,30.3,24.6,26.9,5.7,9.7,9.7,0.0,heavy,True,7.9,88.0,12.3
b4c478e8791a9384c1087529c2e6ddcf,Kuala Lumpur,MY,2026-07-02,Asia,Tropical,2026,7,July,Thursday,Summer,33.1,25.1,28.5,8.0,1.2,1.2,0.0,light,True,6.9,78.0,12.3
f3927e5c4015a2c7ca09aef67b5ebc0a,Kuala Lumpur,MY,2026-07-03,Asia,Tropical,2026,7,July,Friday,Summer,32.4,23.7,28.5,8.7,21.8,21.8,0.0,heavy,True,8.0,79.0,12.3
b346e6c84ac47ae7a6829940ca128c8e,Kuala Lumpur,MY,2026-07-04,Asia,Tropical,2026,7,July,Saturday,Summer,33.9,25.1,28.7,8.8,1.5,1.5,0.0,light,True,9.1,77.0,12.3
07e6a238b1d55bbbbd8609ebde82bbee,Kuala Lumpur,MY,2026-07-05,Asia,Tropical,2026,7,July,Sunday,Summer,30.4,24.4,27.1,6.0,11.7,11.7,0.0,heavy,True,8.0,85.0,12.3
7abc7b16d190c82024e5a58102d23dc7,Kuala Lumpur,MY,2026-07-06,Asia,Tropical,2026,7,July,Monday,Summer,33.9,23.8,27.9,10.1,5.2,5.2,0.0,moderate,True,9.7,81.0,12.3
a5adf71e158c1617ba2ba5abd54199ac,Kuala Lumpur,MY,2026-07-07,Asia,Tropical,2026,7,July,Tuesday,Summer,32.1,23.8,27.7,8.3,9.0,9.0,0.0,heavy,True,10.7,83.0,12.29
0e118aeb2ae1608a9aafb1b144ca8ce2,Kuala Lumpur,MY,2026-07-08,Asia,Tropical,2026,7,July,Wednesday,Summer,32.3,24.3,28.3,8.0,1.0,1.0,0.0,light,True,9.0,76.0,12.29
cfe0634f7e8569389d332acf66bc670e,Kuala Lumpur,MY,2026-07-09,Asia,Tropical,2026,7,July,Thursday,Summer,33.2,24.6,28.6,8.6,0.9,0.9,0.0,light,True,10.2,72.0,12.29
cbbc251f1225ab909a6db68ed0923e69,Kuala Lumpur,MY,2026-07-10,Asia,Tropical,2026,7,July,Friday,Summer,32.8,25.3,28.8,7.5,0.5,0.5,0.0,light,True,8.2,76.0,12.29
6951094b0af5d4f5ea951fa739fb6c06,Kuala Lumpur,MY,2026-07-11,Asia,Tropical,2026,7,July,Saturday,Summer,30.6,24.7,27.1,5.9,3.6,3.6,0.0,moderate,True,8.2,84.0,12.29
d828e3d0c77afe5452abc13ba4a49c32,Kuala Lumpur,MY,2026-07-12,Asia,Tropical,2026,7,July,Sunday,Summer,32.5,25.1,28.4,7.4,2.0,2.0,0.0,light,True,10.0,80.0,12.29
c2d10953b3439de3f11930a069d33d60,Kuala Lumpur,MY,2026-07-13,Asia,Tropical,2026,7,July,Monday,Summer,32.6,25.2,28.7,7.4,2.0,2.0,0.0,light,True,11.2,77.0,12.29
66e63cfdb785022b8ca33a3a0092fdcb,Kuala Lumpur,MY,2026-07-14,Asia,Tropical,2026,7,July,Tuesday,Summer,33.3,25.5,29.2,7.8,1.3,1.3,0.0,light,True,11.6,73.0,12.29
57c312492a85ea611c363fbae6885ca1,Kuala Lumpur,MY,2026-07-15,Asia,Tropical,2026,7,July,Wednesday,Summer,34.2,25.7,29.7,8.5,1.0,1.0,0.0,light,True,10.9,70.0,12.28
7ec7f428f914a92e8d7ee9fda533d93d,Kuala Lumpur,MY,2026-07-16,Asia,Tropical,2026,7,July,Thursday,Summer,33.5,26.1,29.5,7.4,1.4,1.4,0.0,light,True,9.4,73.0,12.28
cdea30723175a9cf4a0b4c564c435d0c,Kuala Lumpur,MY,2026-07-17,Asia,Tropical,2026,7,July,Friday,Summer,33.5,25.0,28.1,8.5,12.4,12.4,0.0,heavy,True,12.2,83.0,12.28
e177fd665f60f13996fe7dc256f80106,Kuala Lumpur,MY,2026-07-18,Asia,Tropical,2026,7,July,Saturday,Summer,33.1,24.5,26.8,8.6,14.0,14.0,0.0,heavy,True,11.8,86.0,12.28
3b9c66281bcc3a1ae4b8776f461d08e1,Kuala Lumpur,MY,2026-07-19,Asia,Tropical,2026,7,July,Sunday,Summer,31.8,24.8,27.2,7.0,8.4,8.4,0.0,heavy,True,13.3,85.0,12.28
3401c908b0eefbdd8f97620a87c070d1,Kuala Lumpur,MY,2026-07-20,Asia,Tropical,2026,7,July,Monday,Summer,30.0,24.2,26.5,5.8,11.1,11.1,0.0,heavy,True,12.5,86.0,12.28
6e6a69340c47b29046c2d5ffb0efa4a5,Kuala Lumpur,MY,2026-07-21,Asia,Tropical,2026,7,July,Tuesday,Summer,32.3,23.9,27.1,8.4,7.5,7.5,0.0,moderate,True,9.0,84.0,12.27
2ef5cc383f6b4b1c2cfa68d1510499ca,Kuala Lumpur,MY,2026-07-22,Asia,Tropical,2026,7,July,Wednesday,Summer,31.4,23.2,26.5,8.2,13.4,13.4,0.0,heavy,True,9.0,87.0,12.27
5d81af8b534724823236dc7ce3813acf,Auckland,NZ,2025-07-23,Oceania,Temperate Oceanic,2025,7,July,Wednesday,Winter,13.1,5.8,8.6,7.3,0.0,0.0,0.0,dry,False,11.3,75.0,10.04
c7aba75ce689979904bc5da99342c86c,Auckland,NZ,2025-07-24,Oceania,Temperate Oceanic,2025,7,July,Thursday,Winter,13.7,4.9,8.5,8.8,0.0,0.0,0.0,dry,False,7.9,86.0,10.06
47f4d7ee6b2c111eceef3c1d545a50a1,Auckland,NZ,2025-07-25,Oceania,Temperate Oceanic,2025,7,July,Friday,Winter,14.2,5.3,10.5,8.9,0.0,0.0,0.0,dry,False,17.4,81.0,10.08
f94bb7aef5b7ae14eaaade9827592bc0,Auckland,NZ,2025-07-26,Oceania,Temperate Oceanic,2025,7,July,Saturday,Winter,15.7,12.5,13.7,3.2,0.2,0.2,0.0,light,True,20.7,77.0,10.11
dd79b060fd6333a2b41ebb12c9f0a3b0,Auckland,NZ,2025-07-27,Oceania,Temperate Oceanic,2025,7,July,Sunday,Winter,15.9,12.7,14.0,3.2,0.1,0.1,0.0,light,True,21.7,77.0,10.13
593d311c31efc6831f6eb1d9ab091288,Auckland,NZ,2025-07-28,Oceania,Temperate Oceanic,2025,7,July,Monday,Winter,16.0,13.5,14.7,2.5,0.1,0.1,0.0,light,True,37.7,76.0,10.16
1a697bceaa4bb805f7c1435806f1e72f,Auckland,NZ,2025-07-29,Oceania,Temperate Oceanic,2025,7,July,Tuesday,Winter,15.7,14.7,15.3,1.0,105.6,105.6,0.0,heavy,True,47.5,90.0,10.19
d73337eaa634eb201ce13d76317c1e43,Auckland,NZ,2025-07-30,Oceania,Temperate Oceanic,2025,7,July,Wednesday,Winter,16.2,12.0,13.7,4.2,7.5,7.5,0.0,moderate,True,18.4,86.0,10.21
f29eb1b98c8c6abfb7522293bf4bf597,Auckland,NZ,2025-07-31,Oceania,Temperate Oceanic,2025,7,July,Thursday,Winter,14.8,10.0,11.8,4.8,2.5,2.5,0.0,light,True,11.6,89.0,10.24
b28fa19839c22c13f9496d15ac2044ff,Auckland,NZ,2025-08-01,Oceania,Temperate Oceanic,2025,8,August,Friday,Winter,14.2,8.3,10.7,5.9,0.0,0.0,0.0,dry,False,13.8,80.0,10.27
aad41f2c889831ed958be55da4f3446f,Auckland,NZ,2025-08-02,Oceania,Temperate Oceanic,2025,8,August,Saturday,Winter,13.3,6.6,10.1,6.7,0.0,0.0,0.0,dry,False,22.0,77.0,10.3
1872f78ff16fd11acb8c8d8b7fc96d0d,Auckland,NZ,2025-08-03,Oceania,Temperate Oceanic,2025,8,August,Sunday,Winter,13.5,8.4,10.4,5.1,0.0,0.0,0.0,dry,False,13.7,74.0,10.33
52f9335637a4d6d5370296af96a2e105,Auckland,NZ,2025-08-04,Oceania,Temperate Oceanic,2025,8,August,Monday,Winter,13.1,7.6,10.2,5.5,0.0,0.0,0.0,dry,False,18.2,73.0,10.36
ef1433718c6c68515f1a238811e57088,Auckland,NZ,2025-08-05,Oceania,Temperate Oceanic,2025,8,August,Tuesday,Winter,14.0,10.9,12.3,3.1,0.6,0.6,0.0,light,True,31.6,78.0,10.39
3844a3c0b1c23f838ce4c7e757bb885d,Auckland,NZ,2025-08-06,Oceania,Temperate Oceanic,2025,8,August,Wednesday,Winter,14.5,12.1,13.0,2.4,1.0,1.0,0.0,light,True,25.8,78.0,10.42
aafdaf3bf705dd1f453d8c07fd469c1e,Auckland,NZ,2025-08-07,Oceania,Temperate Oceanic,2025,8,August,Thursday,Winter,15.1,13.1,13.9,2.0,1.1,1.1,0.0,light,True,24.9,81.0,10.45
9439ba0528608aeb46ee749438037db2,Auckland,NZ,2025-08-08,Oceania,Temperate Oceanic,2025,8,August,Friday,Winter,15.0,12.0,13.6,3.0,11.9,11.9,0.0,heavy,True,30.1,81.0,10.48
2cf371a7ec41d7faefca730421852052,Auckland,NZ,2025-08-09,Oceania,Temperate Oceanic,2025,8,August,Saturday,Winter,12.0,8.1,10.9,3.9,1.1,1.1,0.0,light,True,24.8,68.0,10.51
d7b771a280ca41d50e3f422cc7c0328c,Auckland,NZ,2025-08-10,Oceania,Temperate Oceanic,2025,8,August,Sunday,Winter,11.6,6.9,8.7,4.7,0.0,0.0,0.0,dry,False,25.7,67.0,10.54
ff743a7ceed7d7ea8d719926a27cd441,Auckland,NZ,2025-08-11,Oceania,Temperate Oceanic,2025,8,August,Monday,Winter,13.3,5.5,8.9,7.8,0.0,0.0,0.0,dry,False,12.4,76.0,10.57
384f904b14f8bdf8dcbe4d48944a2c23,Auckland,NZ,2025-08-12,Oceania,Temperate Oceanic,2025,8,August,Tuesday,Winter,13.3,6.6,9.6,6.7,0.0,0.0,0.0,dry,False,11.5,76.0,10.61
4c986408c2bbc9fe98e3b8b84ff8629d,Auckland,NZ,2025-08-13,Oceania,Temperate Oceanic,2025,8,August,Wednesday,Winter,13.7,6.9,9.7,6.8,0.0,0.0,0.0,dry,False,10.9,80.0,10.64
dbaccaad8ad7cdcffb9fc4162aba9e28,Auckland,NZ,2025-08-14,Oceania,Temperate Oceanic,2025,8,August,Thursday,Winter,13.2,5.3,8.6,7.9,4.8,4.8,0.0,moderate,True,10.1,93.0,10.67
55cba19a9e80341d4fe7d14dc0fe4352,Auckland,NZ,2025-08-15,Oceania,Temperate Oceanic,2025,8,August,Friday,Winter,14.2,5.6,9.3,8.6,0.0,0.0,0.0,dry,False,6.0,87.0,10.7
b27ed2690ebc34d252789a69d887c702,Auckland,NZ,2025-08-16,Oceania,Temperate Oceanic,2025,8,August,Saturday,Winter,14.2,8.2,11.9,6.0,11.8,11.8,0.0,heavy,True,29.0,82.0,10.74
b959299d8529e9dcc64b2f7a23f60cf9,Auckland,NZ,2025-08-17,Oceania,Temperate Oceanic,2025,8,August,Sunday,Winter,15.0,12.2,13.6,2.8,17.8,17.8,0.0,heavy,True,32.4,92.0,10.77
a88a408f8ee8ad46bf609a709af72c63,Auckland,NZ,2025-08-18,Oceania,Temperate Oceanic,2025,8,August,Monday,Winter,14.5,11.4,13.0,3.1,3.0,3.0,0.0,moderate,True,28.0,83.0,10.81
e8e4742e01791124cefdee8fda9e2128,Auckland,NZ,2025-08-19,Oceania,Temperate Oceanic,2025,8,August,Tuesday,Winter,12.1,8.2,10.2,3.9,3.9,3.9,0.0,moderate,True,21.7,79.0,10.84
2d3d0afb4195f91ff34cb8034d6a36cb,Auckland,NZ,2025-08-20,Oceania,Temperate Oceanic,2025,8,August,Wednesday,Winter,12.5,6.2,9.3,6.3,0.0,0.0,0.0,dry,False,23.5,70.0,10.87
d8393080e9660435b52b248a1a8a5b17,Auckland,NZ,2025-08-21,Oceania,Temperate Oceanic,2025,8,August,Thursday,Winter,13.6,6.1,9.7,7.5,0.0,0.0,0.0,dry,False,14.8,76.0,10.91
b315b23f51d4c34acd1aa132078719ba,Auckland,NZ,2025-08-22,Oceania,Temperate Oceanic,2025,8,August,Friday,Winter,13.5,6.1,9.7,7.4,0.2,0.2,0.0,light,True,9.2,79.0,10.94
af8a7b6acac30c67e461f8e8550c4fbe,Auckland,NZ,2025-08-23,Oceania,Temperate Oceanic,2025,8,August,Saturday,Winter,12.5,7.1,9.4,5.4,1.5,1.5,0.0,light,True,11.4,83.0,10.98
03ab64aa00b3224ea7214f0c828b79bc,Auckland,NZ,2025-08-24,Oceania,Temperate Oceanic,2025,8,August,Sunday,Winter,13.7,6.1,10.0,7.6,8.4,8.4,0.0,heavy,True,15.9,87.0,11.02
024a2fea044c18cf8abcfc6933d1993e,Auckland,NZ,2025-08-25,Oceania,Temperate Oceanic,2025,8,August,Monday,Winter,14.8,10.7,12.6,4.1,2.9,2.9,0.0,moderate,True,20.3,85.0,11.05
261e24585740a668f7f848f99a663a56,Auckland,NZ,2025-08-26,Oceania,Temperate Oceanic,2025,8,August,Tuesday,Winter,15.8,11.9,13.4,3.9,0.0,0.0,0.0,dry,False,21.5,76.0,11.09
a78c7f85a8698af34da76b4af0225ef6,Auckland,NZ,2025-08-27,Oceania,Temperate Oceanic,2025,8,August,Wednesday,Winter,15.6,11.4,13.2,4.2,1.4,1.4,0.0,light,True,22.2,80.0,11.12
09eb4e60d6bb47719a3f8003689d505f,Auckland,NZ,2025-08-28,Oceania,Temperate Oceanic,2025,8,August,Thursday,Winter,16.2,8.2,12.8,8.0,3.1,3.1,0.0,moderate,True,27.5,85.0,11.16
8024a24d4fd94818a96bd75572a15033,Auckland,NZ,2025-08-29,Oceania,Temperate Oceanic,2025,8,August,Friday,Winter,15.0,11.8,13.4,3.2,3.1,3.1,0.0,moderate,True,34.6,79.0,11.2
24665c02c9a376a026dd424a570704b9,Auckland,NZ,2025-08-30,Oceania,Temperate Oceanic,2025,8,August,Saturday,Winter,15.5,12.5,13.8,3.0,1.0,1.0,0.0,light,True,21.8,73.0,11.24
c2793f384134b5216d1727da93fd768f,Auckland,NZ,2025-08-31,Oceania,Temperate Oceanic,2025,8,August,Sunday,Winter,14.8,11.2,12.7,3.6,9.0,9.0,0.0,heavy,True,42.3,79.0,11.27
f80ac3c196f5e69ef3597d8a9cf1094c,Auckland,NZ,2025-09-01,Oceania,Temperate Oceanic,2025,9,September,Monday,Spring,15.9,12.3,13.9,3.6,0.0,0.0,0.0,dry,False,33.6,65.0,11.31
260d7f0bb722508eedeaa857d4dae5f7,Auckland,NZ,2025-09-02,Oceania,Temperate Oceanic,2025,9,September,Tuesday,Spring,15.7,12.6,13.7,3.1,0.5,0.5,0.0,light,True,22.9,73.0,11.35
514dc740d74d5c3fcc1fb99883df08cc,Auckland,NZ,2025-09-03,Oceania,Temperate Oceanic,2025,9,September,Wednesday,Spring,15.6,10.1,13.0,5.5,1.0,1.0,0.0,light,True,14.9,76.0,11.38
083ee63a9622bc3a098619760b0b97af,Auckland,NZ,2025-09-04,Oceania,Temperate Oceanic,2025,9,September,Thursday,Spring,16.6,8.0,12.1,8.6,0.3,0.3,0.0,light,True,10.6,78.0,11.42
56fb41cf1e9145c76f18b8eecd32d960,Auckland,NZ,2025-09-05,Oceania,Temperate Oceanic,2025,9,September,Friday,Spring,16.5,9.5,13.0,7.0,0.0,0.0,0.0,dry,False,19.1,82.0,11.46
8285e9d8b48ff6437dba4d0a21ab045e,Auckland,NZ,2025-09-06,Oceania,Temperate Oceanic,2025,9,September,Saturday,Spring,14.3,11.0,12.5,3.3,10.7,10.7,0.0,heavy,True,24.0,82.0,11.49
ca6a4384c1316a874ac90f5076e81f80,Auckland,NZ,2025-09-07,Oceania,Temperate Oceanic,2025,9,September,Sunday,Spring,15.0,10.9,12.5,4.1,0.4,0.4,0.0,light,True,28.1,64.0,11.53
c2a8d11cf2dfaff2f33f8077fdc53d7d,Auckland,NZ,2025-09-08,Oceania,Temperate Oceanic,2025,9,September,Monday,Spring,14.3,7.0,10.7,7.3,0.0,0.0,0.0,dry,False,16.1,74.0,11.57
ff413b625e53577712ea8f4b678f5c2a,Auckland,NZ,2025-09-09,Oceania,Temperate Oceanic,2025,9,September,Tuesday,Spring,13.9,6.5,10.1,7.4,1.0,1.0,0.0,light,True,12.2,85.0,11.61
905dd4b0977a1a3511d2477bb23d8aac,Auckland,NZ,2025-09-10,Oceania,Temperate Oceanic,2025,9,September,Wednesday,Spring,17.2,11.8,14.3,5.4,6.5,6.5,0.0,moderate,True,34.0,75.0,11.65
3de52d27afbb3b29211a77f0c647c33b,Auckland,NZ,2025-09-11,Oceania,Temperate Oceanic,2025,9,September,Thursday,Spring,15.9,11.1,13.2,4.8,3.2,3.2,0.0,moderate,True,21.1,66.0,11.68
06e06dad1843ae954c38f0619fd4d065,Auckland,NZ,2025-09-12,Oceania,Temperate Oceanic,2025,9,September,Friday,Spring,16.9,11.2,13.7,5.7,20.0,20.0,0.0,heavy,True,37.2,79.0,11.72
6df0edcb20fd752c5f148478dd380f58,Auckland,NZ,2025-09-13,Oceania,Temperate Oceanic,2025,9,September,Saturday,Spring,15.6,11.8,13.4,3.8,1.3,1.3,0.0,light,True,34.2,70.0,11.76
19d464c1011d70aeed7e2b1b075fcfe9,Auckland,NZ,2025-09-14,Oceania,Temperate Oceanic,2025,9,September,Sunday,Spring,15.7,12.9,14.0,2.8,0.7,0.7,0.0,light,True,36.3,71.0,11.8
eb9ad51652f2c5de86bbcb6ceb646747,Auckland,NZ,2025-09-15,Oceania,Temperate Oceanic,2025,9,September,Monday,Spring,16.2,12.4,13.7,3.8,1.5,1.5,0.0,light,True,21.5,75.0,11.84
28ff15dfa4c7210e5956c94473012eca,Auckland,NZ,2025-09-16,Oceania,Temperate Oceanic,2025,9,September,Tuesday,Spring,16.8,13.0,14.6,3.8,1.3,1.3,0.0,light,True,25.8,78.0,11.88
8ff4fde67536d6d9ec579259b9402cb3,Auckland,NZ,2025-09-17,Oceania,Temperate Oceanic,2025,9,September,Wednesday,Spring,17.7,12.9,14.8,4.8,0.0,0.0,0.0,dry,False,22.6,81.0,11.92
8a76a07874948bec453f4de46a88ac01,Auckland,NZ,2025-09-18,Oceania,Temperate Oceanic,2025,9,September,Thursday,Spring,16.5,12.7,14.5,3.8,5.8,5.8,0.0,moderate,True,34.5,81.0,11.96
a611a3bb80898c695596c5b5f783367a,Auckland,NZ,2025-09-19,Oceania,Temperate Oceanic,2025,9,September,Friday,Spring,15.1,8.9,12.6,6.2,0.5,0.5,0.0,light,True,20.5,70.0,11.99
7f38b112469da86e3bf16d433b9d3388,Auckland,NZ,2025-09-20,Oceania,Temperate Oceanic,2025,9,September,Saturday,Spring,14.3,8.5,12.0,5.8,1.8,1.8,0.0,light,True,23.0,73.0,12.03
4edafbb0ac2a42a5a2ed3769155ff104,Auckland,NZ,2025-09-21,Oceania,Temperate Oceanic,2025,9,September,Sunday,Spring,15.8,12.3,14.5,3.5,0.7,0.7,0.0,light,True,32.1,74.0,12.07
8e28f4367bca3bbe52c00f4209aacb33,Auckland,NZ,2025-09-22,Oceania,Temperate Oceanic,2025,9,September,Monday,Spring,17.0,14.7,15.5,2.3,2.1,2.1,0.0,light,True,27.6,80.0,12.11
ba28b294da85bb37958245b04d99652c,Auckland,NZ,2025-09-23,Oceania,Temperate Oceanic,2025,9,September,Tuesday,Spring,16.7,14.9,15.4,1.8,19.0,19.0,0.0,heavy,True,28.9,89.0,12.15
fcb12a5c273a4e23304f3aa920212901,Auckland,NZ,2025-09-24,Oceania,Temperate Oceanic,2025,9,September,Wednesday,Spring,17.8,14.4,15.5,3.4,23.0,23.0,0.0,heavy,True,28.2,93.0,12.19
42bf710acc2cbb8cdaacd8d1c36ba775,Auckland,NZ,2025-09-25,Oceania,Temperate Oceanic,2025,9,September,Thursday,Spring,16.3,12.4,14.2,3.9,3.2,3.2,0.0,moderate,True,24.8,80.0,12.23
ed3ed6f60d7425de602ccbad7a4592cf,Auckland,NZ,2025-09-26,Oceania,Temperate Oceanic,2025,9,September,Friday,Spring,16.9,11.3,14.1,5.6,0.9,0.9,0.0,light,True,24.7,70.0,12.26
e1f83e365059ca77249aed30a9cfb697,Auckland,NZ,2025-09-27,Oceania,Temperate Oceanic,2025,9,September,Saturday,Spring,17.9,12.4,14.6,5.5,2.5,2.5,0.0,light,True,15.7,87.0,12.3
36089a1290ec22d91161e2547724e506,Auckland,NZ,2025-09-28,Oceania,Temperate Oceanic,2025,9,September,Sunday,Spring,19.9,12.9,16.0,7.0,1.0,1.0,0.0,light,True,17.7,86.0,12.34
8dfbd0adf72372a56e310d073ab6280e,Auckland,NZ,2025-09-29,Oceania,Temperate Oceanic,2025,9,September,Monday,Spring,18.2,13.5,15.5,4.7,2.4,2.4,0.0,light,True,27.5,85.0,12.38
f4c3380f6d5471d0c5c86906526e6d1b,Auckland,NZ,2025-09-30,Oceania,Temperate Oceanic,2025,9,September,Tuesday,Spring,16.3,11.4,13.6,4.9,0.2,0.2,0.0,light,True,12.3,71.0,12.42
19b4e58b49a485aa6190758b0202864e,Auckland,NZ,2025-10-01,Oceania,Temperate Oceanic,2025,10,October,Wednesday,Spring,17.2,11.2,14.1,6.0,0.8,0.8,0.0,light,True,24.4,72.0,12.46
c2fea8adadd33f2249163de874f3b9dd,Auckland,NZ,2025-10-02,Oceania,Temperate Oceanic,2025,10,October,Thursday,Spring,19.2,11.5,15.5,7.7,0.9,0.9,0.0,light,True,24.2,85.0,12.5
5481319e532c8ea2bbb14dbb0d4a9efd,Auckland,NZ,2025-10-03,Oceania,Temperate Oceanic,2025,10,October,Friday,Spring,17.3,15.4,16.2,1.9,9.4,9.4,0.0,heavy,True,19.2,94.0,12.54
5389569886e7ce1120f9d27bdbc0db54,Auckland,NZ,2025-10-04,Oceania,Temperate Oceanic,2025,10,October,Saturday,Spring,16.4,11.6,14.2,4.8,7.5,7.5,0.0,moderate,True,21.9,85.0,12.58
9b4ea670cc8d9bbf9b3deb91719e899b,Auckland,NZ,2025-10-05,Oceania,Temperate Oceanic,2025,10,October,Sunday,Spring,15.9,11.2,13.2,4.7,1.5,1.5,0.0,light,True,22.7,76.0,12.62
00b3fc4bad42644a437f56280f2f92dc,Auckland,NZ,2025-10-06,Oceania,Temperate Oceanic,2025,10,October,Monday,Spring,16.5,12.2,14.1,4.3,2.3,2.3,0.0,light,True,26.9,76.0,12.66
b18dcf8f4bc2e6c83b3439b3cd74e33c,Auckland,NZ,2025-10-07,Oceania,Temperate Oceanic,2025,10,October,Tuesday,Spring,16.7,12.9,14.9,3.8,8.9,8.9,0.0,heavy,True,32.2,74.0,12.69
6a82d82ad8d42bdd1424925834108af7,Auckland,NZ,2025-10-08,Oceania,Temperate Oceanic,2025,10,October,Wednesday,Spring,17.3,11.5,14.1,5.8,0.0,0.0,0.0,dry,False,17.8,66.0,12.73
f4c28fb3ef6dd4b9a18ccc94b5594736,Auckland,NZ,2025-10-09,Oceania,Temperate Oceanic,2025,10,October,Thursday,Spring,17.0,9.4,13.9,7.6,1.8,1.8,0.0,light,True,15.1,83.0,12.77
ca57cfeab83ba1c0b700e325fa990c32,Auckland,NZ,2025-10-10,Oceania,Temperate Oceanic,2025,10,October,Friday,Spring,19.8,15.5,17.1,4.3,1.6,1.6,0.0,light,True,25.3,85.0,12.81
11cb06ed8093291fae16ed07ddfaa704,Auckland,NZ,2025-10-11,Oceania,Temperate Oceanic,2025,10,October,Saturday,Spring,20.3,14.8,17.1,5.5,0.1,0.1,0.0,light,True,18.4,81.0,12.85
f896a42bdcb50ab840ac40fb54d130a4,Auckland,NZ,2025-10-12,Oceania,Temperate Oceanic,2025,10,October,Sunday,Spring,20.3,14.5,17.1,5.8,0.2,0.2,0.0,light,True,28.1,78.0,12.89
d70ece5752661f71c93781edfdf5c194,Auckland,NZ,2025-10-13,Oceania,Temperate Oceanic,2025,10,October,Monday,Spring,19.4,15.9,17.6,3.5,4.3,4.3,0.0,moderate,True,24.9,88.0,12.93
01437ad0cd15e92b603f3789e1152e34,Auckland,NZ,2025-10-14,Oceania,Temperate Oceanic,2025,10,October,Tuesday,Spring,17.4,13.3,15.7,4.1,33.4,33.4,0.0,heavy,True,28.5,87.0,12.96
6b107c0ab0e1fbb4641eba19df4345de,Auckland,NZ,2025-10-15,Oceania,Temperate Oceanic,2025,10,October,Wednesday,Spring,16.4,12.4,14.1,4.0,0.8,0.8,0.0,light,True,21.1,68.0,13.0
e98bd1070677d005ff4f50f7855131e1,Auckland,NZ,2025-10-16,Oceania,Temperate Oceanic,2025,10,October,Thursday,Spring,17.5,12.5,14.8,5.0,1.2,1.2,0.0,light,True,24.5,73.0,13.04
8b0526ff8ad7dda5462a7d9dee0d9138,Auckland,NZ,2025-10-17,Oceania,Temperate Oceanic,2025,10,October,Friday,Spring,16.7,11.5,14.3,5.2,0.0,0.0,0.0,dry,False,16.4,76.0,13.08
5e67662c9be4ae5e87a4408c37d47b6e,Auckland,NZ,2025-10-18,Oceania,Temperate Oceanic,2025,10,October,Saturday,Spring,17.2,9.3,13.6,7.9,0.6,0.6,0.0,light,True,11.7,86.0,13.12
5e3f9a742f982fc5c0a7e0e39435e1ce,Auckland,NZ,2025-10-19,Oceania,Temperate Oceanic,2025,10,October,Sunday,Spring,20.3,12.2,16.2,8.1,0.0,0.0,0.0,dry,False,17.8,76.0,13.15
9be2524e1a3fdfcd39022f76495841c7,Auckland,NZ,2025-10-20,Oceania,Temperate Oceanic,2025,10,October,Monday,Spring,21.4,14.9,17.5,6.5,0.0,0.0,0.0,dry,False,15.6,77.0,13.19
326647e9ee31bd058a4f7cea7ca2fca2,Auckland,NZ,2025-10-21,Oceania,Temperate Oceanic,2025,10,October,Tuesday,Spring,21.3,15.6,17.9,5.7,0.1,0.1,0.0,light,True,27.9,79.0,13.23
31bdf134069e597896adc21046756835,Auckland,NZ,2025-10-22,Oceania,Temperate Oceanic,2025,10,October,Wednesday,Spring,18.9,16.7,17.6,2.2,6.4,6.4,0.0,moderate,True,24.3,91.0,13.27
0d6fea66ef31cbe87b877e3fa1abadda,Auckland,NZ,2025-10-23,Oceania,Temperate Oceanic,2025,10,October,Thursday,Spring,21.7,16.3,18.8,5.4,6.0,6.0,0.0,moderate,True,30.1,86.0,13.3
af720717e166805ee08a0d08a22bd56d,Auckland,NZ,2025-10-24,Oceania,Temperate Oceanic,2025,10,October,Friday,Spring,19.2,13.1,16.0,6.1,6.2,6.2,0.0,moderate,True,15.7,79.0,13.34
ef075b2188893c8af56117e2021ee358,Auckland,NZ,2025-10-25,Oceania,Temperate Oceanic,2025,10,October,Saturday,Spring,17.1,12.7,14.5,4.4,1.1,1.1,0.0,light,True,21.5,71.0,13.38
47a85e0a14951ba50a04e509c2ea8504,Auckland,NZ,2025-10-26,Oceania,Temperate Oceanic,2025,10,October,Sunday,Spring,17.0,12.8,14.9,4.2,0.8,0.8,0.0,light,True,23.3,66.0,13.42
b13a268251171d094133f1754e1ef03a,Auckland,NZ,2025-10-27,Oceania,Temperate Oceanic,2025,10,October,Monday,Spring,19.4,13.0,16.6,6.4,2.5,2.5,0.0,light,True,31.5,78.0,13.45
526c95f7e5ded682bef0cf0029374475,Auckland,NZ,2025-10-28,Oceania,Temperate Oceanic,2025,10,October,Tuesday,Spring,18.4,12.1,15.1,6.3,30.1,30.1,0.0,heavy,True,36.7,77.0,13.49
f9d505f8e1ea3e517878459ab05ebd57,Auckland,NZ,2025-10-29,Oceania,Temperate Oceanic,2025,10,October,Wednesday,Spring,17.4,12.5,14.5,4.9,0.1,0.1,0.0,light,True,26.9,62.0,13.53
abcc91885549e40bc32c2d7d74742087,Auckland,NZ,2025-10-30,Oceania,Temperate Oceanic,2025,10,October,Thursday,Spring,16.6,11.4,14.2,5.2,0.3,0.3,0.0,light,True,7.5,77.0,13.56
e308854d364765d4728223b8b485712e,Auckland,NZ,2025-10-31,Oceania,Temperate Oceanic,2025,10,October,Friday,Spring,17.5,12.6,14.9,4.9,0.1,0.1,0.0,light,True,22.1,68.0,13.6
b36ff3f8d3563019f54f0d9f4abb81f7,Auckland,NZ,2025-11-01,Oceania,Temperate Oceanic,2025,11,November,Saturday,Spring,18.4,11.9,15.4,6.5,0.8,0.8,0.0,light,True,20.8,73.0,13.63
4b9bb2eec2ff649595f863a8553432cc,Auckland,NZ,2025-11-02,Oceania,Temperate Oceanic,2025,11,November,Sunday,Spring,18.7,13.8,16.2,4.9,0.5,0.5,0.0,light,True,13.5,74.0,13.67
1f3391930062d2fbd70dd79f463ac96a,Auckland,NZ,2025-11-03,Oceania,Temperate Oceanic,2025,11,November,Monday,Spring,19.6,10.9,15.7,8.7,0.0,0.0,0.0,dry,False,17.9,72.0,13.7
ee14e0a4268980ca73a0dc33424703e6,Auckland,NZ,2025-11-04,Oceania,Temperate Oceanic,2025,11,November,Tuesday,Spring,20.4,12.9,16.7,7.5,0.6,0.6,0.0,light,True,11.4,77.0,13.73
9fe3567f6cd43cff43466e3998f105b1,Auckland,NZ,2025-11-05,Oceania,Temperate Oceanic,2025,11,November,Wednesday,Spring,23.0,12.4,17.8,10.6,0.0,0.0,0.0,dry,False,8.5,65.0,13.77
5f2f7645ab273702c61f380d6ceb853d,Auckland,NZ,2025-11-06,Oceania,Temperate Oceanic,2025,11,November,Thursday,Spring,21.7,12.7,18.1,9.0,0.2,0.2,0.0,light,True,14.5,72.0,13.8
a2b8bd416aa8cf1b26cf73ecde5efb12,Auckland,NZ,2025-11-07,Oceania,Temperate Oceanic,2025,11,November,Friday,Spring,23.1,16.5,19.4,6.6,0.0,0.0,0.0,dry,False,16.4,76.0,13.83
9b7a45f41936268b572c0d2cf59d1026,Auckland,NZ,2025-11-08,Oceania,Temperate Oceanic,2025,11,November,Saturday,Spring,22.5,15.7,18.8,6.8,1.2,1.2,0.0,light,True,13.8,83.0,13.87
1c269190eaa345f35289ca484e4b836b,Auckland,NZ,2025-11-09,Oceania,Temperate Oceanic,2025,11,November,Sunday,Spring,22.1,16.9,19.2,5.2,8.2,8.2,0.0,heavy,True,12.5,85.0,13.9
ac7790627a51284d15c4c27bd63e113e,Auckland,NZ,2025-11-10,Oceania,Temperate Oceanic,2025,11,November,Monday,Spring,21.6,17.8,19.5,3.8,9.1,9.1,0.0,heavy,True,19.4,85.0,13.93
b1b8d4efc76fac9b22065ed712ddd229,Auckland,NZ,2025-11-11,Oceania,Temperate Oceanic,2025,11,November,Tuesday,Spring,21.2,15.6,18.2,5.6,4.7,4.7,0.0,moderate,True,16.3,77.0,13.96
ad8f5c46a8746556b5e3a845eb21e1ec,Auckland,NZ,2025-11-12,Oceania,Temperate Oceanic,2025,11,November,Wednesday,Spring,19.3,14.1,17.3,5.2,19.2,19.2,0.0,heavy,True,39.7,86.0,14.0
dc3acb521fb6e8ff2e76f43ee1a2fa47,Auckland,NZ,2025-11-13,Oceania,Temperate Oceanic,2025,11,November,Thursday,Spring,18.9,14.3,17.0,4.6,8.0,8.0,0.0,heavy,True,33.4,82.0,14.03
d0dd7d65a9c3084cffb33271f9807dc1,Auckland,NZ,2025-11-14,Oceania,Temperate Oceanic,2025,11,November,Friday,Spring,18.4,13.2,15.9,5.2,1.6,1.6,0.0,light,True,26.7,75.0,14.06
4bc910da39343031ad0775b4a0299068,Auckland,NZ,2025-11-15,Oceania,Temperate Oceanic,2025,11,November,Saturday,Spring,18.7,13.4,16.4,5.3,2.7,2.7,0.0,moderate,True,25.7,74.0,14.09
f9d210a6da19f3cb3b9c3a3b88869f0d,Auckland,NZ,2025-11-16,Oceania,Temperate Oceanic,2025,11,November,Sunday,Spring,18.8,11.7,15.6,7.1,0.0,0.0,0.0,dry,False,13.7,67.0,14.12
21b2a1126ee07c8f3cdcb0198a51f4c9,Auckland,NZ,2025-11-17,Oceania,Temperate Oceanic,2025,11,November,Monday,Spring,20.7,15.6,18.1,5.1,0.0,0.0,0.0,dry,False,24.4,74.0,14.15
d82f4c382271d5dae6c95800ad9a03b0,Auckland,NZ,2025-11-18,Oceania,Temperate Oceanic,2025,11,November,Tuesday,Spring,20.3,17.3,18.9,3.0,35.8,35.8,0.0,heavy,True,35.7,89.0,14.18
900b2eb08bc159cbce5a72bbb2d0c06a,Auckland,NZ,2025-11-19,Oceania,Temperate Oceanic,2025,11,November,Wednesday,Spring,21.5,18.1,19.1,3.4,22.8,22.8,0.0,heavy,True,21.5,93.0,14.2
933b839869ad269a420ac1fe4eeb4deb,Auckland,NZ,2025-11-20,Oceania,Temperate Oceanic,2025,11,November,Thursday,Spring,22.2,16.0,18.7,6.2,0.4,0.4,0.0,light,True,11.9,81.0,14.23
ecbb97ca734235f24b6a0019e9ceff1d,Auckland,NZ,2025-11-21,Oceania,Temperate Oceanic,2025,11,November,Friday,Spring,22.1,15.4,18.1,6.7,0.3,0.3,0.0,light,True,10.3,84.0,14.26
f556cd987c185deeed9268b00758668f,Auckland,NZ,2025-11-22,Oceania,Temperate Oceanic,2025,11,November,Saturday,Spring,22.4,15.3,18.4,7.1,0.0,0.0,0.0,dry,False,11.8,81.0,14.28
588c29f4eb3ca366f6ab8211a2935939,Auckland,NZ,2025-11-23,Oceania,Temperate Oceanic,2025,11,November,Sunday,Spring,21.6,16.0,18.3,5.6,1.8,1.8,0.0,light,True,15.5,78.0,14.31
aa58a0ecb27e9b9c44dbe43012fb6f65,Auckland,NZ,2025-11-24,Oceania,Temperate Oceanic,2025,11,November,Monday,Spring,21.4,15.4,17.9,6.0,0.0,0.0,0.0,dry,False,14.2,71.0,14.33
96e90911a6c6b75a8912afc48348c4a9,Auckland,NZ,2025-11-25,Oceania,Temperate Oceanic,2025,11,November,Tuesday,Spring,21.3,15.2,18.9,6.1,1.7,1.7,0.0,light,True,22.8,77.0,14.36
7981183168d3a2f355aaa19863ee6c43,Auckland,NZ,2025-11-26,Oceania,Temperate Oceanic,2025,11,November,Wednesday,Spring,22.1,18.5,20.1,3.6,2.3,2.3,0.0,light,True,19.1,82.0,14.38
40fda34b04e3c89814f7628627787ba5,Auckland,NZ,2025-11-27,Oceania,Temperate Oceanic,2025,11,November,Thursday,Spring,23.3,18.5,20.9,4.8,2.1,2.1,0.0,light,True,16.2,82.0,14.4
b8a29db256b2f21a1686909f5683a1be,Auckland,NZ,2025-11-28,Oceania,Temperate Oceanic,2025,11,November,Friday,Spring,25.0,18.1,21.0,6.9,4.8,4.8,0.0,moderate,True,22.1,79.0,14.42
68a767140457802c7d9d233334d2163a,Auckland,NZ,2025-11-29,Oceania,Temperate Oceanic,2025,11,November,Saturday,Spring,23.6,16.2,19.6,7.4,0.0,0.0,0.0,dry,False,14.4,72.0,14.44
d7e35d83997588ffb9168286d73d57ed,Auckland,NZ,2025-11-30,Oceania,Temperate Oceanic,2025,11,November,Sunday,Spring,23.2,15.1,19.6,8.1,11.7,11.7,0.0,heavy,True,26.0,85.0,14.46
4a770f4a4576a370b28490b13db75ce9,Auckland,NZ,2025-12-01,Oceania,Temperate Oceanic,2025,12,December,Monday,Summer,22.4,17.0,19.7,5.4,0.0,0.0,0.0,dry,False,19.1,71.0,14.48
ab7e6eb4785c701e904edb7469831c19,Auckland,NZ,2025-12-02,Oceania,Temperate Oceanic,2025,12,December,Tuesday,Summer,21.9,16.5,19.7,5.4,6.6,6.6,0.0,moderate,True,20.0,85.0,14.5
efd6800395b15667426da591fed93ad3,Auckland,NZ,2025-12-03,Oceania,Temperate Oceanic,2025,12,December,Wednesday,Summer,23.1,15.2,19.3,7.9,21.9,21.9,0.0,heavy,True,27.5,86.0,14.52
f65dff1ecd93850f9d570ef459ebe2ba,Auckland,NZ,2025-12-04,Oceania,Temperate Oceanic,2025,12,December,Thursday,Summer,19.6,15.3,17.2,4.3,2.2,2.2,0.0,light,True,35.5,68.0,14.54
ccada0c73f019c879c41c61017113c07,Auckland,NZ,2025-12-05,Oceania,Temperate Oceanic,2025,12,December,Friday,Summer,21.1,16.1,18.4,5.0,0.1,0.1,0.0,light,True,25.8,68.0,14.55
85baaf293be79b0a79ef346fd7f68df1,Auckland,NZ,2025-12-06,Oceania,Temperate Oceanic,2025,12,December,Saturday,Summer,24.8,16.8,20.3,8.0,0.0,0.0,0.0,dry,False,13.6,71.0,14.57
4f5b94becc21c6a28eb4a6592452c669,Auckland,NZ,2025-12-07,Oceania,Temperate Oceanic,2025,12,December,Sunday,Summer,28.6,16.9,21.9,11.7,0.0,0.0,0.0,dry,False,15.0,60.0,14.59
12d899bc64c6d0b5693155b58c8d2acd,Auckland,NZ,2025-12-08,Oceania,Temperate Oceanic,2025,12,December,Monday,Summer,26.3,15.1,20.9,11.2,0.0,0.0,0.0,dry,False,13.0,67.0,14.6
8710251418e4f62de608fa22c36103c6,Auckland,NZ,2025-12-09,Oceania,Temperate Oceanic,2025,12,December,Tuesday,Summer,25.3,17.4,21.1,7.9,0.0,0.0,0.0,dry,False,17.2,72.0,14.61
a63c0c773b344138739d5d8b1182db24,Auckland,NZ,2025-12-10,Oceania,Temperate Oceanic,2025,12,December,Wednesday,Summer,27.5,17.0,21.7,10.5,0.0,0.0,0.0,dry,False,12.9,67.0,14.62
686483763608455d485a00518733901e,Auckland,NZ,2025-12-11,Oceania,Temperate Oceanic,2025,12,December,Thursday,Summer,26.5,17.7,21.6,8.8,0.0,0.0,0.0,dry,False,19.2,69.0,14.64
826944af10b07f8a93ce9ae9357e3430,Auckland,NZ,2025-12-12,Oceania,Temperate Oceanic,2025,12,December,Friday,Summer,21.7,17.2,19.6,4.5,0.0,0.0,0.0,dry,False,28.2,57.0,14.64
386e40705b4362f97d2d5c9d3f5842ab,Auckland,NZ,2025-12-13,Oceania,Temperate Oceanic,2025,12,December,Saturday,Summer,23.1,15.7,19.5,7.4,0.0,0.0,0.0,dry,False,18.8,52.0,14.65
cbba54235e52a59b75a56b6aa5e2adcb,Auckland,NZ,2025-12-14,Oceania,Temperate Oceanic,2025,12,December,Sunday,Summer,22.2,16.5,19.6,5.7,0.7,0.7,0.0,light,True,21.5,60.0,14.66
39f755a15ff4495959ad9cd5a0eaf32f,Auckland,NZ,2025-12-15,Oceania,Temperate Oceanic,2025,12,December,Monday,Summer,21.6,18.0,20.0,3.6,1.6,1.6,0.0,light,True,23.9,63.0,14.67
ce9b1067226494580d569a85b038c474,Auckland,NZ,2025-12-16,Oceania,Temperate Oceanic,2025,12,December,Tuesday,Summer,24.0,17.1,19.9,6.9,11.7,11.7,0.0,heavy,True,28.5,74.0,14.67
363bfc56bb544c58dadd2adfd57c2058,Auckland,NZ,2025-12-17,Oceania,Temperate Oceanic,2025,12,December,Wednesday,Summer,19.1,15.5,17.2,3.6,0.7,0.7,0.0,light,True,24.7,56.0,14.68
1716810719d3fcabd60063c4e56d3591,Auckland,NZ,2025-12-18,Oceania,Temperate Oceanic,2025,12,December,Thursday,Summer,20.8,14.8,17.6,6.0,0.4,0.4,0.0,light,True,20.2,58.0,14.68
80183fa7768cdd0375cf0baf3cc6c519,Auckland,NZ,2025-12-19,Oceania,Temperate Oceanic,2025,12,December,Friday,Summer,21.4,16.3,18.8,5.1,1.6,1.6,0.0,light,True,27.7,69.0,14.69
f97a5db2e73a6f1dca9b385be38102a0,Auckland,NZ,2025-12-20,Oceania,Temperate Oceanic,2025,12,December,Saturday,Summer,21.5,16.6,18.9,4.9,2.3,2.3,0.0,light,True,21.4,65.0,14.69
6ca63ee640ac84cfe07c6ad5ca3c74fe,Auckland,NZ,2025-12-21,Oceania,Temperate Oceanic,2025,12,December,Sunday,Summer,21.4,15.9,18.3,5.5,0.2,0.2,0.0,light,True,19.9,52.0,14.69
c5b13b5aa5875355453382740c7c54be,Auckland,NZ,2025-12-22,Oceania,Temperate Oceanic,2025,12,December,Monday,Summer,21.9,14.2,18.8,7.7,4.3,4.3,0.0,moderate,True,16.5,73.0,14.69
a7ee814c00e1ac8fc7accfc46634e54e,Auckland,NZ,2025-12-23,Oceania,Temperate Oceanic,2025,12,December,Tuesday,Summer,22.8,19.2,20.8,3.6,2.9,2.9,0.0,moderate,True,31.3,84.0,14.69
b513912b26057f2af3e2d918c6165036,Auckland,NZ,2025-12-24,Oceania,Temperate Oceanic,2025,12,December,Wednesday,Summer,24.0,17.6,20.9,6.4,3.6,3.6,0.0,moderate,True,26.3,78.0,14.69
f671b7be6923fd8b380c63431a3e3090,Auckland,NZ,2025-12-25,Oceania,Temperate Oceanic,2025,12,December,Thursday,Summer,23.3,15.4,19.6,7.9,0.4,0.4,0.0,light,True,13.6,76.0,14.68
a408ebfacd367117abf896707e3657c4,Auckland,NZ,2025-12-26,Oceania,Temperate Oceanic,2025,12,December,Friday,Summer,25.0,16.6,20.4,8.4,1.7,1.7,0.0,light,True,21.1,75.0,14.68
8350ec70eea86de70836a8b1df75cea3,Auckland,NZ,2025-12-27,Oceania,Temperate Oceanic,2025,12,December,Saturday,Summer,19.4,15.5,18.1,3.9,3.0,3.0,0.0,moderate,True,13.0,74.0,14.67
eb0030bdd1f1cc07b43fa62814900085,Auckland,NZ,2025-12-28,Oceania,Temperate Oceanic,2025,12,December,Sunday,Summer,20.5,13.9,17.9,6.6,0.2,0.2,0.0,light,True,18.6,75.0,14.67
e768fbd7597e31f1ac619c4acd9a52ea,Auckland,NZ,2025-12-29,Oceania,Temperate Oceanic,2025,12,December,Monday,Summer,21.5,17.8,19.4,3.7,21.7,21.7,0.0,heavy,True,33.1,86.0,14.66
13adc959d15a7c84be6db1a31b963217,Auckland,NZ,2025-12-30,Oceania,Temperate Oceanic,2025,12,December,Tuesday,Summer,22.6,18.8,20.6,3.8,8.0,8.0,0.0,heavy,True,36.1,81.0,14.65
8b8b890d013d740bae0b9035ed70d105,Auckland,NZ,2025-12-31,Oceania,Temperate Oceanic,2025,12,December,Wednesday,Summer,22.3,17.4,19.8,4.9,18.1,18.1,0.0,heavy,True,31.2,82.0,14.65
6b53fa715b4f7884a5f477fe2028f5a6,Auckland,NZ,2026-01-01,Oceania,Temperate Oceanic,2026,1,January,Thursday,Summer,22.9,17.0,19.5,5.9,2.1,2.1,0.0,light,True,15.9,79.0,14.64
f9c23078eae9bce9d0f46ac6bcfab459,Auckland,NZ,2026-01-02,Oceania,Temperate Oceanic,2026,1,January,Friday,Summer,22.6,16.6,18.9,6.0,25.9,25.9,0.0,heavy,True,12.1,79.0,14.63
fc494f8bf767a8827b1708c2a01eddf9,Auckland,NZ,2026-01-03,Oceania,Temperate Oceanic,2026,1,January,Saturday,Summer,21.3,14.8,17.5,6.5,20.6,20.6,0.0,heavy,True,14.3,80.0,14.62
ed1d688168db7f1345ac5fbc47ebfa7b,Auckland,NZ,2026-01-04,Oceania,Temperate Oceanic,2026,1,January,Sunday,Summer,22.9,15.2,19.0,7.7,1.8,1.8,0.0,light,True,12.5,76.0,14.6
ce044d4e7f0d8be2b6eb7a1c627a1b89,Auckland,NZ,2026-01-05,Oceania,Temperate Oceanic,2026,1,January,Monday,Summer,22.6,15.4,19.1,7.2,2.3,2.3,0.0,light,True,12.6,83.0,14.59
3f780e3eed7752ebc822b980d6df779c,Auckland,NZ,2026-01-06,Oceania,Temperate Oceanic,2026,1,January,Tuesday,Summer,22.9,16.1,19.7,6.8,1.0,1.0,0.0,light,True,8.3,84.0,14.57
28b50f00f2f4baa484e14177fc445ea5,Auckland,NZ,2026-01-07,Oceania,Temperate Oceanic,2026,1,January,Wednesday,Summer,24.5,17.8,20.6,6.7,0.0,0.0,0.0,dry,False,17.1,75.0,14.56
bce0f8ab6ad1b21c84e2debafcd347ce,Auckland,NZ,2026-01-08,Oceania,Temperate Oceanic,2026,1,January,Thursday,Summer,22.8,18.2,20.4,4.6,0.0,0.0,0.0,dry,False,27.4,69.0,14.54
83b5bf73fabe9d40bc0272aab30043a8,Auckland,NZ,2026-01-09,Oceania,Temperate Oceanic,2026,1,January,Friday,Summer,24.6,18.0,21.2,6.6,0.0,0.0,0.0,dry,False,21.8,68.0,14.53
6979a0708fd6a3be805220f87a4f409f,Auckland,NZ,2026-01-10,Oceania,Temperate Oceanic,2026,1,January,Saturday,Summer,26.8,19.4,22.5,7.4,0.0,0.0,0.0,dry,False,19.6,69.0,14.51
9a2575c1e9f6af5e815af5ce226f9ab4,Auckland,NZ,2026-01-11,Oceania,Temperate Oceanic,2026,1,January,Sunday,Summer,29.1,17.8,23.0,11.3,0.0,0.0,0.0,dry,False,15.4,67.0,14.49
a3a12fcf7601ba9b5c94e046417b30d6,Auckland,NZ,2026-01-12,Oceania,Temperate Oceanic,2026,1,January,Monday,Summer,25.4,17.9,21.6,7.5,0.4,0.4,0.0,light,True,24.9,68.0,14.47
6e5a523b3fe0dd12d602cf3bc5aac971,Auckland,NZ,2026-01-13,Oceania,Temperate Oceanic,2026,1,January,Tuesday,Summer,23.4,15.9,20.2,7.5,0.0,0.0,0.0,dry,False,16.7,66.0,14.45
e877adff0103039b034e2b2dbf4df0ca,Auckland,NZ,2026-01-14,Oceania,Temperate Oceanic,2026,1,January,Wednesday,Summer,24.5,19.5,21.8,5.0,8.3,8.3,0.0,heavy,True,23.0,80.0,14.43
34eb07e8b251c6552af63da79c288420,Auckland,NZ,2026-01-15,Oceania,Temperate Oceanic,2026,1,January,Thursday,Summer,22.6,19.4,21.1,3.2,14.2,14.2,0.0,heavy,True,23.0,86.0,14.4
3e3c0ba90f40913bf3cd0a53b78b9064,Auckland,NZ,2026-01-16,Oceania,Temperate Oceanic,2026,1,January,Friday,Summer,23.6,18.1,20.8,5.5,13.3,13.3,0.0,heavy,True,15.9,78.0,14.38
5e4472b6811c11323c8e6ebc40083a58,Auckland,NZ,2026-01-17,Oceania,Temperate Oceanic,2026,1,January,Saturday,Summer,23.5,17.0,20.4,6.5,0.4,0.4,0.0,light,True,18.1,77.0,14.36
277b6c042246e5ea543ca8e93b516fb0,Auckland,NZ,2026-01-18,Oceania,Temperate Oceanic,2026,1,January,Sunday,Summer,20.0,15.8,18.1,4.2,25.4,25.4,0.0,heavy,True,24.7,78.0,14.33
75111112d3bcd59551e6c7c3d752038f,Auckland,NZ,2026-01-19,Oceania,Temperate Oceanic,2026,1,January,Monday,Summer,22.2,17.4,19.6,4.8,6.0,6.0,0.0,moderate,True,27.2,76.0,14.31
9eef452f9b30c0600731d9f51ef19ad3,Auckland,NZ,2026-01-20,Oceania,Temperate Oceanic,2026,1,January,Tuesday,Summer,20.7,18.9,19.6,1.8,26.0,26.0,0.0,heavy,True,37.8,87.0,14.28
773cccfa1beaec15fe33697f872ef0b5,Auckland,NZ,2026-01-21,Oceania,Temperate Oceanic,2026,1,January,Wednesday,Summer,22.7,19.5,20.8,3.2,73.8,73.8,0.0,heavy,True,41.1,94.0,14.26
bcd090e10ce99bab350eb51df99f16a0,Auckland,NZ,2026-01-22,Oceania,Temperate Oceanic,2026,1,January,Thursday,Summer,22.7,18.9,21.4,3.8,2.3,2.3,0.0,light,True,29.4,84.0,14.23
211fec8d08198a24e59217e3640a958c,Auckland,NZ,2026-01-23,Oceania,Temperate Oceanic,2026,1,January,Friday,Summer,22.7,17.8,19.9,4.9,1.7,1.7,0.0,light,True,26.8,76.0,14.21
1aae06c742d03171e38f524b557c51e4,Auckland,NZ,2026-01-24,Oceania,Temperate Oceanic,2026,1,January,Saturday,Summer,19.2,15.8,17.2,3.4,3.6,3.6,0.0,moderate,True,37.4,65.0,14.18
6e9e230735bbc012ef293602a59eff33,Auckland,NZ,2026-01-25,Oceania,Temperate Oceanic,2026,1,January,Sunday,Summer,20.3,15.8,17.8,4.5,3.8,3.8,0.0,moderate,True,31.8,69.0,14.15
bd9c1b7f32697e1577a4e6bd5ab048e4,Auckland,NZ,2026-01-26,Oceania,Temperate Oceanic,2026,1,January,Monday,Summer,19.9,16.1,17.5,3.8,1.1,1.1,0.0,light,True,24.4,74.0,14.12
2d43e06e2d99df4e168e4527ecc99d6b,Auckland,NZ,2026-01-27,Oceania,Temperate Oceanic,2026,1,January,Tuesday,Summer,21.7,15.5,18.4,6.2,2.2,2.2,0.0,light,True,10.6,76.0,14.09
59969705ed73f098647ed134831445bd,Auckland,NZ,2026-01-28,Oceania,Temperate Oceanic,2026,1,January,Wednesday,Summer,22.4,15.8,19.4,6.6,0.3,0.3,0.0,light,True,12.9,77.0,14.06
dbffa8650684e68e1cc54bf22f036622,Auckland,NZ,2026-01-29,Oceania,Temperate Oceanic,2026,1,January,Thursday,Summer,24.1,16.2,19.8,7.9,0.1,0.1,0.0,light,True,16.6,79.0,14.03
efe978ea9e7408526ba134c1e181bfd4,Auckland,NZ,2026-01-30,Oceania,Temperate Oceanic,2026,1,January,Friday,Summer,24.3,17.5,20.4,6.8,0.0,0.0,0.0,dry,False,15.6,70.0,14.0
1f38beee37cf96d2abf601b45c4db3f1,Auckland,NZ,2026-01-31,Oceania,Temperate Oceanic,2026,1,January,Saturday,Summer,24.0,18.3,21.1,5.7,1.1,1.1,0.0,light,True,12.6,74.0,13.97
cfc863fe014e2f2010aa38b2ab404314,Auckland,NZ,2026-02-01,Oceania,Temperate Oceanic,2026,2,February,Sunday,Summer,25.3,17.3,21.1,8.0,0.0,0.0,0.0,dry,False,9.9,77.0,13.93
f7491e056ae57c4b9dffba3093ab89eb,Auckland,NZ,2026-02-02,Oceania,Temperate Oceanic,2026,2,February,Monday,Summer,25.6,20.7,23.2,4.9,8.9,8.9,0.0,heavy,True,18.6,89.0,13.9
2d1fdf0afed836af2ce7a1aca1e44325,Auckland,NZ,2026-02-03,Oceania,Temperate Oceanic,2026,2,February,Tuesday,Summer,24.2,18.2,21.6,6.0,1.7,1.7,0.0,light,True,24.4,77.0,13.87
26a674788a31e9da234f2163ce2f0747,Auckland,NZ,2026-02-04,Oceania,Temperate Oceanic,2026,2,February,Wednesday,Summer,22.6,17.5,20.0,5.1,1.0,1.0,0.0,light,True,15.3,75.0,13.84
5561f050b494d6c7e67425524b101926,Auckland,NZ,2026-02-05,Oceania,Temperate Oceanic,2026,2,February,Thursday,Summer,23.4,18.1,20.6,5.3,4.5,4.5,0.0,moderate,True,13.2,77.0,13.8
086d7ae8e3c419c9958a2d9cd982fd4a,Auckland,NZ,2026-02-06,Oceania,Temperate Oceanic,2026,2,February,Friday,Summer,22.9,17.6,19.8,5.3,0.3,0.3,0.0,light,True,21.9,69.0,13.77
7d032b1095fcb294ff7aa0acdd48560e,Auckland,NZ,2026-02-07,Oceania,Temperate Oceanic,2026,2,February,Saturday,Summer,25.2,17.6,21.1,7.6,0.0,0.0,0.0,dry,False,19.9,67.0,13.73
284ce1da66bd6d86086e94d588ffab93,Auckland,NZ,2026-02-08,Oceania,Temperate Oceanic,2026,2,February,Sunday,Summer,25.7,18.3,21.5,7.4,0.3,0.3,0.0,light,True,20.1,70.0,13.7
61b39ee5c438419ead3f11e3ebc01267,Auckland,NZ,2026-02-09,Oceania,Temperate Oceanic,2026,2,February,Monday,Summer,24.2,16.4,20.7,7.8,0.1,0.1,0.0,light,True,14.4,71.0,13.66
4e93ff6e620283c10d504aad522d9492,Auckland,NZ,2026-02-10,Oceania,Temperate Oceanic,2026,2,February,Tuesday,Summer,23.5,18.5,21.1,5.0,2.2,2.2,0.0,light,True,15.8,77.0,13.63
39964683019d5543aed0a425e08c84b9,Auckland,NZ,2026-02-11,Oceania,Temperate Oceanic,2026,2,February,Wednesday,Summer,25.1,18.3,21.8,6.8,1.2,1.2,0.0,light,True,13.4,74.0,13.59
02153cfe48475815deb2765ea1922757,Auckland,NZ,2026-02-12,Oceania,Temperate Oceanic,2026,2,February,Thursday,Summer,24.9,19.6,21.8,5.3,2.1,2.1,0.0,light,True,26.7,77.0,13.56
d2bd8fec4db7894a62d00f295fb55c72,Auckland,NZ,2026-02-13,Oceania,Temperate Oceanic,2026,2,February,Friday,Summer,23.4,21.5,22.2,1.9,10.6,10.6,0.0,heavy,True,25.6,91.0,13.52
8b54041d76f3eddd3d0bca15c7242afc,Auckland,NZ,2026-02-14,Oceania,Temperate Oceanic,2026,2,February,Saturday,Summer,21.6,19.1,20.5,2.5,19.3,19.3,0.0,heavy,True,28.2,85.0,13.49
c4750d56c3d34da878ea24fae3ecdc88,Auckland,NZ,2026-02-15,Oceania,Temperate Oceanic,2026,2,February,Sunday,Summer,20.0,16.7,18.3,3.3,1.4,1.4,0.0,light,True,37.5,66.0,13.45
a74985d1caf1e84112bcc49e0910fba7,Auckland,NZ,2026-02-16,Oceania,Temperate Oceanic,2026,2,February,Monday,Summer,21.2,17.1,18.7,4.1,0.2,0.2,0.0,light,True,22.4,65.0,13.41
5ca1b7393c30f888705f61c0a95a952f,Auckland,NZ,2026-02-17,Oceania,Temperate Oceanic,2026,2,February,Tuesday,Summer,21.7,15.2,18.4,6.5,2.9,2.9,0.0,moderate,True,12.7,77.0,13.37
8e01d01311267a83339ee86de37f138a,Auckland,NZ,2026-02-18,Oceania,Temperate Oceanic,2026,2,February,Wednesday,Summer,22.0,15.6,18.5,6.4,1.1,1.1,0.0,light,True,16.8,77.0,13.34
e7831a7d7cd09062e61ceb40a36b3774,Auckland,NZ,2026-02-19,Oceania,Temperate Oceanic,2026,2,February,Thursday,Summer,22.9,16.8,19.7,6.1,0.7,0.7,0.0,light,True,23.6,72.0,13.3
5bfe8307e1d09cd99a2f6d99aed79ad5,Auckland,NZ,2026-02-20,Oceania,Temperate Oceanic,2026,2,February,Friday,Summer,22.5,17.1,19.7,5.4,0.3,0.3,0.0,light,True,26.1,68.0,13.26
3c0ebcff597505ac07985de43d30c22c,Auckland,NZ,2026-02-21,Oceania,Temperate Oceanic,2026,2,February,Saturday,Summer,22.1,16.5,18.7,5.6,0.0,0.0,0.0,dry,False,19.3,58.0,13.22
3dae49327b68df386aba41a5c6e5b4a3,Auckland,NZ,2026-02-22,Oceania,Temperate Oceanic,2026,2,February,Sunday,Summer,23.9,13.8,18.7,10.1,0.0,0.0,0.0,dry,False,18.6,62.0,13.18
715a08a4c713a53c8ea9c188f8fc0193,Auckland,NZ,2026-02-23,Oceania,Temperate Oceanic,2026,2,February,Monday,Summer,23.8,16.2,19.7,7.6,0.0,0.0,0.0,dry,False,15.7,60.0,13.15
42c1605de9b77e756d9f1f2102c9595b,Auckland,NZ,2026-02-24,Oceania,Temperate Oceanic,2026,2,February,Tuesday,Summer,25.0,15.2,19.6,9.8,0.0,0.0,0.0,dry,False,19.3,69.0,13.11
9e2816ee57e236593670e94d987b4d6a,Auckland,NZ,2026-02-25,Oceania,Temperate Oceanic,2026,2,February,Wednesday,Summer,23.7,17.9,20.7,5.8,0.1,0.1,0.0,light,True,18.0,73.0,13.07
29bdce1f9c79abc77118d3fb70291260,Auckland,NZ,2026-02-26,Oceania,Temperate Oceanic,2026,2,February,Thursday,Summer,22.4,17.5,20.2,4.9,0.0,0.0,0.0,dry,False,15.9,70.0,13.03
d80fdaa484eeede38a1a761994df5345,Auckland,NZ,2026-02-27,Oceania,Temperate Oceanic,2026,2,February,Friday,Summer,24.9,17.1,20.7,7.8,1.0,1.0,0.0,light,True,14.4,72.0,12.99
48eff449f87befe6e82ff00e9caacbd8,Auckland,NZ,2026-02-28,Oceania,Temperate Oceanic,2026,2,February,Saturday,Summer,21.7,17.1,19.4,4.6,1.9,1.9,0.0,light,True,20.2,76.0,12.95
8db92d41692c508c692a7502d845dab6,Auckland,NZ,2026-03-01,Oceania,Temperate Oceanic,2026,3,March,Sunday,Autumn,23.1,17.5,19.6,5.6,4.0,4.0,0.0,moderate,True,18.7,76.0,12.91
5f54c199c3f0e2d5b53b2b510b11d229,Auckland,NZ,2026-03-02,Oceania,Temperate Oceanic,2026,3,March,Monday,Autumn,19.2,12.3,16.6,6.9,0.2,0.2,0.0,light,True,31.2,57.0,12.87
1bea9efd4446e91a490367e4ced9d115,Auckland,NZ,2026-03-03,Oceania,Temperate Oceanic,2026,3,March,Tuesday,Autumn,17.9,10.9,14.4,7.0,0.0,0.0,0.0,dry,False,27.1,53.0,12.84
80b065ebcc6e86816344cb8e04de3dd0,Auckland,NZ,2026-03-04,Oceania,Temperate Oceanic,2026,3,March,Wednesday,Autumn,19.9,11.3,15.8,8.6,0.0,0.0,0.0,dry,False,22.9,55.0,12.8
a6600f5a1837a41cf071e9421fa1a064,Auckland,NZ,2026-03-05,Oceania,Temperate Oceanic,2026,3,March,Thursday,Autumn,22.3,12.5,17.4,9.8,0.0,0.0,0.0,dry,False,13.7,66.0,12.76
2696ee658b72094a29256a3f94ec2944,Auckland,NZ,2026-03-06,Oceania,Temperate Oceanic,2026,3,March,Friday,Autumn,22.4,12.8,17.5,9.6,0.0,0.0,0.0,dry,False,13.7,64.0,12.72
8bf865fc46808150880c5bba6ef98aa7,Auckland,NZ,2026-03-07,Oceania,Temperate Oceanic,2026,3,March,Saturday,Autumn,22.8,12.4,17.7,10.4,0.0,0.0,0.0,dry,False,11.2,65.0,12.68
aebb0d66e65cacf0a5203a6ba9e5fc14,Auckland,NZ,2026-03-08,Oceania,Temperate Oceanic,2026,3,March,Sunday,Autumn,22.6,14.9,18.8,7.7,0.0,0.0,0.0,dry,False,7.8,70.0,12.64
9c3534aab8cef3533d66c67d95c985bb,Auckland,NZ,2026-03-09,Oceania,Temperate Oceanic,2026,3,March,Monday,Autumn,23.8,14.8,19.4,9.0,0.0,0.0,0.0,dry,False,16.0,63.0,12.6
583522a32850e4642a7fc26f1fe7d01c,Auckland,NZ,2026-03-10,Oceania,Temperate Oceanic,2026,3,March,Tuesday,Autumn,22.1,15.7,19.0,6.4,1.0,1.0,0.0,light,True,25.3,69.0,12.56
93b2bb86f1794b6b9fdfcb31c0868bdd,Auckland,NZ,2026-03-11,Oceania,Temperate Oceanic,2026,3,March,Wednesday,Autumn,18.6,17.2,17.9,1.4,5.7,5.7,0.0,moderate,True,30.4,74.0,12.52
2d9efc3b1df14916c2f3fa9b67ff414b,Auckland,NZ,2026-03-12,Oceania,Temperate Oceanic,2026,3,March,Thursday,Autumn,21.6,17.2,19.6,4.4,1.7,1.7,0.0,light,True,38.0,76.0,12.48
21cc01c85a68cc89f2bcbe25e95ce866,Auckland,NZ,2026-03-13,Oceania,Temperate Oceanic,2026,3,March,Friday,Autumn,23.0,20.2,21.4,2.8,7.2,7.2,0.0,moderate,True,22.3,92.0,12.44
8dba1fb3774f62a7e31121dc00b3068b,Auckland,NZ,2026-03-14,Oceania,Temperate Oceanic,2026,3,March,Saturday,Autumn,21.0,17.2,19.4,3.8,0.6,0.6,0.0,light,True,29.4,78.0,12.4
5e88ce890528791c643afbe546b3e678,Auckland,NZ,2026-03-15,Oceania,Temperate Oceanic,2026,3,March,Sunday,Autumn,20.8,16.2,18.3,4.6,0.3,0.3,0.0,light,True,25.8,67.0,12.36
0c8f4f14f68752a569e842d847050035,Auckland,NZ,2026-03-16,Oceania,Temperate Oceanic,2026,3,March,Monday,Autumn,20.7,14.9,17.8,5.8,0.5,0.5,0.0,light,True,15.1,75.0,12.32
f851762b64507e79a3dd52cc4c792a5b,Auckland,NZ,2026-03-17,Oceania,Temperate Oceanic,2026,3,March,Tuesday,Autumn,22.7,14.4,18.1,8.3,0.0,0.0,0.0,dry,False,9.6,69.0,12.28
c68d79363b5318afed8a940a6f210346,Auckland,NZ,2026-03-18,Oceania,Temperate Oceanic,2026,3,March,Wednesday,Autumn,24.2,13.3,18.4,10.9,0.0,0.0,0.0,dry,False,15.4,70.0,12.24
df1f58d1ce6f36ad990ca376a8ba2324,Auckland,NZ,2026-03-19,Oceania,Temperate Oceanic,2026,3,March,Thursday,Autumn,24.8,14.7,19.3,10.1,0.0,0.0,0.0,dry,False,14.5,68.0,12.2
9dd12190da78b17e64bbaf415b9752e8,Auckland,NZ,2026-03-20,Oceania,Temperate Oceanic,2026,3,March,Friday,Autumn,24.3,14.1,19.2,10.2,0.0,0.0,0.0,dry,False,10.0,69.0,12.16
fa4e722d81bd251867e05f5c36edbfbf,Auckland,NZ,2026-03-21,Oceania,Temperate Oceanic,2026,3,March,Saturday,Autumn,22.3,14.6,18.8,7.7,0.8,0.8,0.0,light,True,16.3,77.0,12.12
8eaee43090aebe17bcbce44518d99533,Auckland,NZ,2026-03-22,Oceania,Temperate Oceanic,2026,3,March,Sunday,Autumn,23.2,16.2,19.4,7.0,1.7,1.7,0.0,light,True,9.9,78.0,12.08
e71535f49f02004bfdd7f512429add9c,Auckland,NZ,2026-03-23,Oceania,Temperate Oceanic,2026,3,March,Monday,Autumn,21.9,18.3,19.6,3.6,2.1,2.1,0.0,light,True,20.5,77.0,12.04
3d3b6e48094b3cf755ea689de44683f8,Auckland,NZ,2026-03-24,Oceania,Temperate Oceanic,2026,3,March,Tuesday,Autumn,22.6,17.2,19.3,5.4,0.3,0.3,0.0,light,True,23.6,63.0,12.01
74b3217c0ba22e9fd8d35af3544fd31f,Auckland,NZ,2026-03-25,Oceania,Temperate Oceanic,2026,3,March,Wednesday,Autumn,20.4,18.5,19.3,1.9,6.9,6.9,0.0,moderate,True,33.3,78.0,11.97
1a8540e9a6420d971ca866baae9dc572,Auckland,NZ,2026-03-26,Oceania,Temperate Oceanic,2026,3,March,Thursday,Autumn,19.6,17.2,18.5,2.4,84.3,84.3,0.0,heavy,True,43.8,89.0,11.93
7216bea850c5dece242b1544b32278c2,Auckland,NZ,2026-03-27,Oceania,Temperate Oceanic,2026,3,March,Friday,Autumn,23.3,17.4,20.3,5.9,10.6,10.6,0.0,heavy,True,34.5,86.0,11.89
3cb2f2233006426ef5f81b21d1e1b328,Auckland,NZ,2026-03-28,Oceania,Temperate Oceanic,2026,3,March,Saturday,Autumn,23.0,16.5,19.1,6.5,0.9,0.9,0.0,light,True,10.4,89.0,11.85
a9b89f2b0f4101fe0fda75c8ca997b66,Auckland,NZ,2026-03-29,Oceania,Temperate Oceanic,2026,3,March,Sunday,Autumn,21.4,15.4,18.4,6.0,4.0,4.0,0.0,moderate,True,12.3,92.0,11.81
f09ba45af20e977b7332bd945a3fd19c,Auckland,NZ,2026-03-30,Oceania,Temperate Oceanic,2026,3,March,Monday,Autumn,22.8,18.8,20.1,4.0,5.3,5.3,0.0,moderate,True,24.2,86.0,11.77
608a92c92f9dd3d214b72979e9097168,Auckland,NZ,2026-03-31,Oceania,Temperate Oceanic,2026,3,March,Tuesday,Autumn,19.4,16.1,18.1,3.3,0.0,0.0,0.0,dry,False,29.8,74.0,11.73
d275bedd4f690504cb95b054ab155ec9,Auckland,NZ,2026-04-01,Oceania,Temperate Oceanic,2026,4,April,Wednesday,Autumn,19.8,16.0,17.5,3.8,2.2,2.2,0.0,light,True,18.0,81.0,11.69
d0202c93bc62d98384d325905e075e28,Auckland,NZ,2026-04-02,Oceania,Temperate Oceanic,2026,4,April,Thursday,Autumn,19.5,15.9,17.5,3.6,0.4,0.4,0.0,light,True,12.8,75.0,11.65
eab64469ebcf0c2a3ddcdff6b466714a,Auckland,NZ,2026-04-03,Oceania,Temperate Oceanic,2026,4,April,Friday,Autumn,19.8,15.9,17.6,3.9,0.5,0.5,0.0,light,True,14.3,73.0,11.61
179e388535e171379f3c9a975f89972b,Auckland,NZ,2026-04-04,Oceania,Temperate Oceanic,2026,4,April,Saturday,Autumn,19.5,16.3,17.7,3.2,0.8,0.8,0.0,light,True,14.3,79.0,11.58
a36ee7a6a606f9ee52911749b99bb937,Auckland,NZ,2026-04-05,Oceania,Temperate Oceanic,2026,4,April,Sunday,Autumn,20.3,17.2,18.2,3.1,1.1,1.1,0.0,light,True,23.2,75.0,11.54
ad204fb49902bdc0fbb03d18e19465f4,Auckland,NZ,2026-04-06,Oceania,Temperate Oceanic,2026,4,April,Monday,Autumn,19.8,17.1,18.2,2.7,3.3,3.3,0.0,moderate,True,31.2,79.0,11.5
63360891698d8900daebc439c5928ae3,Auckland,NZ,2026-04-07,Oceania,Temperate Oceanic,2026,4,April,Tuesday,Autumn,19.6,17.4,18.4,2.2,20.3,20.3,0.0,heavy,True,37.2,87.0,11.46
9884930b49b6ccf0e672595de330d18f,Auckland,NZ,2026-04-08,Oceania,Temperate Oceanic,2026,4,April,Wednesday,Autumn,22.9,17.3,19.9,5.6,11.4,11.4,0.0,heavy,True,37.4,88.0,11.42
de1b124edd38a5f1200929e0755f79c0,Auckland,NZ,2026-04-09,Oceania,Temperate Oceanic,2026,4,April,Thursday,Autumn,21.5,15.4,17.8,6.1,0.0,0.0,0.0,dry,False,13.2,85.0,11.38
e9e44155effa8fef48e4cb6d421dd4a6,Auckland,NZ,2026-04-10,Oceania,Temperate Oceanic,2026,4,April,Friday,Autumn,21.5,15.3,18.4,6.2,1.2,1.2,0.0,light,True,16.6,84.0,11.35
455a669a2552450301aed7ce3cc1c073,Auckland,NZ,2026-04-11,Oceania,Temperate Oceanic,2026,4,April,Saturday,Autumn,21.1,17.9,19.4,3.2,15.6,15.6,0.0,heavy,True,31.7,81.0,11.31
f8a767b8296874bed35663e599b9edcf,Auckland,NZ,2026-04-12,Oceania,Temperate Oceanic,2026,4,April,Sunday,Autumn,20.7,18.4,19.7,2.3,43.2,43.2,0.0,heavy,True,37.9,90.0,11.27
050ec7245331700a8ba2d99d1c3c8743,Auckland,NZ,2026-04-13,Oceania,Temperate Oceanic,2026,4,April,Monday,Autumn,21.6,16.9,18.5,4.7,5.7,5.7,0.0,moderate,True,21.2,84.0,11.24
a1c372b8e1160bbc21cf051d5d20a756,Auckland,NZ,2026-04-14,Oceania,Temperate Oceanic,2026,4,April,Tuesday,Autumn,18.4,14.5,16.2,3.9,5.3,5.3,0.0,moderate,True,18.9,84.0,11.2
3d0b3b5a35ad636623f812061828e0a2,Auckland,NZ,2026-04-15,Oceania,Temperate Oceanic,2026,4,April,Wednesday,Autumn,19.5,13.7,16.5,5.8,2.2,2.2,0.0,light,True,31.1,68.0,11.16
ae954cc3c2150837c0603a6269f51fe8,Auckland,NZ,2026-04-16,Oceania,Temperate Oceanic,2026,4,April,Thursday,Autumn,19.3,15.8,17.0,3.5,1.7,1.7,0.0,light,True,26.9,68.0,11.13
95883ed8e014bc8e49c7ec551a4f6b71,Auckland,NZ,2026-04-17,Oceania,Temperate Oceanic,2026,4,April,Friday,Autumn,19.5,15.0,16.6,4.5,0.0,0.0,0.0,dry,False,16.3,69.0,11.09
f007c95ce1460c1972dc4e295b2d9828,Auckland,NZ,2026-04-18,Oceania,Temperate Oceanic,2026,4,April,Saturday,Autumn,21.3,14.6,17.8,6.7,1.8,1.8,0.0,light,True,31.0,76.0,11.05
ea596f4fd59212918749c9f1aa1fc382,Auckland,NZ,2026-04-19,Oceania,Temperate Oceanic,2026,4,April,Sunday,Autumn,19.6,14.3,16.6,5.3,11.1,11.1,0.0,heavy,True,27.0,85.0,11.02
efe51af210997dd8d49e286d029b4bad,Auckland,NZ,2026-04-20,Oceania,Temperate Oceanic,2026,4,April,Monday,Autumn,17.4,12.6,14.3,4.8,8.7,8.7,0.0,heavy,True,17.4,84.0,10.98
f368dedd4a7e12e2770bc4578b2dd6bb,Auckland,NZ,2026-04-21,Oceania,Temperate Oceanic,2026,4,April,Tuesday,Autumn,16.8,11.3,13.3,5.5,0.1,0.1,0.0,light,True,16.9,82.0,10.94
3354b691c9acc06548c58386730a0dc6,Auckland,NZ,2026-04-22,Oceania,Temperate Oceanic,2026,4,April,Wednesday,Autumn,16.3,11.5,13.5,4.8,0.0,0.0,0.0,dry,False,16.7,72.0,10.91
c34003785516a6c07503078f6b5d15ef,Auckland,NZ,2026-04-23,Oceania,Temperate Oceanic,2026,4,April,Thursday,Autumn,14.8,8.0,11.8,6.8,4.0,4.0,0.0,moderate,True,16.5,71.0,10.87
2b0335ab5dad8678e699e27e7dd15e6d,Auckland,NZ,2026-04-24,Oceania,Temperate Oceanic,2026,4,April,Friday,Autumn,15.5,9.4,12.1,6.1,21.9,21.9,0.0,heavy,True,19.5,86.0,10.84
592ff9dc06b1a69142129c0ff4ba7444,Auckland,NZ,2026-04-25,Oceania,Temperate Oceanic,2026,4,April,Saturday,Autumn,17.6,10.2,13.3,7.4,0.0,0.0,0.0,dry,False,12.2,75.0,10.8
62d345236472b40c93145f58db12c216,Auckland,NZ,2026-04-26,Oceania,Temperate Oceanic,2026,4,April,Sunday,Autumn,18.1,9.5,13.5,8.6,0.0,0.0,0.0,dry,False,12.5,86.0,10.77
29c87db7b887ba27c290396a11c71526,Auckland,NZ,2026-04-27,Oceania,Temperate Oceanic,2026,4,April,Monday,Autumn,18.3,12.9,15.8,5.4,0.4,0.4,0.0,light,True,19.8,77.0,10.73
e76dede10fc7774b76336d1f42a0fcb3,Auckland,NZ,2026-04-28,Oceania,Temperate Oceanic,2026,4,April,Tuesday,Autumn,18.3,11.9,14.9,6.4,0.5,0.5,0.0,light,True,11.5,87.0,10.7
d7d069b32ff330268e201988616931e6,Auckland,NZ,2026-04-29,Oceania,Temperate Oceanic,2026,4,April,Wednesday,Autumn,18.5,12.6,15.4,5.9,0.4,0.4,0.0,light,True,7.2,87.0,10.66
e27d3d92f1439a69a6d8ef32697e9e1b,Auckland,NZ,2026-04-30,Oceania,Temperate Oceanic,2026,4,April,Thursday,Autumn,18.9,12.3,15.0,6.6,0.0,0.0,0.0,dry,False,15.3,82.0,10.63
7320ddaa3b39474d9362afb1867b6803,Auckland,NZ,2026-05-01,Oceania,Temperate Oceanic,2026,5,May,Friday,Autumn,16.9,9.8,13.6,7.1,0.0,0.0,0.0,dry,False,15.0,73.0,10.6
0542713a3edf86d79562f2c201f26ed2,Auckland,NZ,2026-05-02,Oceania,Temperate Oceanic,2026,5,May,Saturday,Autumn,17.6,10.2,14.1,7.4,0.0,0.0,0.0,dry,False,11.0,79.0,10.57
92188bc11eba94293e80f235482edae9,Auckland,NZ,2026-05-03,Oceania,Temperate Oceanic,2026,5,May,Sunday,Autumn,17.4,9.6,13.4,7.8,0.0,0.0,0.0,dry,False,9.6,79.0,10.53
e0ce3c6b79cbf60ffeb3347bd5fc0be6,Auckland,NZ,2026-05-04,Oceania,Temperate Oceanic,2026,5,May,Monday,Autumn,17.5,10.1,13.9,7.4,0.0,0.0,0.0,dry,False,10.4,79.0,10.5
7fcd865ff6968e8ff4ddbbe1dcabedb7,Auckland,NZ,2026-05-05,Oceania,Temperate Oceanic,2026,5,May,Tuesday,Autumn,18.2,13.4,15.7,4.8,0.1,0.1,0.0,light,True,15.4,82.0,10.47
560ca321b1f601eefa5c34e69dd0de2c,Auckland,NZ,2026-05-06,Oceania,Temperate Oceanic,2026,5,May,Wednesday,Autumn,19.3,16.1,17.4,3.2,0.5,0.5,0.0,light,True,16.9,85.0,10.44
5b469a8c39b9c79ebe533ebef54ffd31,Auckland,NZ,2026-05-07,Oceania,Temperate Oceanic,2026,5,May,Thursday,Autumn,19.6,16.8,18.2,2.8,1.8,1.8,0.0,light,True,23.9,83.0,10.41
8154bb11c8abfa221005754a39324f78,Auckland,NZ,2026-05-08,Oceania,Temperate Oceanic,2026,5,May,Friday,Autumn,19.2,17.4,18.2,1.8,14.4,14.4,0.0,heavy,True,35.0,86.0,10.38
175caafcab6f5a703fc0c5f0ac3e1a86,Auckland,NZ,2026-05-09,Oceania,Temperate Oceanic,2026,5,May,Saturday,Autumn,18.9,13.4,16.3,5.5,10.1,10.1,0.0,heavy,True,27.6,86.0,10.35
3611442222a2cf51a51f679e562460c5,Auckland,NZ,2026-05-10,Oceania,Temperate Oceanic,2026,5,May,Sunday,Autumn,18.2,13.8,15.7,4.4,0.3,0.3,0.0,light,True,30.0,78.0,10.32
ca0e18b1a36f7a04dc4b64a76a0de402,Auckland,NZ,2026-05-11,Oceania,Temperate Oceanic,2026,5,May,Monday,Autumn,17.5,13.9,15.7,3.6,2.4,2.4,0.0,light,True,18.8,75.0,10.29
b9f9b87c7f9b38d64ba455622728a181,Auckland,NZ,2026-05-12,Oceania,Temperate Oceanic,2026,5,May,Tuesday,Autumn,16.4,12.8,14.5,3.6,8.5,8.5,0.0,heavy,True,16.8,87.0,10.26
6276b433d149de0c642aeed744af764d,Auckland,NZ,2026-05-13,Oceania,Temperate Oceanic,2026,5,May,Wednesday,Autumn,17.5,10.7,13.6,6.8,0.0,0.0,0.0,dry,False,13.6,81.0,10.23
f938bfbed41759de622c3c002ab80663,Auckland,NZ,2026-05-14,Oceania,Temperate Oceanic,2026,5,May,Thursday,Autumn,16.3,10.0,12.8,6.3,0.0,0.0,0.0,dry,False,11.4,75.0,10.2
8a01741675ce10fc22c476420bfe3ad0,Auckland,NZ,2026-05-15,Oceania,Temperate Oceanic,2026,5,May,Friday,Autumn,16.1,8.5,11.7,7.6,0.0,0.0,0.0,dry,False,8.6,84.0,10.18
1e9ad75f0c1fe10b8a6566c73250f5de,Auckland,NZ,2026-05-16,Oceania,Temperate Oceanic,2026,5,May,Saturday,Autumn,16.3,9.3,12.1,7.0,0.0,0.0,0.0,dry,False,10.8,81.0,10.15
190465ef02a0b1d69fe5550d89773f92,Auckland,NZ,2026-05-17,Oceania,Temperate Oceanic,2026,5,May,Sunday,Autumn,15.8,8.4,12.0,7.4,0.0,0.0,0.0,dry,False,12.0,77.0,10.12
b52fc7bb96fb79dc4bdc37b659b5c1a1,Auckland,NZ,2026-05-18,Oceania,Temperate Oceanic,2026,5,May,Monday,Autumn,16.0,8.5,12.1,7.5,0.0,0.0,0.0,dry,False,11.8,79.0,10.1
1ea9f6a1cf7e1196e1f97b2a8ae0e65d,Auckland,NZ,2026-05-19,Oceania,Temperate Oceanic,2026,5,May,Tuesday,Autumn,16.8,9.4,12.8,7.4,0.0,0.0,0.0,dry,False,10.8,83.0,10.07
9a75c2fc0a9b76d01f5dfe486fe1c115,Auckland,NZ,2026-05-20,Oceania,Temperate Oceanic,2026,5,May,Wednesday,Autumn,16.9,11.7,14.4,5.2,0.5,0.5,0.0,light,True,19.2,80.0,10.05
4584b11a85ae995caaeb6ee9c302ace5,Auckland,NZ,2026-05-21,Oceania,Temperate Oceanic,2026,5,May,Thursday,Autumn,17.9,14.4,16.1,3.5,0.0,0.0,0.0,dry,False,17.6,76.0,10.02
f339e8f8c0450fba3737cd5cef3b0c0b,Auckland,NZ,2026-05-22,Oceania,Temperate Oceanic,2026,5,May,Friday,Autumn,17.7,13.4,15.3,4.3,0.0,0.0,0.0,dry,False,19.9,77.0,10.0
385bf9b3c9793bdedeb7aeca742ebdcd,Auckland,NZ,2026-05-23,Oceania,Temperate Oceanic,2026,5,May,Saturday,Autumn,18.4,15.1,16.3,3.3,0.8,0.8,0.0,light,True,17.9,81.0,9.98
a547ef7892e029b65522b3f0e77929a9,Auckland,NZ,2026-05-24,Oceania,Temperate Oceanic,2026,5,May,Sunday,Autumn,18.0,13.2,15.2,4.8,0.0,0.0,0.0,dry,False,20.8,79.0,9.96
088b220000b46c1b02ad7481ac497bf6,Auckland,NZ,2026-05-25,Oceania,Temperate Oceanic,2026,5,May,Monday,Autumn,16.3,11.4,13.7,4.9,0.0,0.0,0.0,dry,False,15.4,79.0,9.94
a408f1095223297793c76b0e1c6151d2,Auckland,NZ,2026-05-26,Oceania,Temperate Oceanic,2026,5,May,Tuesday,Autumn,17.0,8.6,12.5,8.4,0.0,0.0,0.0,dry,False,17.8,84.0,9.91
914934fc42348f092d8d6d5dd096846d,Auckland,NZ,2026-05-27,Oceania,Temperate Oceanic,2026,5,May,Wednesday,Autumn,17.0,9.3,12.9,7.7,0.6,0.6,0.0,light,True,13.0,89.0,9.89
7fa63e26f1809d6875e9069e25f15114,Auckland,NZ,2026-05-28,Oceania,Temperate Oceanic,2026,5,May,Thursday,Autumn,17.1,9.9,13.1,7.2,0.4,0.4,0.0,light,True,12.2,89.0,9.87
ab30224c78ffa513e195b7d09a056e2e,Auckland,NZ,2026-05-29,Oceania,Temperate Oceanic,2026,5,May,Friday,Autumn,16.0,10.6,12.6,5.4,0.0,0.0,0.0,dry,False,6.5,90.0,9.86
92979d66464802ce942dbdf8dde48d6d,Auckland,NZ,2026-05-30,Oceania,Temperate Oceanic,2026,5,May,Saturday,Autumn,17.5,12.5,15.3,5.0,1.0,1.0,0.0,light,True,26.4,84.0,9.84
67842d0825beecde99d1cd60de8d029b,Auckland,NZ,2026-05-31,Oceania,Temperate Oceanic,2026,5,May,Sunday,Autumn,18.2,16.7,17.4,1.5,3.0,3.0,0.0,moderate,True,32.0,81.0,9.82
308775427efc8fccd5b88e59dbaf8924,Auckland,NZ,2026-06-01,Oceania,Temperate Oceanic,2026,6,June,Monday,Winter,18.3,17.5,17.8,0.8,9.4,9.4,0.0,heavy,True,41.3,86.0,9.8
9f4734867b976a22010009e15ae92ff8,Auckland,NZ,2026-06-02,Oceania,Temperate Oceanic,2026,6,June,Tuesday,Winter,19.4,14.4,17.4,5.0,16.9,16.9,0.0,heavy,True,42.3,88.0,9.79
37334788609600d2a7e0e31003690269,Auckland,NZ,2026-06-03,Oceania,Temperate Oceanic,2026,6,June,Wednesday,Winter,17.2,12.8,14.6,4.4,11.0,11.0,0.0,heavy,True,19.6,86.0,9.77
2349f275aac0e253e346ae4dc37fec14,Auckland,NZ,2026-06-04,Oceania,Temperate Oceanic,2026,6,June,Thursday,Winter,19.4,11.2,15.1,8.2,1.0,1.0,0.0,light,True,17.8,86.0,9.76
6fe15cd8203e1d5c201737e6de49d73a,Auckland,NZ,2026-06-05,Oceania,Temperate Oceanic,2026,6,June,Friday,Winter,18.4,15.0,16.6,3.4,15.3,15.3,0.0,heavy,True,28.8,89.0,9.74
b52030d27efb23d871cf74d3a395b70e,Auckland,NZ,2026-06-06,Oceania,Temperate Oceanic,2026,6,June,Saturday,Winter,17.2,13.8,15.1,3.4,1.9,1.9,0.0,light,True,21.1,82.0,9.73
9ee323ee837acff6902167841fe171d3,Auckland,NZ,2026-06-07,Oceania,Temperate Oceanic,2026,6,June,Sunday,Winter,16.5,13.8,14.8,2.7,0.2,0.2,0.0,light,True,26.8,72.0,9.72
f9ff78f508bd31d6f72ddd9d4e34d810,Auckland,NZ,2026-06-08,Oceania,Temperate Oceanic,2026,6,June,Monday,Winter,16.9,13.0,14.9,3.9,0.1,0.1,0.0,light,True,26.4,73.0,9.7
c302b43620cf93c3cb22ed647f657a94,Auckland,NZ,2026-06-09,Oceania,Temperate Oceanic,2026,6,June,Tuesday,Winter,16.6,10.2,14.3,6.4,0.1,0.1,0.0,light,True,29.7,63.0,9.69
70bb88a1d259047c84159378bfb85ba1,Auckland,NZ,2026-06-10,Oceania,Temperate Oceanic,2026,6,June,Wednesday,Winter,13.5,6.4,9.8,7.1,0.0,0.0,0.0,dry,False,16.6,71.0,9.68
fe5cf783d1b062ed221d217db80047e8,Auckland,NZ,2026-06-11,Oceania,Temperate Oceanic,2026,6,June,Thursday,Winter,13.3,6.6,9.4,6.7,0.0,0.0,0.0,dry,False,10.6,85.0,9.67
c9c308fed855f3e910209e8a0136fe3b,Auckland,NZ,2026-06-12,Oceania,Temperate Oceanic,2026,6,June,Friday,Winter,15.7,8.5,12.6,7.2,0.1,0.1,0.0,light,True,20.0,80.0,9.67
0c3620ccf0a377d349a556cb772aba48,Auckland,NZ,2026-06-13,Oceania,Temperate Oceanic,2026,6,June,Saturday,Winter,14.6,8.4,11.0,6.2,0.0,0.0,0.0,dry,False,8.5,90.0,9.66
449017d71dcf97218dfcf7875ad5b50b,Auckland,NZ,2026-06-14,Oceania,Temperate Oceanic,2026,6,June,Sunday,Winter,15.2,8.8,11.3,6.4,0.2,0.2,0.0,light,True,8.7,95.0,9.65
883cecf2eca93d44706af09e3c752db6,Auckland,NZ,2026-06-15,Oceania,Temperate Oceanic,2026,6,June,Monday,Winter,16.9,10.0,12.7,6.9,0.0,0.0,0.0,dry,False,13.8,89.0,9.65
7cfc029a11df861d5eeac099edbecc24,Auckland,NZ,2026-06-16,Oceania,Temperate Oceanic,2026,6,June,Tuesday,Winter,15.5,10.8,12.7,4.7,4.7,4.7,0.0,moderate,True,17.2,80.0,9.64
0a3ebf5e4cf8d741fd4dbafeeeff23aa,Auckland,NZ,2026-06-17,Oceania,Temperate Oceanic,2026,6,June,Wednesday,Winter,15.4,10.9,12.9,4.5,0.1,0.1,0.0,light,True,22.3,76.0,9.64
e61d40ff6d1cc254cc04561c1607b6fd,Auckland,NZ,2026-06-18,Oceania,Temperate Oceanic,2026,6,June,Thursday,Winter,15.0,9.4,12.3,5.6,0.4,0.4,0.0,light,True,18.0,87.0,9.64
9112f063987915c4e5e08417221755cf,Auckland,NZ,2026-06-19,Oceania,Temperate Oceanic,2026,6,June,Friday,Winter,15.0,8.3,12.1,6.7,0.0,0.0,0.0,dry,False,16.8,79.0,9.63
0d5aaa3b1b965a28246f1e55745ec628,Auckland,NZ,2026-06-20,Oceania,Temperate Oceanic,2026,6,June,Saturday,Winter,16.1,6.4,11.0,9.7,0.0,0.0,0.0,dry,False,13.7,89.0,9.63
4d45e97f056c455496de7769e37c9e04,Auckland,NZ,2026-06-21,Oceania,Temperate Oceanic,2026,6,June,Sunday,Winter,17.7,12.8,14.9,4.9,1.8,1.8,0.0,light,True,22.0,87.0,9.63
813afa0cc28088512251845b32ccd97d,Auckland,NZ,2026-06-22,Oceania,Temperate Oceanic,2026,6,June,Monday,Winter,15.3,11.3,13.3,4.0,0.4,0.4,0.0,light,True,15.5,81.0,9.63
673d8669ff7089396fe11d259f16c2c9,Auckland,NZ,2026-06-23,Oceania,Temperate Oceanic,2026,6,June,Tuesday,Winter,16.5,12.6,14.7,3.9,1.5,1.5,0.0,light,True,24.6,81.0,9.63
a1eb72834cade15ceee30b37726ee129,Auckland,NZ,2026-06-24,Oceania,Temperate Oceanic,2026,6,June,Wednesday,Winter,16.0,14.4,15.2,1.6,42.2,42.2,0.0,heavy,True,40.3,86.0,9.63
533ce26b381c50a8c30db152276c2f8a,Auckland,NZ,2026-06-25,Oceania,Temperate Oceanic,2026,6,June,Thursday,Winter,15.8,11.0,13.9,4.8,4.6,4.6,0.0,moderate,True,28.1,82.0,9.64
bd1ebd9743d7ad17c5dcb893f00e011a,Auckland,NZ,2026-06-26,Oceania,Temperate Oceanic,2026,6,June,Friday,Winter,13.2,8.6,11.1,4.6,12.0,12.0,0.0,heavy,True,35.8,82.0,9.64
afba30acf133537e017da35aa29f4f9e,Auckland,NZ,2026-06-27,Oceania,Temperate Oceanic,2026,6,June,Saturday,Winter,15.9,8.1,11.7,7.8,0.0,0.0,0.0,dry,False,15.6,86.0,9.64
8bb5b82a5d88c567fd8fe7f4748a8f5e,Auckland,NZ,2026-06-28,Oceania,Temperate Oceanic,2026,6,June,Sunday,Winter,17.2,10.3,13.2,6.9,0.0,0.0,0.0,dry,False,13.9,84.0,9.65
9de16d78b78dc2b15f9c2b15e5ebf973,Auckland,NZ,2026-06-29,Oceania,Temperate Oceanic,2026,6,June,Monday,Winter,14.6,9.5,11.5,5.1,0.0,0.0,0.0,dry,False,12.9,77.0,9.65
2f0907a09ab6800d2793d2d19e0a4b39,Auckland,NZ,2026-06-30,Oceania,Temperate Oceanic,2026,6,June,Tuesday,Winter,13.6,7.3,10.2,6.3,0.0,0.0,0.0,dry,False,13.9,77.0,9.66
4aba94a3394c099994d7b80b6cb694eb,Auckland,NZ,2026-07-01,Oceania,Temperate Oceanic,2026,7,July,Wednesday,Winter,14.0,6.0,9.4,8.0,0.0,0.0,0.0,dry,False,9.7,83.0,9.67
21fdaa487db54bd6fa126181657dad5b,Auckland,NZ,2026-07-02,Oceania,Temperate Oceanic,2026,7,July,Thursday,Winter,13.6,5.7,8.9,7.9,0.0,0.0,0.0,dry,False,9.3,87.0,9.68
a4e5840e53aa79f85b5d3b6ef9279136,Auckland,NZ,2026-07-03,Oceania,Temperate Oceanic,2026,7,July,Friday,Winter,12.8,6.6,9.1,6.2,0.0,0.0,0.0,dry,False,5.0,90.0,9.69
e93877617d43cc452297141189edc167,Auckland,NZ,2026-07-04,Oceania,Temperate Oceanic,2026,7,July,Saturday,Winter,15.0,10.2,12.9,4.8,1.6,1.6,0.0,light,True,29.1,79.0,9.7
a2ad7b13cf5b474a07412d80f37826e1,Auckland,NZ,2026-07-05,Oceania,Temperate Oceanic,2026,7,July,Sunday,Winter,16.1,10.6,13.6,5.5,2.7,2.7,0.0,moderate,True,29.8,83.0,9.71
19eabf52aae1dc30caada4a63fb51048,Auckland,NZ,2026-07-06,Oceania,Temperate Oceanic,2026,7,July,Monday,Winter,14.0,11.6,12.8,2.4,12.1,12.1,0.0,heavy,True,32.3,73.0,9.72
02927b78e7fb79866f9ca73d69226447,Auckland,NZ,2026-07-07,Oceania,Temperate Oceanic,2026,7,July,Tuesday,Winter,14.1,11.1,12.1,3.0,4.2,4.2,0.0,moderate,True,24.4,86.0,9.73
a85dca655e74f699d92d5a3958820a45,Auckland,NZ,2026-07-08,Oceania,Temperate Oceanic,2026,7,July,Wednesday,Winter,15.2,8.9,12.0,6.3,0.1,0.1,0.0,light,True,20.5,80.0,9.75
fe398bcb543dffd00ab6306647b20bad,Auckland,NZ,2026-07-09,Oceania,Temperate Oceanic,2026,7,July,Thursday,Winter,13.1,7.6,10.6,5.5,0.5,0.5,0.0,light,True,24.7,80.0,9.76
b95176e28c3fd0219b9708182f59b03a,Auckland,NZ,2026-07-10,Oceania,Temperate Oceanic,2026,7,July,Friday,Winter,13.7,8.4,10.9,5.3,0.0,0.0,0.0,dry,False,24.0,73.0,9.77
2544b1989a27c4ff02eb4173109238f1,Auckland,NZ,2026-07-11,Oceania,Temperate Oceanic,2026,7,July,Saturday,Winter,12.3,4.6,8.1,7.7,0.0,0.0,0.0,dry,False,10.5,79.0,9.79
226a62197f299a1f981ebaa8510d44e0,Auckland,NZ,2026-07-12,Oceania,Temperate Oceanic,2026,7,July,Sunday,Winter,12.6,3.7,8.0,8.9,0.0,0.0,0.0,dry,False,8.1,85.0,9.81
5e6f4ff7c122f7514383f5e0a87acd56,Auckland,NZ,2026-07-13,Oceania,Temperate Oceanic,2026,7,July,Monday,Winter,15.0,9.6,12.4,5.4,0.5,0.5,0.0,light,True,17.2,84.0,9.82
8e3e0ed3c606cf2d6637eebf43d26a5d,Auckland,NZ,2026-07-14,Oceania,Temperate Oceanic,2026,7,July,Tuesday,Winter,17.3,9.6,13.1,7.7,3.4,3.4,0.0,moderate,True,20.1,86.0,9.84
7c8bff816f1e7a2b072cba7a86bc6f93,Auckland,NZ,2026-07-15,Oceania,Temperate Oceanic,2026,7,July,Wednesday,Winter,15.7,8.0,11.0,7.7,0.7,0.7,0.0,light,True,10.0,95.0,9.86
9f30f53bd4a79bc6978daaf79234cd0f,Auckland,NZ,2026-07-16,Oceania,Temperate Oceanic,2026,7,July,Thursday,Winter,16.5,8.5,12.0,8.0,0.4,0.4,0.0,light,True,12.8,89.0,9.88
9645feec52d32fe0cf3abadf5362eb26,Auckland,NZ,2026-07-17,Oceania,Temperate Oceanic,2026,7,July,Friday,Winter,15.3,11.2,12.9,4.1,0.2,0.2,0.0,light,True,17.2,79.0,9.9
7cd0e2a055597fa8c238151269526dbe,Auckland,NZ,2026-07-18,Oceania,Temperate Oceanic,2026,7,July,Saturday,Winter,14.8,12.0,13.1,2.8,0.0,0.0,0.0,dry,False,18.2,75.0,9.92
d79ec2da94c3409ca50d4b23838ba437,Auckland,NZ,2026-07-19,Oceania,Temperate Oceanic,2026,7,July,Sunday,Winter,15.3,9.9,12.8,5.4,0.1,0.1,0.0,light,True,16.7,80.0,9.94
29df30977d525bba6c53b118651ef882,Auckland,NZ,2026-07-20,Oceania,Temperate Oceanic,2026,7,July,Monday,Winter,14.0,7.6,10.6,6.4,1.4,1.4,0.0,light,True,11.6,91.0,9.96
14147c2b009e77970ab92aa75086cf0f,Auckland,NZ,2026-07-21,Oceania,Temperate Oceanic,2026,7,July,Tuesday,Winter,14.3,8.9,10.9,5.4,0.4,0.4,0.0,light,True,13.5,83.0,9.98
137cedda944645bc7fc1ca7f50a81fe1,Auckland,NZ,2026-07-22,Oceania,Temperate Oceanic,2026,7,July,Wednesday,Winter,14.6,6.8,11.0,7.8,0.7,0.7,0.0,light,True,18.5,83.0,10.0
