period_month,currency_pair,monthly_avg_rate,mom_pct_change,yoy_pct_change,ma_3m,ma_6m,ma_12m
2000-01-01,EUR/JPY,106.53238095238095,,,106.53238095238095,106.53238095238095,106.53238095238095
2000-02-01,EUR/JPY,107.64095238095236,1.0405957500066865,,107.08666666666664,107.08666666666664,107.08666666666664
2000-03-01,EUR/JPY,102.5908695652174,-4.691599901366715,,105.58806763285024,105.58806763285024,105.58806763285024
2000-04-01,EUR/JPY,99.92444444444445,-2.5990861877605003,,103.38542213020473,104.1721618357488,104.1721618357488
2000-05-01,EUR/JPY,98.09045454545453,-1.835376627997733,,100.20192285170545,102.95582037768995,102.95582037768995
2000-06-01,EUR/JPY,100.71363636363638,2.674247795402234,,99.57617845117846,102.58212304201436,102.58212304201436
2000-07-01,EUR/JPY,101.3857142857143,0.6673157144791348,,100.0632683982684,101.72434526423656,102.41120750540007
2000-08-01,EUR/JPY,97.75739130434785,-3.578731981057512,,99.9522473178995,100.07708508480249,101.82948048026854
2000-09-01,EUR/JPY,93.10619047619048,-4.757901951042044,,97.41643202208421,98.49630523663133,100.86022603537099
2000-10-01,EUR/JPY,92.74499999999999,-0.3879339003595598,,94.53619392684611,97.29973116255725,100.04870343183389
2000-11-01,EUR/JPY,93.25909090909092,0.5543057944804838,,93.03676046176047,96.49450388983,99.43146592976633
2000-12-01,EUR/JPY,100.61473684210527,7.887323221051609,,95.53960925039873,96.47802063624147,99.53007183912791
2001-01-01,EUR/JPY,109.57409090909091,8.904614123322268,2.8551975742188507,101.1493062200957,97.8427500734709,99.78354766885373
2001-02-01,EUR/JPY,107.08099999999999,-2.275255845982184,-0.5202038523132335,105.75660925039874,99.3966848560796,99.73688497044104
2001-03-01,EUR/JPY,110.3331818181818,3.0371231293897245,7.546784899841969,108.99609090909091,102.26785007974483,100.38207765818807
2001-04-01,EUR/JPY,110.35526315789474,0.020013326316763287,10.438705735561605,109.25648165869218,105.20289393939395,101.25131255097561
2001-05-01,EUR/JPY,106.49590909090908,-3.497208883878742,8.569085120876373,109.06145135566187,107.4090303030303,101.95176709643015
2001-06-01,EUR/JPY,104.29761904761905,-2.064201397082289,3.5585873109003336,107.04959709880762,108.02284400394926,102.25043232009536
2001-07-01,EUR/JPY,107.21045454545452,2.792811115377009,5.745129183906096,106.00132756132756,107.62890461000988,102.73582734174039
2001-08-01,EUR/JPY,109.33869565217393,1.9851059448843955,11.846985883420343,106.94892308174917,108.0051872187055,103.70093603739258
2001-09-01,EUR/JPY,108.20049999999999,-1.040981553131692,16.21192903136714,108.24988339920948,107.64974024900856,104.9587951643767
2001-10-01,EUR/JPY,109.85565217391304,1.5297084337993376,18.449137068211822,109.13161594202899,107.56647175167829,106.38468284553612
2001-11-01,EUR/JPY,108.67636363636365,-1.0734891780374294,16.531656674952483,108.91083860342557,107.92988084258737,107.66945557280884
2001-12-01,EUR/JPY,113.38000000000001,4.32811349795891,12.687269835955806,110.63733860342556,109.44361100131754,108.7332275026334
2002-01-01,EUR/JPY,117.1159090909091,3.295033595792105,6.8828480521689395,113.05742424242425,111.09452009222662,109.36171235111827
2002-02-01,EUR/JPY,116.23200000000001,-0.754730162426496,8.545867147299733,115.57596969696971,112.24340415019763,110.12429568445158
2002-03-01,EUR/JPY,114.74550000000002,-1.278907701837697,3.999085414838563,116.03113636363639,113.33423748353096,110.49198886626975
2002-04-01,EUR/JPY,115.80952380952381,0.9272902288314477,4.942456295741139,115.5956746031746,114.32654942279943,110.94651058723888
2002-05-01,EUR/JPY,115.86090909090909,0.0443705143540652,8.79376501871605,115.47197763347765,115.52397366522369,111.72692725390552
2002-06-01,EUR/JPY,117.79850000000002,1.6723422285342313,12.94457253738159,116.48964430014432,116.26039033189033,112.85200066660393
2002-07-01,EUR/JPY,117.10695652173915,-0.587056268340317,9.230911312001535,116.92212187088275,116.25889823702867,113.67670916462765
2002-08-01,EUR/JPY,116.30545454545454,-0.6844187570836797,6.371723068147005,117.07030368906457,116.27114066127109,114.25727240573438
2002-09-01,EUR/JPY,118.38047619047617,1.7841137830820093,9.4084372904711,117.26429575255662,116.87697002635048,115.10560375494072
2002-10-01,EUR/JPY,121.57217391304347,2.696135228778606,10.665379074516752,118.75270154965806,117.83741171027042,116.08198056653492
2002-11-01,EUR/JPY,121.65,0.0640163653009946,11.937863882754462,120.53421670117321,118.80226019511889,117.16311693017131
2002-12-01,EUR/JPY,124.19800000000001,2.094533497739418,9.541365320162283,122.47339130434784,119.86884352845222,118.06461693017128
2003-01-01,EUR/JPY,126.11545454545457,1.543869100512537,7.684306533931045,123.98781818181818,121.3702598657381,118.81457905138342
2003-02-01,EUR/JPY,128.60399999999998,1.9732279945504176,10.644228783811661,126.3058181818182,123.4200174414957,119.84557905138342
2003-03-01,EUR/JPY,128.15619047619043,-0.348208083581812,11.687334558819655,127.62521500721499,125.0493031557814,120.96313659106596
2003-04-01,EUR/JPY,130.115,1.5284548616272235,12.352590460526324,128.95839682539682,126.4731075036075,122.15525960693896
2003-05-01,EUR/JPY,135.82857142857145,4.391170448120079,17.23416680771505,131.3665873015873,128.83620274170275,123.8192314684108
2003-06-01,EUR/JPY,138.0504761904762,1.635815453653047,17.19204929644789,134.66468253968253,131.14494877344876,125.50689615095051
2003-07-01,EUR/JPY,134.9882608695652,-2.218185264848971,15.269207636274507,136.2891028295376,132.6237498274672,126.99700484660268
2003-08-01,EUR/JPY,132.37809523809523,-1.9336241645427976,13.819335262869528,135.13894409937888,133.25276570048308,128.3363915709894
2003-09-01,EUR/JPY,128.9440909090909,-2.594088034601136,8.923443340114376,132.1034823389171,133.38408243929982,129.21669279754062
2003-10-01,EUR/JPY,128.1182608695652,-0.6404559012385692,5.384527351796746,129.8134823389171,133.05129258422735,129.76220004391743
2003-11-01,EUR/JPY,127.83899999999998,-0.21797116794266416,5.087546239210833,128.30045059288537,131.7196973461321,130.2779500439174
2003-12-01,EUR/JPY,132.43142857142854,3.5923533283493745,6.62927629384413,129.46289648033124,130.78318940962416,130.96406909153646
2004-01-01,EUR/JPY,134.1309523809524,1.2833236248049746,6.355682469200389,131.46712698412696,130.64030466152204,131.6320272444946
2004-02-01,EUR/JPY,134.77900000000002,0.48314546906896066,4.801561382227645,133.78046031746032,131.04045545517283,132.14661057782794
2004-03-01,EUR/JPY,133.12521739130435,-1.2270328528151107,3.877321022613487,134.0117232574189,131.7373098688751,132.56069615408748
2004-04-01,EUR/JPY,129.078,-3.040158334095389,-0.7969872804826547,132.32740579710148,131.8972663906142,132.47427948742077
2004-05-01,EUR/JPY,134.48238095238096,4.186910978153489,-0.99109521806199,132.22853278122844,133.00449654934437,132.36209694773825
2004-06-01,EUR/JPY,132.8609090909091,-1.2057132317176997,-3.7591808755565186,132.14043001443002,133.07607663592447,131.9296330227743
2004-07-01,EUR/JPY,134.0822727272727,0.9192799031112278,-0.6711606894231545,133.80852092352092,133.06796336031118,131.85413401091662
2004-08-01,EUR/JPY,134.53863636363639,0.340360904600665,1.6320986653080398,133.82727272727274,133.0279027542506,132.0341791047117
2004-09-01,EUR/JPY,134.50545454545457,-0.02466341199722828,4.313003874124467,134.37545454545455,133.25794227994228,132.49762607440869
2004-10-01,EUR/JPY,135.97095238095238,1.0895452830892935,6.129252347080995,135.00501443001446,134.40676767676769,133.15201703369095
2004-11-01,EUR/JPY,136.08727272727273,0.08554793820554646,6.452078573262267,135.5212265512266,134.67424963924967,133.839373094297
2004-12-01,EUR/JPY,139.14000000000001,2.243212911500648,5.065694375525914,137.06607503607503,135.72076479076478,134.39842071334462
2005-01-01,EUR/JPY,135.63333333333333,-2.5202433999329372,1.1200852045797203,136.95353535353536,135.9792748917749,134.52361912604306
2005-02-01,EUR/JPY,136.5495,0.6754730892111102,1.3136319456294894,137.10761111111108,136.31441883116884,134.67116079270974
2005-03-01,EUR/JPY,138.83285714285714,1.6721827197149326,4.287421920052849,137.00523015873014,137.0356525974026,135.14679743867245
2005-04-01,EUR/JPY,138.83619047619044,0.0024009686193174895,7.559917628248374,138.0728492063492,137.51319227994227,135.959979978355
2005-05-01,EUR/JPY,135.3731818181818,-2.494312647250669,0.6623922475883676,137.68074314574312,137.39417712842712,136.03421338383842
2005-06-01,EUR/JPY,132.2159090909091,-2.3322734125531563,-0.4854701088630018,135.47509379509378,136.240161976912,135.98046338383838
2005-07-01,EUR/JPY,134.74714285714285,1.914469887654236,0.49586728830477367,134.1120779220779,136.09246356421355,136.0358692279942
2005-08-01,EUR/JPY,135.98478260869564,0.9184905336842063,1.0748928963056767,134.3159448522492,135.99834399899615,136.1563814150825
2005-09-01,EUR/JPY,136.06318181818185,0.05765292849848176,1.1581145746032635,135.59836909467344,135.5367314448836,136.28619202114308
2005-10-01,EUR/JPY,138.05190476190478,1.4616172554162514,1.5304389242800573,136.69995639626075,135.40601715916932,136.4596047195558
2005-11-01,EUR/JPY,139.59136363636367,1.115130484518819,2.574885100470304,137.9021500721501,136.10904746219964,136.75161229531338
2005-12-01,EUR/JPY,140.57666666666668,0.7058481303110811,1.0325331800105415,139.40664502164506,137.50250705815924,136.87133451753562
2006-01-01,EUR/JPY,139.81499999999997,-0.5418158537453202,3.0830670926517403,139.99434343434345,138.34714991530208,137.21980673975784
2006-02-01,EUR/JPY,140.76749999999998,0.681257375818056,3.0889897070293113,140.3863888888889,139.14426948051948,137.57130673975783
2006-03-01,EUR/JPY,140.96,0.13675031523613326,1.5321609746560716,140.51416666666668,139.96040584415584,137.74856864451974
2006-04-01,EUR/JPY,143.58666666666667,1.8634127884979177,3.4216411255470973,141.77138888888888,140.88286616161616,138.14444166039274
2006-05-01,EUR/JPY,142.70318181818183,-0.6152972758507109,5.414661827070654,142.41661616161616,141.40150252525254,138.7552749937261
2006-06-01,EUR/JPY,145.11,1.686590411757398,9.752299097550504,143.79994949494952,142.1570580808081,139.82978256948365
2006-07-01,EUR/JPY,146.6966666666667,1.093423379964629,8.868109227512576,144.8366161616162,143.30400252525254,140.8255762202773
2006-08-01,EUR/JPY,148.53478260869565,1.2530045731752344,9.228973830192007,146.78048309178746,144.5985496267018,141.87140955361062
2006-09-01,EUR/JPY,148.99238095238096,0.30807487354043894,9.502349541903339,148.07461007591442,145.93727978543197,142.94884281479392
2006-10-01,EUR/JPY,149.6518181818182,0.4425979538161697,8.402573973839429,149.0596605809649,146.94813837129055,143.91550226645336
2006-11-01,EUR/JPY,151.10545454545456,0.971345608290769,8.248426413460056,149.91655122655123,148.34851715916935,144.87500984221094
2006-12-01,EUR/JPY,154.82473684210524,2.461381892426567,10.135444603494099,151.86066985645934,149.96763996618688,146.06234902349752
2007-01-01,EUR/JPY,156.56136363636364,1.1216726924131388,11.977515743206144,154.16385167464117,151.61175612780303,147.45787932652783
2007-02-01,EUR/JPY,157.60049999999995,0.663724650514581,11.958015877244373,156.32886682615626,153.12270902635376,148.8606293265278
2007-03-01,EUR/JPY,155.2409090909091,-1.4971976034916485,10.131178412960478,156.4675909090909,154.16413038277514,150.05070508410356
2007-04-01,EUR/JPY,160.68473684210525,3.5066966452819774,11.907839754460891,157.8420486443381,156.00295015948964,151.47554426539008
2007-05-01,EUR/JPY,163.21909090909088,1.5772214068321733,14.37663045036261,159.71491228070175,158.021889553429,153.18520335629918
2007-06-01,EUR/JPY,164.55476190476193,0.8183301280699992,13.400015095280764,162.81952988531933,159.64356039720514,154.805600181696
2007-07-01,EUR/JPY,166.76227272727272,1.3415052818638016,13.678297207802515,164.84537518037519,161.34371191235664,156.47773402007985
2007-08-01,EUR/JPY,159.05260869565217,-4.623146414074801,7.081052600766909,163.4565477758956,161.58573002829868,157.35421952732625
2007-09-01,EUR/JPY,159.8195,0.4821620409981999,7.266894440111991,161.87812714097495,162.34882851314717,158.25647944796114
2007-10-01,EUR/JPY,164.94782608695652,3.2088237586505524,10.221063860750817,161.2733115942029,163.05934338728906,159.53114677338934
2007-11-01,EUR/JPY,162.89090909090908,-1.2470106729161081,7.799489820474541,162.55274505928853,163.00464641759206,160.51326798551057
2007-12-01,EUR/JPY,163.55315789473684,0.40655970767414995,5.637614008369412,163.79729769086748,162.83771241592123,161.2406364065632
2008-01-01,EUR/JPY,158.67681818181816,-2.9815014125603745,1.351198339309291,161.70696172248802,161.49013665834545,161.4169242853511
2008-02-01,EUR/JPY,157.96904761904764,-0.44604534605649104,0.23384927017851415,160.06634123186754,161.30954314557803,161.4476365869384
2008-03-01,EUR/JPY,156.59368421052633,-0.8706537320134291,0.8714037604772394,157.74651667046405,160.77190718066575,161.56036784690647
2008-04-01,EUR/JPY,161.56181818181818,3.172627297415541,0.5458398581906274,158.70818333713072,160.20757252980937,161.6334579585492
2008-05-01,EUR/JPY,162.31,0.4630932150935762,-0.5569758439576287,160.15516746411484,160.11075434799116,161.5577003827916
2008-06-01,EUR/JPY,166.26428571428573,2.4362551378755044,1.0388783586300647,163.37870129870132,160.56260898458265,161.70016070025193
2008-07-01,EUR/JPY,168.4534782608696,1.3166944044410342,1.014141571674735,165.67592132505177,162.19205233109125,161.84109449471836
2008-08-01,EUR/JPY,163.6290476190476,-2.8639543045533267,2.8773114511768108,166.1156038647343,163.13538566442455,162.22246440500132
2008-09-01,EUR/JPY,153.20045454545456,-6.373314044993002,-4.14157562409183,161.7609934751239,162.5698473869126,161.67087728378917
2008-10-01,EUR/JPY,133.5186956521739,-12.847062987950261,-19.05398281406506,150.11606593889204,157.89599363197192,159.05178308089063
2008-11-01,EUR/JPY,123.2775,-7.670233447196768,-24.31898091304832,136.66555006587615,151.39057696530523,155.75066565664818
2008-12-01,EUR/JPY,122.51285714285716,-0.6202614890331536,-25.092943040753333,126.43635093167701,144.09867220340047,152.33064059399155
2009-01-01,EUR/JPY,119.73285714285716,-2.269149593628658,-24.542942998981413,121.84107142857142,135.9785686837317,149.0853105074115
2009-02-01,EUR/JPY,118.30049999999999,-1.1962941309820907,-25.111595098497315,120.18207142857143,128.42381074722377,145.7795982058242
2009-03-01,EUR/JPY,127.65318181818179,7.905868376026989,-18.48127051754948,121.89551298701298,124.165931959345,143.36788967312881
2009-04-01,EUR/JPY,130.24600000000004,2.031142620096405,-19.383180094306688,125.39989393939395,123.62048268398269,140.75823815797733
2009-05-01,EUR/JPY,131.846,1.2284446355358056,-18.769022241389933,129.91506060606062,125.04856601731603,138.21957149131063
2009-06-01,EUR/JPY,135.39181818181822,2.6893634860505586,-18.568309724386523,132.4946060606061,127.19505952380955,135.646865863605
2009-07-01,EUR/JPY,133.09391304347827,-1.6972259987336091,-20.990700567567366,133.44391040843217,129.42190217391305,132.7002354288224
2009-08-01,EUR/JPY,135.31428571428575,1.6682751449964066,-17.304239263607265,134.60000564652742,132.257533126294,130.3406719367589
2009-09-01,EUR/JPY,133.14409090909092,-1.603817951474216,-13.091582329746235,133.85076322228497,133.1726846414455,128.66930830039527
2009-10-01,EUR/JPY,133.9140909090909,0.5783208212565197,0.29613475100672976,134.12415584415587,133.78403312629402,128.70225790513834
2009-11-01,EUR/JPY,132.96571428571428,-0.7081977833239623,7.858866610463614,133.3412987012987,133.97065217391307,129.50960909561454
2009-12-01,EUR/JPY,131.21,-1.3204263182775298,7.098963374106501,132.69660173160173,133.27368247694335,130.23437100037646
2010-01-01,EUR/JPY,130.339,-0.6638213550796503,8.858172359896423,131.50490476190478,132.81453030303032,131.11821623847166
2010-02-01,EUR/JPY,123.4555,-5.281228181894903,4.35754709405287,128.33483333333334,130.838066017316,131.547799571805
2010-03-01,EUR/JPY,123.0282608695652,-0.34606731205559826,-3.6230361693639024,125.60758695652173,129.15209434406174,131.16238949275362
2010-04-01,EUR/JPY,125.3255,1.8672450656441784,-3.7778511432213127,123.93642028985506,127.72066252587992,130.75234782608695
2010-05-01,EUR/JPY,115.82714285714285,-7.5789501281520195,-12.1496724533601,121.39363457556935,124.86423395445134,129.4174430641822
2010-06-01,EUR/JPY,110.99363636363637,-4.173034380609694,-18.02042556620182,117.38209307359307,121.49484001505739,127.38426124600038
2010-07-01,EUR/JPY,111.72863636363635,0.662200126133344,-16.05278272407728,112.84980519480519,118.39311274233013,125.60382152268022
2010-08-01,EUR/JPY,110.0409090909091,-1.5105592690080953,-18.67753762285014,110.9210606060606,116.15734759081498,123.49770680406549
2010-09-01,EUR/JPY,110.25545454545454,0.19496881325126075,-17.190876596442006,110.675,114.02854653679653,121.59032044042912
2010-10-01,EUR/JPY,113.67142857142859,3.0982358560462537,-15.116155589186109,111.32259740259741,112.08620129870128,119.9034319122906
2010-11-01,EUR/JPY,112.68636363636364,-0.8665897380237128,-15.25156372700315,112.20441558441559,111.56273809523809,118.21348602484473
2010-12-01,EUR/JPY,110.10956521739128,-2.286699415811863,-16.08142274415725,112.1557858083945,111.41539290419723,116.45511645962732
2011-01-01,EUR/JPY,110.38095238095238,0.24647010732019226,-15.312414257472911,111.05896041156909,111.19077890708326,114.7919458247067
2011-02-01,EUR/JPY,112.76800000000003,2.1625539257981297,-8.656965465289089,111.08617253278123,111.6452940585984,113.90132082470667
2011-03-01,EUR/JPY,114.39739130434786,1.4449057395252496,-7.015355255950341,112.51544789510008,112.33561685174728,113.1820816942719
2011-04-01,EUR/JPY,120.41526315789473,5.26049745097478,-3.9179870354439252,115.86021815408088,113.45958928282498,112.77289529076315
2011-05-01,EUR/JPY,116.4672727272727,-3.278646184118053,0.5526596394761875,117.09330906317177,114.08974079797649,112.8262394466073
2011-06-01,EUR/JPY,115.75045454545453,-0.6154674742807082,4.285667482984263,117.54433014354066,115.02988901932036,113.22264096175878
2011-07-01,EUR/JPY,113.26238095238094,-2.149515181468719,1.372740810827403,115.16003607503607,115.51012711455847,113.35045301082084
2011-08-01,EUR/JPY,110.43217391304348,-2.4988058837712055,0.35556305865407695,113.14833647029297,115.12082276673237,113.38305841266538
2011-09-01,EUR/JPY,105.75045454545452,-4.239452327793029,-4.085965650019398,109.81500313695965,113.67966664025016,113.0076417459987
2011-10-01,EUR/JPY,105.06095238095239,-0.6520087005448877,-7.574881655565342,107.08119361315012,111.1206148440931,112.29010206345903
2011-11-01,EUR/JPY,105.02045454545456,-0.03854699065641959,-6.802872010003623,105.27728715728715,109.21281181379005,111.65127630588329
2011-12-01,EUR/JPY,102.54714285714284,-2.3550761601790833,-6.868088476525911,104.20951659451659,107.0122598657381,111.02107444252925
2012-01-01,EUR/JPY,99.32636363636365,-3.1407790905164665,-10.014942348419469,102.29798701298701,104.68959031306856,110.09985871381353
2012-02-01,EUR/JPY,103.76666666666668,4.470417387431085,-7.982169882709054,101.88005772005772,103.57867243867243,109.3497476027024
2012-03-01,EUR/JPY,108.87636363636362,4.924218088368398,-4.826183189174181,103.98979797979798,104.09965728715729,108.8896619637037
2012-04-01,EUR/JPY,107.00105263157894,-1.7224225186726776,-11.139958651858258,106.54802764486975,104.42300732892836,107.77181108651074
2012-05-01,EUR/JPY,101.97045454545454,-4.701447287108026,-12.447117411055759,105.94929027113237,103.91467399559507,106.56374290469255
2012-06-01,EUR/JPY,99.26047619047618,-2.657611331692511,-14.246145658549297,102.74399445583656,103.36689621781727,105.18957804177768
2012-07-01,EUR/JPY,97.06727272727272,-2.209543563940602,-14.298753115491317,99.43273448773448,102.99038106630212,103.83998568968532
2012-08-01,EUR/JPY,97.5786956521739,0.5268747236137085,-11.639251320897356,97.96881485664095,101.95905256388666,102.76886250127954
2012-09-01,EUR/JPY,100.49299999999998,2.986619495524225,-4.971566853355448,98.3796561264822,100.56182529115938,102.33074128915833
2012-10-01,EUR/JPY,102.47391304347826,1.9711950518725503,-2.4624175574703395,100.18186956521738,99.80730202647594,102.11515467770215
2012-11-01,EUR/JPY,103.935,1.4258135686707123,-1.033564889956509,102.30063768115942,100.13472626890018,102.02470013224762
2012-12-01,EUR/JPY,109.70526315789475,5.551799834410685,6.980321539259063,105.37139206712435,101.87552409680326,102.62121015731026
2013-01-01,EUR/JPY,118.3431818181818,7.873750457947325,19.1457911934028,110.66114832535885,105.42150894528812,104.20594500579512
2013-02-01,EUR/JPY,124.4005,5.118434445276648,19.884837777063904,117.48298165869217,109.8918096699258,105.92543111690622
2013-03-01,EUR/JPY,122.9865,-1.136651380018559,12.959779232490586,121.9100606060606,113.64072633659246,107.10127581387592
2013-04-01,EUR/JPY,127.54333333333335,3.705149210143669,19.1982043134516,124.97677777777778,117.81896305156833,108.8131325390221
2013-05-01,EUR/JPY,131.12681818181818,2.809621447731356,28.592952504067576,127.21888383838386,122.350932748538,111.24282950871908
2013-06-01,EUR/JPY,128.39499999999998,-2.083340555118409,29.351585774801258,129.02171717171717,125.46588888888887,113.67070649284608
2013-07-01,EUR/JPY,130.39391304347825,1.5568464842698457,34.33354969170967,129.97191040843214,127.47434409310496,116.44792651919654
2013-08-01,EUR/JPY,130.3386363636364,-0.042392070727582054,33.572841379472415,129.70918313570488,128.46403348704436,119.17792157848508
2013-09-01,EUR/JPY,132.40952380952382,1.588851551361777,31.759947269485284,131.0473577388795,130.0345374552983,121.83763189594539
2013-10-01,EUR/JPY,133.32478260869567,0.6912333590810936,30.106071534642982,132.02431426061864,130.99811233452536,124.40853769304685
2013-11-01,EUR/JPY,134.97285714285715,1.2361351745073015,29.86275763011223,133.5690545203589,131.63911882803185,126.99502578828492
2013-12-01,EUR/JPY,141.679,4.968512187635604,29.14512569564382,136.6588799171843,133.85311882803188,129.6595038584604
2014-01-01,EUR/JPY,141.46727272727273,-0.14944153525030063,19.53985903862036,139.37304329004328,135.69867877533096,131.58651143421798
2014-02-01,EUR/JPY,139.345,-1.5001863585538593,12.013215380967122,140.83042424242424,137.19973938139157,132.83188643421798
2014-03-01,EUR/JPY,141.48,1.5321683591086805,15.03701625788195,140.7640909090909,138.7114854131376,134.37301143421797
2014-04-01,EUR/JPY,141.6185,0.09789369522195492,11.035595745236906,140.81449999999998,140.09377164502166,135.54594198977352
2014-05-01,EUR/JPY,139.74428571428572,-1.323424754332441,6.571857421659322,140.94759523809523,140.88900974025975,136.2640642841458
2014-06-01,EUR/JPY,138.71857142857147,-0.7339937232291438,8.040477766713256,140.02711904761907,140.39560497835498,137.12436190319343
2014-07-01,EUR/JPY,137.72304347826085,-0.7176601806508879,5.620761171833834,138.72863354037267,139.77156677018633,137.73512277275867
2014-08-01,EUR/JPY,137.10666666666668,-0.4475480616948886,5.192650845408508,137.84942719116634,139.39851121463076,138.29912529801118
2014-09-01,EUR/JPY,138.39045454545456,0.9363424186433019,4.516994370083635,137.74005489679402,138.88358697220653,138.79753619267208
2014-10-01,EUR/JPY,136.84521739130432,-1.1165778443503178,2.6404954230760076,137.44744620114184,138.08803987075726,139.0909057578895
2014-11-01,EUR/JPY,145.029,5.9803205144498595,7.45049269165228,140.08822397891961,138.968825585043,139.92891766265137
2014-12-01,EUR/JPY,147.05857142857144,1.39942454858783,3.79701397424561,142.97759627329194,140.35882558504298,140.37721528169897
2015-01-01,EUR/JPY,137.46999999999997,-6.520239748982454,-2.8255812459033467,143.18585714285715,140.3166516719995,140.0441092210929
2015-02-01,EUR/JPY,134.68600000000004,-2.025169127809657,-3.343499946176729,139.73819047619048,139.91320722755503,139.6558592210929
2015-03-01,EUR/JPY,130.40954545454545,-3.175129223122361,-7.824748759863259,134.18851515151516,138.58305571240354,138.73332134230506
2015-04-01,EUR/JPY,128.93500000000003,-1.130703622503904,-8.956103898855009,131.34351515151516,137.26468614718615,137.67636300897172
2015-05-01,EUR/JPY,134.748,4.508473261720989,-3.57530591590764,131.36418181818183,135.55118614718617,137.26000586611454
2015-06-01,EUR/JPY,138.73954545454544,2.9622298323874534,0.015119839944985475,134.14084848484848,134.16468181818183,137.26175370161238
2015-07-01,EUR/JPY,135.68130434782609,-2.204303824623173,-1.4824963774178033,136.3896166007905,133.86656587615286,137.09160877407615
2015-08-01,EUR/JPY,137.12380952380954,1.0631569197518318,0.012503299481808172,137.18155310872703,134.27286746345442,137.09303734550474
2015-09-01,EUR/JPY,134.8509090909091,-1.6575534480799066,-2.5576514407522795,135.88534098751492,135.0130947361817,136.7980752242926
2015-10-01,EUR/JPY,134.83909090909094,-0.008763887390780508,-1.4659821661702095,135.6046031746032,135.99710988769684,136.6308980174415
2015-11-01,EUR/JPY,131.59714285714284,-2.4043087431773285,-9.261497454203749,133.76238095238097,135.471967030554,135.51157658887007
2015-12-01,EUR/JPY,132.3577272727273,0.5779642316475745,-9.996591162987444,132.93132034632035,134.40833066691764,134.28650624254973
2016-01-01,EUR/JPY,128.32349999999997,-3.047972608667319,-6.653451662180842,130.7594567099567,133.18202994227997,133.5242979092164
2016-02-01,EUR/JPY,127.3461904761905,-0.7615982449118572,-5.449571242600963,129.3424725829726,131.5524267676768,132.9126471155656
2016-03-01,EUR/JPY,125.38523809523811,-1.5398594756700044,-3.8527144173342567,127.01830952380952,129.97481493506493,132.49395483562333
2016-04-01,EUR/JPY,124.28714285714284,-0.875777128772683,-3.6048064085447624,125.67285714285715,128.21615692640694,132.10663340705187
2016-05-01,EUR/JPY,123.21363636363635,-0.8637309289025874,-8.559951640368418,124.2953391053391,126.81890584415585,131.1454364373549
2016-06-01,EUR/JPY,118.45318181818183,-3.8635776736636105,-14.621904353153534,121.98465367965366,124.5014816017316,129.4549061343246
2016-07-01,EUR/JPY,115.24999999999997,-2.704175412610311,-15.058304787113045,118.97227272727271,122.32256493506493,127.75229743867244
2016-08-01,EUR/JPY,113.48739130434782,-1.5293784777892825,-17.237282352017502,115.7301910408432,120.01276507309116,125.78259592038397
2016-09-01,EUR/JPY,114.21818181818183,0.6439398292927467,-15.300399093948874,114.31852437417655,118.15158902691512,124.06320198099002
2016-10-01,EUR/JPY,114.47333333333331,0.22338957869040926,-15.10374880047827,114.05963548528764,116.5159541062802,122.36605551634356
2016-11-01,EUR/JPY,116.93272727272728,2.148442670252719,-11.14341486907108,115.20808080808081,115.46913592446201,121.14402088430894
2016-12-01,EUR/JPY,122.3947619047619,4.671091455256397,-7.5273016341814145,117.9336075036075,116.12606593889204,120.31377377031181
2017-01-01,EUR/JPY,122.13590909090912,-0.2114901077663786,-4.821868877556212,120.48779942279943,117.27371745404353,119.79814119455425
2017-02-01,EUR/JPY,120.16799999999998,-1.6112452967819453,-5.636753207417387,121.56622366522367,118.38715223665224,119.1999586548717
2017-03-01,EUR/JPY,120.67608695652173,0.4228138577006785,-3.7557460593084153,120.99333201581027,119.4634697597089,118.807529393312
2017-04-01,EUR/JPY,118.29444444444445,-1.9735828134163462,-4.82165594520623,119.71284380032205,120.10032161156074,118.30813785892046
2017-05-01,EUR/JPY,124.09318181818183,4.9019524128715,0.7138377540856803,121.02123773971601,121.29373070246983,118.3814333134659
2017-06-01,EUR/JPY,124.58454545454546,0.39596344389296384,5.176191590847164,122.32405723905724,121.65869462743376,118.8923802831629
2017-07-01,EUR/JPY,129.4819047619048,3.9309525025687235,12.348724305340406,126.05321067821069,122.88302723926638,120.07837234665494
2017-08-01,EUR/JPY,129.7034782608696,0.1711231383043347,14.28888863348162,127.92330949243994,124.47227361607797,121.4297129263651
2017-09-01,EUR/JPY,131.92380952380952,1.7118517504012003,15.501584269492563,130.3697308488613,126.34689404395927,122.9051819018341
2017-10-01,EUR/JPY,132.7631818181818,0.63625534875173,15.977387879140842,131.4634898676203,128.7583502729155,124.42933594223814
2017-11-01,EUR/JPY,132.39181818181817,-0.2797188431896875,13.22049974344221,132.35960317460317,130.14145633352155,125.7175935179957
2017-12-01,EUR/JPY,133.63842105263157,0.9416011411682577,9.186389166407796,132.93114035087717,131.65043559986924,126.65456511365149
2018-01-01,EUR/JPY,135.25454545454545,1.2093261722071618,10.741015039132975,133.76159489633173,132.612542381976,127.74778481062118
2018-02-01,EUR/JPY,133.293,-1.4502621320069826,10.922208907529484,134.06198883572566,133.2107960051644,128.8415348106212
2018-03-01,EUR/JPY,130.85761904761904,-1.8270884085293055,8.437075105663315,133.13505483405484,133.033097592466,129.68999581821262
2018-04-01,EUR/JPY,132.15749999999997,0.9933551915749782,11.719109566524178,132.10270634920633,132.93215062276906,130.8452504478423
2018-05-01,EUR/JPY,129.57227272727275,-1.9561714414446583,4.41530374901559,130.86246392496392,132.4622263803448,131.30184135693318
2018-06-01,EUR/JPY,128.52904761904762,-0.805129898756147,3.1661247790491807,130.08627344877343,131.61066414141416,131.6305498706417
2018-07-01,EUR/JPY,130.23227272727274,1.3251674541877752,0.5795156989293261,129.44453102453102,130.7736186868687,131.69308053442236
2018-08-01,EUR/JPY,128.2004347826087,-1.5601646981305686,-1.1588305097245284,128.98725170964303,129.92485781730346,131.56782691123394
2018-09-01,EUR/JPY,130.53500000000003,1.821027535008029,-1.0527360669939172,129.65590250329382,129.87108797603364,131.45209278424983
2018-10-01,EUR/JPY,129.61652173913046,-0.7036260473203069,-2.3701300586187153,129.45065217391308,129.44759159922202,131.18987111099557
2018-11-01,EUR/JPY,128.78863636363633,-0.6387190185216952,-2.721604603415497,129.64671936758893,129.316985538616,130.88960595948038
2018-12-01,EUR/JPY,127.87789473684207,-0.7071599269230339,-4.310531560022551,128.76101761320294,129.2084600582484,130.40956209983128
2019-01-01,EUR/JPY,124.34136363636365,-2.7655531143644376,-8.068624815163314,127.00263157894734,128.22664187643022,129.50013028164946
2019-02-01,EUR/JPY,125.28,0.754886657332624,-6.011568499471093,125.83308612440192,127.73990274599542,128.83238028164945
2019-03-01,EUR/JPY,125.67380952380951,0.3143434896308339,-3.9614120763752725,125.09839105339104,126.92970433329701,128.40039615466532
2019-04-01,EUR/JPY,125.43599999999996,-0.1892275922172084,-5.08597695930992,125.46326984126983,126.23295071010858,127.8402711546653
2019-05-01,EUR/JPY,122.94818181818178,-1.9833366671594959,-5.112275002718778,124.68599711399709,125.25954161919948,127.28826357890775
2019-06-01,EUR/JPY,122.0805,-0.7057296865641531,-5.0171908517992945,123.48822727272723,124.29330916305916,126.75088461065378
2019-07-01,EUR/JPY,121.40565217391304,-0.5527892055544992,-6.777598492690104,122.14477799736494,123.80402391931739,126.0153328978738
2019-08-01,EUR/JPY,118.17909090909089,-2.657669727106377,-7.816934389115884,120.55508102766798,122.62053907083254,125.18022090841397
2019-09-01,EUR/JPY,118.24190476190478,0.05315140972120741,-9.417470592634347,119.27554928163624,121.38188827718174,124.15579630523938
2019-10-01,EUR/JPY,119.51130434782611,1.0735615165177128,-7.796241756619862,118.64410000627392,120.39443900181944,123.31369485596402
2019-11-01,EUR/JPY,120.33761904761906,0.6914113307541487,-6.561927786979371,119.36360938578332,119.95934520672563,122.60944341296256
2019-12-01,EUR/JPY,121.24100000000001,0.7507053567542148,-5.190025023871416,120.36330779848174,119.819428540059,122.05636885155906
2020-01-01,EUR/JPY,121.36272727272727,0.10040107944280878,-2.395531363438643,120.98044877344877,119.81227438986134,121.80814915458934
2020-02-01,EUR/JPY,120.02550000000001,-1.1018434595015603,-4.1942049808429065,120.87640909090909,120.1200092383462,121.37027415458935
2020-03-01,EUR/JPY,118.89727272727272,-0.9399896461396009,-5.39216311036783,120.09516666666667,120.22923723257419,120.80556275487795
2020-04-01,EUR/JPY,116.96999999999998,-1.6209562112442448,-6.7492585860518375,118.63092424242423,119.80568650793651,120.10006275487797
2020-05-01,EUR/JPY,116.867,-0.08805676669229737,-4.946133995844484,117.5780909090909,119.22724999999998,119.59329760336283
2020-06-01,EUR/JPY,121.12045454545455,3.6395685227262997,-0.7864036062642691,118.31915151515152,119.20715909090909,119.51329381548403
2020-07-01,EUR/JPY,122.38043478260872,1.0402704001422953,0.8029136957308255,120.12262977602109,119.37677700922268,119.59452569954199
2020-08-01,EUR/JPY,125.40380952380953,2.470472299409136,6.113364520866255,122.96823295062427,120.27316192985758,120.1965855841019
2020-09-01,EUR/JPY,124.50136363636365,-0.7196319560567558,5.293773715048903,124.09520264759396,121.20717708137273,120.71820715697349
2020-10-01,EUR/JPY,123.88909090909091,-0.4917799366929261,3.6630732006101057,124.59808802308804,122.36035889955456,121.08302270374554
2020-11-01,EUR/JPY,123.60952380952382,-0.22565917427889887,2.7189375922503767,123.9999927849928,123.48411286780852,121.35568143390428
2020-12-01,EUR/JPY,126.2781818181818,2.1589420672554773,4.154685146263882,124.59226551226551,124.34373407992973,121.77544658541943
2021-01-01,EUR/JPY,126.30800000000002,0.023613090867230953,4.074787077056777,125.39856854256855,124.9983282828283,122.18755264602548
2021-02-01,EUR/JPY,127.49250000000002,0.9377869968648065,6.22117799967508,126.69289393939395,125.34644336219338,122.80980264602549
2021-03-01,EUR/JPY,129.3804347826087,1.4808202699050272,8.816991184803967,127.72697826086959,126.15962188656756,123.68339948397015
2021-04-01,EUR/JPY,130.48899999999998,0.8568260102495041,11.557664358382485,129.12064492753623,127.2596067350524,124.80998281730348
2021-05-01,EUR/JPY,132.56904761904758,1.594040585066638,13.435826725292491,130.81282746721874,128.75286070330637,126.11848678555744
2021-06-01,EUR/JPY,132.63136363636363,0.047006460735180215,9.503687163417327,131.8964704184704,129.81172433967,127.07772920979987
2021-07-01,EUR/JPY,130.3490909090909,-1.7207639767091967,6.511380794354393,131.84983405483402,130.48523949118513,127.7417838870067
2021-08-01,EUR/JPY,129.28409090909088,-0.8170367683981676,3.094229274226816,130.75484848484848,130.78383797603362,128.06514066911348
2021-09-01,EUR/JPY,129.65636363636364,0.28794937153909406,4.1405168983180065,129.7631818181818,130.8298261183261,128.49472400244684
2021-10-01,EUR/JPY,131.21238095238093,1.2001087122737155,5.911166180615372,130.05094516594514,130.95038961038958,129.104998172721
2021-11-01,EUR/JPY,130.11772727272725,-0.8342609681406071,5.26513108587996,130.32882395382396,130.5418362193362,129.6473484613213
2021-12-01,EUR/JPY,128.7995652173913,-1.0130533963086277,1.9966896600077981,130.04322448083315,129.9032031495075,129.85746374458876
2022-01-01,EUR/JPY,130.00904761904764,0.939042301590808,2.9301767259774625,129.64211336972207,129.8465292678336,130.16588437950938
2022-02-01,EUR/JPY,130.6565,0.498005633307555,2.4817146106633508,129.82170427881297,130.0752641163185,130.42955104617604
2022-03-01,EUR/JPY,130.7108695652174,0.04161259885072648,1.0283121902041579,130.45880572808835,130.25101510446078,130.54042061139342
2022-04-01,EUR/JPY,136.6063157894737,4.5102953135162345,4.687993462647225,132.65789511823036,131.1500042439762,131.0501969271829
2022-05-01,EUR/JPY,136.24090909090913,-0.2674888759372725,2.7697728374824444,134.51936481520008,132.1705345470065,131.35618538317138
2022-06-01,EUR/JPY,141.5686363636364,3.9105194675207575,6.73843085243106,138.13862041467306,134.29871307138072,132.1009581104441
2022-07-01,EUR/JPY,139.17380952380955,-1.6916365809128993,6.770065332387515,138.9944516594517,135.826173388841,132.83635132833732
2022-08-01,EUR/JPY,136.85478260869567,-1.6662811221799219,5.855857164148914,139.19907616538055,136.8592204902903,133.4672423033044
2022-09-01,EUR/JPY,141.5681818181818,3.444088046935858,9.187222167688011,139.198924650229,138.66877253245104,134.4598938184559
2022-10-01,EUR/JPY,144.72523809523813,2.230060622740051,10.298461962793917,141.0494008407052,140.02192625007845,135.5859652470273
2022-11-01,EUR/JPY,145.1240909090909,0.2755931301977298,11.532912502314357,143.80583694083694,141.50245655310877,136.8364955500576
2022-12-01,EUR/JPY,142.82238095238094,-1.5860288545420174,10.887316049026696,144.22390331890333,141.71141398456618,138.00506352797342
2023-01-01,EUR/JPY,140.54409090909093,-1.5951911934934264,8.103315486867547,142.8301875901876,141.93979421544637,138.8829838021437
2023-02-01,EUR/JPY,142.377,1.3041523688780885,8.97046836552335,141.91449062049062,142.86016378066378,139.85969213547705
2023-03-01,EUR/JPY,143.01,0.4445942813797041,9.409416734578468,141.97703030303032,143.10046681096682,140.88461967170892
2023-04-01,EUR/JPY,146.51111111111112,2.448158248451947,7.250613022096178,143.96603703703704,143.3981123136123,141.71001928184538
2023-05-01,EUR/JPY,148.92545454545458,1.647891013885271,9.310379341407266,146.14885521885523,144.03167291967293,142.76706473639084
2023-06-01,EUR/JPY,153.14863636363637,2.8357689631175838,8.179777878382142,149.52840067340068,145.7527154882155,143.73206473639084
2023-07-01,EUR/JPY,155.93714285714285,1.8207844090008352,12.04489076694093,152.67041125541127,148.31822414622414,145.12900918083525
2023-08-01,EUR/JPY,157.96217391304347,1.2986200842193178,15.423203268459723,155.68265104460758,150.91575313173138,146.8879584561976
2023-09-01,EUR/JPY,157.7952380952381,-0.10568088148576486,11.462361152520087,157.2315182884748,153.37995948093774,148.24021314595228
2023-10-01,EUR/JPY,158.0377272727273,0.1536733176592117,9.198457264743784,157.93171309366963,155.30106217454045,149.3495872440764
2023-11-01,EUR/JPY,161.8440909090909,2.408515803188522,11.521174668700453,159.22568542568544,157.4541682351465,150.7429205774097
2023-12-01,EUR/JPY,157.21263157894737,-2.861679598018237,10.075627174542305,159.0314832535885,158.13150077103168,151.9421081296236
2024-01-01,EUR/JPY,159.45818181818183,1.4283523001183367,13.4577631736401,159.50496810207338,158.7183405978715,153.51828237204782
2024-02-01,EUR/JPY,161.37714285714284,1.2034258870134755,13.344952384965852,159.34931875142402,159.28750208855473,155.10162761014305
2024-03-01,EUR/JPY,162.7725,0.8646559966007007,13.818963708831564,161.2026082251082,160.11704573934838,156.74850261014305
2024-04-01,EUR/JPY,165.02952380952382,1.3866124864604372,12.63959610842669,163.05972222222223,161.28234516214783,158.29170366834413
2024-05-01,EUR/JPY,168.53636363636363,2.124977244003554,13.168272106850251,165.44612914862913,162.3977239500266,159.92594609258654
2024-06-01,EUR/JPY,169.81300000000002,0.7574842224499829,10.881170105096956,167.7929624819625,164.49778535353533,161.31464306228352
2024-07-01,EUR/JPY,171.1708695652174,0.7996263921003604,9.769145714071778,169.84007773386034,166.44989997804126,162.58412028795638
2024-08-01,EUR/JPY,161.05545454545452,-5.9095423452930635,1.9582413661348257,167.34644137022397,166.39628525942655,162.84189367399065
2024-09-01,EUR/JPY,159.08095238095243,-1.2259765868065253,0.8147991670942156,163.7690921638748,165.78102732291865,162.9490365311335
2024-10-01,EUR/JPY,163.19695652173908,2.5873645330774924,3.2645554565008728,161.111121149382,165.47559944162117,163.3789723018845
2024-11-01,EUR/JPY,163.23380952380953,0.02258191749154033,0.8586773894014044,161.83723947550035,164.59184042286216,163.49478218644438
2024-12-01,EUR/JPY,161.08350000000002,-1.3173187160689672,2.462186646312079,162.5047553485162,163.13692375619553,163.8173545548654
2025-01-01,EUR/JPY,161.92136363636365,0.5201424331875306,1.5447196187088124,162.07955772005772,161.59533943471988,164.02261970638054
2025-02-01,EUR/JPY,158.087,-2.368040603323178,-2.0387911192946406,160.36395454545456,161.10059701047746,163.74844113495197
2025-03-01,EUR/JPY,161.16666666666666,1.9480834392876507,-0.9865507584717017,160.39167676767678,161.44821605809648,163.61462169050756
2025-04-01,EUR/JPY,161.6705,0.31261633919339005,-2.0354078058183007,160.30805555555554,161.19380663780666,163.3347030397139
2025-05-01,EUR/JPY,163.1442857142857,0.9115984142349388,-3.19935579820148,161.99381746031747,161.178886002886,162.88536321287407
2025-06-01,EUR/JPY,166.5233333333333,2.0712019451084736,-1.937228991105925,163.779373015873,162.0855248917749,162.6112243239852
2025-07-01,EUR/JPY,171.5313043478261,3.0073689459892283,0.21057016507787155,167.06630779848172,163.68718167701863,162.64126055586925
2025-08-01,EUR/JPY,171.7895238095238,0.15053780572559308,6.664828145289438,169.94805383022774,165.9709356452726,163.53576632787502
2025-09-01,EUR/JPY,173.54863636363643,1.0239929159260501,9.094541971334273,172.28982150699548,168.03459726143421,164.74140665976535
2025-10-01,EUR/JPY,176.1526086956522,1.500427999076671,7.938660407669623,173.83025628960414,170.4482820440429,165.82104434092477
2025-11-01,EUR/JPY,179.31599999999997,1.7958242729253786,9.852242328415839,176.33908168642952,173.14356775832866,167.16122688060733
2025-12-01,EUR/JPY,182.49714285714285,1.774042950513548,13.293504832675495,179.321917184265,175.8058693456302,168.94569711870255
2026-01-01,EUR/JPY,183.93857142857146,0.789836240097717,13.597469350402184,181.91723809523808,177.87374719242112,170.78046443471987
2026-02-01,EUR/JPY,183.45150000000004,-0.2648011370255582,16.044646302352533,183.2957380952381,179.81740989083383,172.8941727680532
2026-03-01,EUR/JPY,183.3990909090909,-0.028568363250859895,13.794678950831996,183.59638744588747,181.45915231507624,174.74687478825524
2026-04-01,EUR/JPY,186.206,1.5304923688528307,15.176238089199936,184.35219696969696,183.13471753246753,176.79149978825524
2026-05-01,EUR/JPY,184.08599999999998,-1.1385240003007446,12.836314918433288,184.56369696969696,183.92971753246752,178.53664264539808
2000-01-01,EUR/USD,1.0136952380952378,,,1.0136952380952378,1.0136952380952378,1.0136952380952378
2000-02-01,EUR/USD,0.9834238095238094,-2.9862455138202355,,0.9985595238095235,0.9985595238095235,0.9985595238095235
2000-03-01,EUR/USD,0.9643434782608697,-1.9401941541540104,,0.9871541752933055,0.9871541752933055,0.9871541752933055
2000-04-01,EUR/USD,0.9469500000000001,-1.8036600706044774,,0.964905762594893,0.9771031314699792,0.9771031314699792
2000-05-01,EUR/USD,0.9059681818181818,-4.327770017616371,,0.9390872200263506,0.9628761415396196,0.9628761415396196
2000-06-01,EUR/USD,0.9491772727272728,4.769382830021129,,0.9340318181818182,0.9605929967375618,0.9605929967375618
2000-07-01,EUR/USD,0.9396571428571429,-1.0029875497098397,,0.9316008658008658,0.9482533141978794,0.9576021604689304
2000-08-01,EUR/USD,0.9040565217391304,-3.7886820090319726,,0.9309636457745154,0.9350254329004329,0.9509089556277055
2000-09-01,EUR/USD,0.8721142857142856,-3.5332122778559945,,0.905275983436853,0.9196539008093357,0.9421539923039922
2000-10-01,EUR/USD,0.8551590909090908,-1.944148270809259,,0.8771099661208357,0.9043554159608506,0.933454502164502
2000-11-01,EUR/USD,0.8563863636363638,0.14351396603505592,,0.8612199134199133,0.8960917795972142,0.9264483077528531
2000-12-01,EUR/USD,0.8973157894736842,4.779317791040836,,0.8696204146730463,0.8874481990549498,0.9240205978962557
2001-01-01,EUR/USD,0.9382818181818181,4.565397064077334,-7.439456858367374,0.8973279904306221,0.8872189782757288,0.9177361462368041
2001-02-01,EUR/USD,0.921705,-1.7667206014862682,-6.27591165945989,0.9191008692185006,0.8901603913192071,0.9125929121098199
2001-03-01,EUR/USD,0.9095227272727271,-1.32171060450718,-5.684774380079625,0.9231698484848483,0.8963951315789473,0.9080245161941413
2001-04-01,EUR/USD,0.8919999999999998,-1.9265848721857153,-5.80284069908657,0.9077425757575757,0.9025352830940988,0.9034453495274746
2001-05-01,EUR/USD,0.8741636363636363,-1.9995923359151953,-3.5105587693728095,0.8918954545454544,0.9054981618819774,0.9007949707395958
2001-06-01,EUR/USD,0.8531666666666666,-2.4019495691119395,-10.11513958659574,0.8731101010101009,0.8981399747474746,0.8927940869012122
2001-07-01,EUR/USD,0.8606636363636362,0.8787227619030542,-8.40663076889058,0.8626646464646464,0.8852036111111111,0.8862112946934201
2001-08-01,EUR/USD,0.9004826086956522,4.6265428966249775,-0.3953196462321937,0.8714376372419851,0.8816665458937196,0.8859134686064634
2001-09-01,EUR/USD,0.9110950000000001,1.1785226279627892,4.469679596383196,0.8907470816864295,0.8819285913482653,0.8891618614636062
2001-10-01,EUR/USD,0.9058652173913044,-0.5740106804115559,5.929437811192494,0.905814275362319,0.8842394609134826,0.8933873720037907
2001-11-01,EUR/USD,0.8883090909090909,-1.9380506222295781,3.727608078341856,0.9017564361001318,0.8865970366710586,0.896047599276518
2001-12-01,EUR/USD,0.8923722222222222,0.4574006226788818,-0.5509283698620268,0.8955155101742059,0.8931312959303176,0.8956356353388962
2002-01-01,EUR/USD,0.8832863636363638,-1.0181691405893876,-5.861293854337205,0.8879892255892257,0.8969017504757723,0.8910526807934418
2002-02-01,EUR/USD,0.870035,-1.5002341462410718,-5.6059151246873995,0.881897861952862,0.891827149026497,0.8867468474601083
2002-03-01,EUR/USD,0.8757999999999999,0.6626170211543109,-3.707738824058563,0.876373787878788,0.8859446490264968,0.8839366201873812
2002-04-01,EUR/USD,0.8858428571428573,1.1467066845007254,-0.6902626521460234,0.8772259523809525,0.8826075889850892,0.8834235249492858
2002-05-01,EUR/USD,0.9169999999999999,3.5172313696398687,4.900268308409082,0.8928809523809523,0.8873894071669072,0.8869932219189828
2002-06-01,EUR/USD,0.95544,4.1919302071973865,11.98749755811682,0.919427619047619,0.8979007034632036,0.8955159996967604
2002-07-01,EUR/USD,0.9921826086956521,3.8456217758992883,15.281111781101005,0.9548742028985506,0.9160500776397514,0.9064759140577617
2002-08-01,EUR/USD,0.9777590909090911,-1.45371604583178,8.581674034257444,0.9751272332015811,0.9340040927912666,0.9129156209088817
2002-09-01,EUR/USD,0.9807952380952382,0.3105209876723486,7.650161409648616,0.983578979233327,0.951503299140473,0.9187239740834849
2002-10-01,EUR/USD,0.981108695652174,0.031959530874614075,8.306255369596201,0.979887674885501,0.9673809388920258,0.9249942639385574
2002-11-01,EUR/USD,1.0013619047619047,2.0643185815683522,12.726742865719867,0.9877552795031056,0.9814412563523432,0.9344153317596252
2002-12-01,EUR/USD,1.0182550000000001,1.6870119741685354,14.106532525665063,1.0002418668046928,0.9919104230190099,0.9449055632411065
2003-01-01,EUR/USD,1.0621863636363635,4.3143774041240555,20.253907154582798,1.027267756132756,1.0035777155091286,0.95981389657444
2003-02-01,EUR/USD,1.077295,1.4224091817477662,23.822030148212413,1.0525787878787878,1.0201670336909467,0.9770855632411067
2003-03-01,EUR/USD,1.0806523809523811,0.31164917245334384,23.39031524918717,1.073377914862915,1.036809890833804,0.9941565949871385
2003-04-01,EUR/USD,1.08476,0.38010549183251247,22.4551274814946,1.0809024603174604,1.0540851082251081,1.010733023558567
2003-05-01,EUR/USD,1.1581809523809525,6.768405212300656,26.301085319624057,1.1078644444444445,1.0802216161616163,1.0308314362569797
2003-06-01,EUR/USD,1.1662809523809528,0.6993725793321405,22.06741944873072,1.1364073015873017,1.1048926082251083,1.0484015156220592
2003-07-01,EUR/USD,1.137182608695652,-2.494968611627988,14.61424527392397,1.1538815044858524,1.1173919824016563,1.0604848489553924
2003-08-01,EUR/USD,1.1138666666666666,-2.050325238066104,13.920359015125774,1.1391100759144237,1.1234872601794341,1.0718271469351903
2003-09-01,EUR/USD,1.1221727272727273,0.7456961281476624,14.414577445548424,1.124407334211682,1.1304073178994918,1.083608604366648
2003-10-01,EUR/USD,1.169191304347826,4.189958990481814,19.17041501407013,1.1350768994290732,1.1444792019574628,1.0992821550912855
2003-11-01,EUR/USD,1.170195,0.08584528882842106,16.860347336484615,1.1538530105401843,1.146481543227304,1.1133515796944602
2003-12-01,EUR/USD,1.228561904761905,4.987793039784384,20.653657950307615,1.1893160697032437,1.156861701957463,1.1308771550912857
2004-01-01,EUR/USD,1.2613190476190477,2.666299738757652,18.747433670769347,1.2200253174603175,1.1775511084446955,1.147471545423176
2004-02-01,EUR/USD,1.2646450000000002,0.2636884289689325,17.39077968430192,1.251508650793651,1.2026808306669177,1.1630840454231761
2004-03-01,EUR/USD,1.2261652173913042,-3.0427339378794835,13.465276994132225,1.2507097550034507,1.220012912353347,1.1752101151264196
2004-04-01,EUR/USD,1.1985400000000002,-2.252976760348609,10.488956082451438,1.2297834057971018,1.2249043616287096,1.1846917817930862
2004-05-01,EUR/USD,1.2007238095238093,0.18220581072047184,3.6732478681676195,1.208476342305038,1.2299924965493443,1.1882370198883243
2004-06-01,EUR/USD,1.213831818181818,1.0916755838469723,4.077136448450994,1.204365209235209,1.2275374821193301,1.1921995920383965
2004-07-01,EUR/USD,1.2265863636363636,1.0507671049231964,7.861864423274789,1.213713997113997,1.2217487014555493,1.1996499049501224
2004-08-01,EUR/USD,1.2175954545454546,-0.7330025310451367,9.31249591921128,1.2193378787878786,1.2139071105464583,1.208293970606688
2004-09-01,EUR/USD,1.221781818181818,0.34382221293083887,8.876449096314765,1.2219878787878786,1.213176544011544,1.2165947281824454
2004-10-01,EUR/USD,1.2489666666666668,2.2250166175580803,6.823123129823438,1.2294479797979798,1.2215809884559885,1.2232426750423488
2004-11-01,EUR/USD,1.2991363636363635,4.016896391926399,11.018792905145162,1.2566282828282829,1.2379830808080807,1.2339877886787125
2004-12-01,EUR/USD,1.3407608695652176,3.2040136119617535,9.132544674259352,1.2962879666227494,1.259137922705314,1.243337702412322
2005-01-01,EUR/USD,1.311928571428571,-2.150442990329528,4.012428410167709,1.3172752682100508,1.2733616240040153,1.247555162729782
2005-02-01,EUR/USD,1.3014249999999998,-0.8006206783905807,2.9083260519750276,1.3180381469979296,1.287333214913106,1.2506201627297824
2005-03-01,EUR/USD,1.3200666666666667,1.432404223575457,7.658140024159228,1.3111400793650791,1.3037140229939144,1.258445283502729
2005-04-01,EUR/USD,1.2937904761904764,-1.990519959309404,7.947208786563335,1.3050940476190476,1.3111846579145492,1.2663828231852692
2005-05-01,EUR/USD,1.2693954545454544,-1.8855465466751837,5.719187416536645,1.2944175324675327,1.3062278397327312,1.272105460270406
2005-06-01,EUR/USD,1.2164909090909093,-4.167696147414458,0.21906584332863746,1.25989227994228,1.2855161796536798,1.272327051179497
2005-07-01,EUR/USD,1.2037190476190474,-1.0498937046234418,-1.8643054166624973,1.2298684704184704,1.2674812590187592,1.2704214415113873
2005-08-01,EUR/USD,1.2292434782608694,2.120464130920694,0.9566415242378853,1.2164844783236086,1.2554510053955708,1.2713921101543384
2005-09-01,EUR/USD,1.225640909090909,-0.29307205884527326,0.31585761480997027,1.2195344783236086,1.2397133791329444,1.2717137010634294
2005-10-01,EUR/USD,1.2014523809523812,-1.973541186420514,-3.8042877350037854,1.2187789227680532,1.2243236965932618,1.2677541772539056
2005-11-01,EUR/USD,1.1785727272727273,-1.9043329592070328,-9.280291102480657,1.2018886724386724,1.2091865753811406,1.257707207556936
2005-12-01,EUR/USD,1.1856095238095237,0.5970608664159249,-11.571887968807326,1.1885448773448775,1.204039677834243,1.2447779287439613
2006-01-01,EUR/USD,1.2103136363636364,2.08366347081416,-7.7454624647960255,1.1914986291486291,1.2051387759583412,1.2363100174885502
2006-02-01,EUR/USD,1.193835,-1.361517863513972,-8.26709184163512,1.1965860533910533,1.199237362914863,1.2273441841552166
2006-03-01,EUR/USD,1.2020000000000004,0.6839303588854759,-8.943992727639992,1.2020495454545457,1.1952972113997113,1.217505295266328
2006-04-01,EUR/USD,1.2271166666666664,2.0895729339988356,-5.153369942877367,1.2076505555555557,1.1995745923520924,1.211949144472677
2006-05-01,EUR/USD,1.2769590909090909,4.061751062172123,0.5958455528222156,1.235358585858586,1.2159723196248196,1.21257944750298
2006-06-01,EUR/USD,1.2649954545454547,-0.9368848578476419,3.987250960288157,1.2563570707070706,1.2292033080808082,1.2166214929575256
2006-07-01,EUR/USD,1.2683666666666666,0.26649993951348266,5.370656813605474,1.2701070707070707,1.238878813131313,1.2220087945448272
2006-08-01,EUR/USD,1.2811304347826087,1.0063153227990362,4.221047940408744,1.27149751866491,1.253428052261748,1.2263327075883057
2006-09-01,EUR/USD,1.2727428571428572,-0.6547013022272609,3.8430463362131824,1.2740799861973775,1.2652185284522242,1.2302578699259679
2006-10-01,EUR/USD,1.2611045454545453,-0.9144275784378288,4.965004476904726,1.2716592791266705,1.2708831749168705,1.2352288836344816
2006-11-01,EUR/USD,1.288140909090909,2.143863784633249,9.296683970596167,1.2739961038961038,1.2727468112805072,1.2443595654526634
2006-12-01,EUR/USD,1.3212789473684208,2.5725476183268268,11.443010606305936,1.2901748006379583,1.2821273934176678,1.2556653507492381
2007-01-01,EUR/USD,1.2998636363636364,-1.6208016518719996,7.398908622483279,1.3030944976076555,1.287376888367163,1.263127850749238
2007-02-01,EUR/USD,1.30742,0.5813197188516237,9.514296364237945,1.309520861244019,1.2917584825700617,1.2725932674159048
2007-03-01,EUR/USD,1.3241863636363638,1.282400730932963,10.165254878233222,1.31049,1.3003324003189793,1.2827754643856017
2007-04-01,EUR/USD,1.3516157894736842,2.0714173314695805,10.14566309699033,1.3277407177033493,1.3154176076555026,1.2931503912861864
2007-05-01,EUR/USD,1.3511318181818182,-0.03580686875924378,5.808543734938473,1.3423113237639555,1.3259160925039872,1.2993314518922472
2007-06-01,EUR/USD,1.3418571428571429,-0.6864374889162168,6.076044624152941,1.3482015835042152,1.3293457917521077,1.3057365925848876
2007-07-01,EUR/USD,1.371559090909091,2.213495543102696,8.135851166257726,1.3548493506493504,1.34129503417635,1.3143359612717564
2007-08-01,EUR/USD,1.3622478260869564,-0.6788817837926955,6.331704337202189,1.3585546866177298,1.3504330051908429,1.321095743880452
2007-09-01,EUR/USD,1.389645,2.011173986729107,9.185055897274726,1.3744839723320157,1.3613427779181155,1.3308375891185473
2007-10-01,EUR/USD,1.4227478260869564,2.3821066593954834,12.817595592294792,1.391546884057971,1.3731981173536607,1.3443078625045815
2007-11-01,EUR/USD,1.4683636363636365,3.2061767686645677,13.990917142746257,1.4269188208168642,1.392736753717297,1.3593264231106421
2007-12-01,EUR/USD,1.457036842105263,-0.771388910612358,10.274733810542434,1.4493827681852853,1.4119333702586505,1.3706395810053793
2008-01-01,EUR/USD,1.4717909090909094,1.0126076815139582,13.226562226807022,1.4657304625199365,1.4286386732889538,1.3849668537326518
2008-02-01,EUR/USD,1.4748380952380953,0.2070393374741039,12.805226724242802,1.4678886154780892,1.4474037181474768,1.3989183616691598
2008-03-01,EUR/USD,1.5526526315789477,5.27614092639031,17.253331873558196,1.4997605453026506,1.474571656743968,1.4179572173310417
2008-04-01,EUR/USD,1.57505,1.4425228132499701,16.530896743468833,1.5341802422723478,1.4999553523961418,1.4365767348749012
2008-05-01,EUR/USD,1.5557000000000003,-1.2285324275419673,15.140505098419196,1.5611342105263162,1.5145114130022026,1.4536240833597498
2008-06-01,EUR/USD,1.5552761904761905,-0.0272423683107171,15.904751765499132,1.5620087301587304,1.5308846377306906,1.4714090039946708
2008-07-01,EUR/USD,1.5769695652173912,1.3948245896157312,14.976421772112714,1.5626485852311938,1.5484144137517708,1.488526543520362
2008-08-01,EUR/USD,1.4975380952380957,-5.036969116670656,9.931399159561096,1.5432612836438924,1.5521977470851043,1.49980073261629
2008-09-01,EUR/USD,1.4369499999999997,-4.045846675337027,3.4041068042557425,1.503819220151829,1.5329139751552796,1.503742815949624
2008-10-01,EUR/USD,1.332208695652174,-7.2891404953426235,-6.36368081361235,1.4222322636300897,1.4924404244306417,1.496197888413392
2008-11-01,EUR/USD,1.273215,-4.4282623169107875,-13.290211738484409,1.3474578985507246,1.4453595910973085,1.4799355020497555
2008-12-01,EUR/USD,1.344942857142857,5.633601327572877,-7.693284186310774,1.316788850931677,1.4103040355417529,1.4705943366362215
2009-01-01,EUR/USD,1.3238666666666665,-1.5670695869535967,-10.050628897797186,1.3140081746031747,1.368120219116632,1.4582673164342015
2009-02-01,EUR/USD,1.27847,-3.429096585758878,-13.314552686977752,1.315759841269841,1.3316088699102828,1.4419033084976933
2009-03-01,EUR/USD,1.304981818181818,2.0737145323564907,-15.951463215907118,1.3024394949494948,1.309614172940586,1.4212640740479328
2009-04-01,EUR/USD,1.3190299999999997,1.0765040265277017,-16.254722072315186,1.3008272727272725,1.3074177236652236,1.3999290740479324
2009-05-01,EUR/USD,1.3650449999999998,3.48854840299312,-12.255254869190747,1.329685606060606,1.3227227236652235,1.384041157381266
2009-06-01,EUR/USD,1.4016454545454542,2.681263588046867,-9.878035610105883,1.361906818181818,1.3321731565656565,1.3712385960537048
2009-07-01,EUR/USD,1.4087695652173913,0.5082676684630913,-10.66602702486607,1.3918200065876152,1.3463236396574436,1.3572219293870382
2009-08-01,EUR/USD,1.4267999999999998,1.2798711178734363,-4.723625760375002,1.4124050065876153,1.3710453063241106,1.3513270881171966
2009-09-01,EUR/USD,1.4561636363636365,2.0580064734816865,1.3371123813380303,1.4305777338603427,1.3962422760210804,1.3529282244808332
2009-10-01,EUR/USD,1.4816363636363634,1.7493038994118761,11.216536003095083,1.4548666666666668,1.423343336627141,1.365380530146182
2009-11-01,EUR/USD,1.4914476190476194,0.6621905112517814,17.140280239206998,1.4764158730158732,1.444410439801744,1.383566581733484
2009-12-01,EUR/USD,1.461359090909091,-2.017404282541396,8.655849811607908,1.4781476911976912,1.454362712529017,1.3932679345473364
2010-01-01,EUR/USD,1.4272099999999999,-2.336803535936363,7.806173834222985,1.4600055699855699,1.4574361183261184,1.401879878991781
2010-02-01,EUR/USD,1.36857,-4.1087156059724785,7.047486448645652,1.4190463636363635,1.4477311183261186,1.4093882123251145
2010-03-01,EUR/USD,1.3568521739130437,-0.8562094804764369,3.9747952813238943,1.3842107246376811,1.4311792079176862,1.4137107419693835
2010-04-01,EUR/USD,1.34057,-1.199996154782822,1.6330182027702433,1.3553307246376811,1.4076681473116255,1.4155057419693835
2010-05-01,EUR/USD,1.256533333333333,-6.268726486991875,-7.949310584388558,1.3179851690821256,1.3685157663592447,1.4064631030804946
2010-06-01,EUR/USD,1.22085,-2.8398238539897926,-12.898800760145523,1.272651111111111,1.3284309178743963,1.3913968152017067
2010-07-01,EUR/USD,1.2770000000000001,4.599254617684412,-9.353521574485278,1.2514611111111111,1.3033959178743963,1.3804160181002574
2010-08-01,EUR/USD,1.2894181818181816,0.9724496333736444,-9.628666819583563,1.2624227272727273,1.2902039481774263,1.3689675332517723
2010-09-01,EUR/USD,1.3067000000000002,1.3402803237542293,-10.264206070746292,1.2910393939393938,1.2818452525252524,1.3565122302214692
2010-10-01,EUR/USD,1.3897809523809521,6.3580739558392825,-6.199592120564023,1.3286330447330446,1.2900470779220778,1.3488576126168519
2010-11-01,EUR/USD,1.3660954545454544,-1.7042612215198392,-8.404731275927071,1.3541921356421354,1.3083074314574314,1.338411598908338
2010-12-01,EUR/USD,1.322013043478261,-3.2268909848514973,-9.535373495650866,1.3592964834682224,1.3251679387038082,1.3267994282891022
2011-01-01,EUR/USD,1.3359666666666665,1.0554830194180969,-6.393125982394557,1.3413583882301274,1.334995716481586,1.3191958171779912
2011-02-01,EUR/USD,1.364895,2.1653484368372546,-0.2685284640171927,1.340958236714976,1.3475751861785559,1.318889567177991
2011-03-01,EUR/USD,1.3999173913043477,2.5659403327250594,3.1739063561439886,1.3669263526570046,1.3631114180626136,1.322478335293933
2011-04-01,EUR/USD,1.4441789473684212,3.16172628035099,7.728723406343659,1.402997112890923,1.3721777505605253,1.3311124142413016
2011-05-01,EUR/USD,1.4348636363636365,-0.6450247056820146,14.192246102793673,1.4263199916788019,1.383639114196889,1.34597327282716
2011-06-01,EUR/USD,1.4388409090909091,0.27718820287008133,17.855666878888407,1.4392944976076556,1.40311042513233,1.364139181918069
2011-07-01,EUR/USD,1.4264285714285712,-0.8626622709928606,11.70153260991159,1.4333777056277057,1.4181874092593143,1.3765915628704501
2011-08-01,EUR/USD,1.434321739130435,0.5533517667806427,11.237902439682369,1.4331970732166386,1.4297585324477202,1.388666859313138
2011-09-01,EUR/USD,1.377,-3.9964352185853804,5.379964796816393,1.4125834368530021,1.4259389672303289,1.3945251926464712
2011-10-01,EUR/USD,1.3706333333333334,-0.462357782619218,-1.3777436663537035,1.3939850241545895,1.4136813648911477,1.3929295577258367
2011-11-01,EUR/USD,1.3555727272727274,-1.098806346988448,-0.7702775993957417,1.3677353535353536,1.400466213375996,1.3920526637864425
2011-12-01,EUR/USD,1.317904761904762,-2.7787491301738956,-0.3107595340126264,1.348036940836941,1.3803101888449714,1.3917103069886512
2012-01-01,EUR/USD,1.2904863636363635,-2.0804536914162703,-3.4042992362810733,1.3213212842712843,1.3576531542129369,1.387920281736126
2012-02-01,EUR/USD,1.322409523809524,2.4737309182567873,-3.112728538860209,1.310266883116883,1.3390011183261183,1.3843798253869195
2012-03-01,EUR/USD,1.3201000000000003,-0.17464512830114096,-5.701578664579557,1.310998629148629,1.329517784992785,1.377728376111557
2012-04-01,EUR/USD,1.3161736842105263,-0.29742563362427077,-8.863532001428617,1.3195610693400168,1.3204411768056505,1.3670612708483991
2012-05-01,EUR/USD,1.278890909090909,-2.8326637712696963,-10.870212563753293,1.3050548644338118,1.3076608737753475,1.3540635435756716
2012-06-01,EUR/USD,1.2526285714285716,-2.0535244621455506,-12.941829529992338,1.2825643882433357,1.2967815086959824,1.3385458487704769
2012-07-01,EUR/USD,1.2288454545454546,-1.8986567467476334,-13.851595575180935,1.2534549783549782,1.2865080238474975,1.3220805890302174
2012-08-01,EUR/USD,1.239995652173913,0.9073718413665693,-13.548291269316826,1.2404898927159798,1.2727723785748957,1.3058867484505072
2012-09-01,EUR/USD,1.28557,3.675363518104909,-6.639796659404496,1.251470368906456,1.2670173785748957,1.2982675817838405
2012-10-01,EUR/USD,1.2974173913043479,0.9215671884337495,-5.341759918455131,1.2743276811594204,1.2638913297571994,1.292166253281425
2012-11-01,EUR/USD,1.2827727272727272,-1.1287550274702105,-5.370423772575175,1.2885867061923584,1.264538299454169,1.2860995866147584
2012-12-01,EUR/USD,1.311936842105263,2.2735215843371592,-0.4528339203261878,1.2973756535607794,1.2744230112336175,1.2856022599648
2013-01-01,EUR/USD,1.3288045454545454,1.285710013464883,2.969282194521454,1.3078380382775119,1.2910828597184663,1.2887954417829819
2013-02-01,EUR/USD,1.3359050000000001,0.534349056055182,1.020521702808006,1.3255487958532697,1.307067751022814,1.289920064798855
2013-03-01,EUR/USD,1.2963600000000002,-2.960165580636343,-1.7983486099537982,1.3203565151515153,1.3088660843561473,1.2879417314655215
2013-04-01,EUR/USD,1.3026,0.48134777376653093,-1.0312988607326645,1.3116216666666667,1.3097298524720893,1.2868105911146444
2013-05-01,EUR/USD,1.2982045454545454,-0.33743701408371995,1.5101863830876188,1.2990548484848485,1.312301822169059,1.288420060811614
2013-06-01,EUR/USD,1.3188749999999998,1.5922340295162751,5.288593129875427,1.3065598484848484,1.3134581818181819,1.2939405965258997
2013-07-01,EUR/USD,1.308013043478261,-0.8235774066335867,6.442436568403983,1.3083641963109354,1.3099929314888012,1.3005378956036338
2013-08-01,EUR/USD,1.3309500000000003,1.7535724613835186,7.3350537694732685,1.3192793478260871,1.309167098155468,1.308117424589141
2013-09-01,EUR/USD,1.3347904761904765,0.2885515000921317,3.828688923238441,1.3245845065562458,1.3155721775205473,1.3122191309383473
2013-10-01,EUR/USD,1.3634956521739132,2.1505379679784604,5.093061131478601,1.3430787094547967,1.325721452882866,1.3177256526774779
2013-11-01,EUR/USD,1.3492904761904765,-1.0418204092391834,5.185466412212484,1.3491922015182887,1.334235774672188,1.3232687984206237
2013-12-01,EUR/USD,1.3703600000000002,1.5615261636627324,4.4531989665741545,1.3610487094547967,1.3428166080055213,1.3281373949118518
2014-01-01,EUR/USD,1.3610227272727273,-0.6813737067101283,2.4245990073100647,1.3602244011544016,1.3516515553045991,1.3308222433967003
2014-02-01,EUR/USD,1.3658499999999998,0.3546798029556452,2.241551607337323,1.3657442424242425,1.3574682219712655,1.333317660063367
2014-03-01,EUR/USD,1.3822523809523812,1.2008918221167368,6.625658069701398,1.3697083694083696,1.3653785394315834,1.3404753584760651
2014-04-01,EUR/USD,1.3812499999999999,-0.07251794000822903,6.037924151696599,1.3764507936507935,1.3683375974025977,1.347029525142732
2014-05-01,EUR/USD,1.373214285714286,-0.5817711700064381,5.777960069726689,1.3789055555555556,1.372324898989899,1.3532803368310435
2014-06-01,EUR/USD,1.3592380952380951,-1.0177719982661706,3.060418556580066,1.3712341269841268,1.3704712481962484,1.3566439281008849
2014-07-01,EUR/USD,1.3539173913043479,-0.39144752875803307,3.5094717178062824,1.3621232574189097,1.3692870255348515,1.360469290419725
2014-08-01,EUR/USD,1.3316095238095236,-1.6476535155023853,0.04955286145409495,1.3482550034506555,1.3635802795031056,1.3605242507371855
2014-09-01,EUR/USD,1.2901363636363632,-3.114513634185512,-3.3454023946557685,1.3252210929167447,1.3482276099504358,1.3568030746910098
2014-10-01,EUR/USD,1.2672739130434783,-1.7720956665731913,-7.056989069016989,1.296339933496455,1.3292315954576825,1.3487845964301401
2014-11-01,EUR/USD,1.24722,-1.5824450292136834,-7.564751844884987,1.268210092226614,1.3082325478386345,1.3402787234142668
2014-12-01,EUR/USD,1.2331333333333334,-1.129445219501498,-10.013913618805773,1.2492090821256039,1.2872150875211743,1.3288431678587116
2015-01-01,EUR/USD,1.1621333333333337,-5.757690436286944,-14.613230914808916,1.2141622222222224,1.2552510778593386,1.3122690516970952
2015-02-01,EUR/USD,1.1349649999999998,-2.337798301973431,-16.904125636050814,1.176743888888889,1.2224769905577515,1.2930286350304283
2015-03-01,EUR/USD,1.083768181818182,-4.510871981234477,-21.594044853700428,1.1269555050505051,1.1880822935880544,1.268154951769245
2015-04-01,EUR/USD,1.07793,-0.5386928603483668,-21.959819004524874,1.098887727272727,1.1565249747474748,1.2428782851025786
2015-05-01,EUR/USD,1.1149550000000001,3.4348241537020106,-18.80691807542263,1.0922177272727274,1.1344808080808082,1.2213566779597214
2015-06-01,EUR/USD,1.1213227272727273,0.5711196660607076,-17.503582985120254,1.1047359090909092,1.1158457070707073,1.2015303972959408
2015-07-01,EUR/USD,1.0995782608695652,-1.9391800303601092,-18.78542458116705,1.111951996047431,1.105419861660079,1.1803354697597086
2015-08-01,EUR/USD,1.113904761904762,1.3029087191908546,-16.348994056601732,1.1116019166823516,1.1019098219775396,1.1621934062676453
2015-09-01,EUR/USD,1.1221181818181818,0.7373538738962748,-13.023288588239412,1.1118670681975031,1.1083014886442062,1.1481918911161302
2015-10-01,EUR/USD,1.1235090909090908,0.12395388591380735,-11.344415808980289,1.1198440115440114,1.1158980037957213,1.136211489271598
2015-11-01,EUR/USD,1.0735999999999999,-4.4422507403751235,-13.920559323936443,1.106409090909091,1.1090055037957212,1.1217431559382647
2015-12-01,EUR/USD,1.0877181818181816,1.3150318385042565,-11.79232996014098,1.0949424242424242,1.1034047462199637,1.1096252266453355
2016-01-01,EUR/USD,1.0859649999999998,-0.16117978420211712,-6.554181964203805,1.0824277272727272,1.1011358694083693,1.1032778655342244
2016-02-01,EUR/USD,1.109295238095238,2.1483416219894793,-2.261722776011762,1.09432613997114,1.1003676154401154,1.1011387187088273
2016-03-01,EUR/USD,1.1099666666666668,0.060527490641876625,2.4173513568679432,1.1017423015873016,1.0983423629148628,1.1033219257795346
2016-04-01,EUR/USD,1.1339190476190477,2.1579369607838927,5.194126484933869,1.1177269841269843,1.1000773556998558,1.1079876797477883
2016-05-01,EUR/USD,1.1311090909090913,-0.24780928725526308,1.4488558649533967,1.1249982683982687,1.1096622041847042,1.1093338539902124
2016-06-01,EUR/USD,1.122890909090909,-0.7265596116442894,0.13985106874590472,1.1293063492063495,1.1155243253968254,1.1094645358083943
2016-07-01,EUR/USD,1.1068523809523811,-1.428324693759661,0.6615372767613119,1.1202841269841273,1.1190055555555558,1.1100707124819624
2016-08-01,EUR/USD,1.1211739130434786,1.2938972113674816,0.6525828228157022,1.1169724010289228,1.1209853347135958,1.1106764750768554
2016-09-01,EUR/USD,1.1212090909090908,0.0031375922328369154,-0.08101561170838167,1.1164117949683168,1.1228590720873333,1.110600717501098
2016-10-01,EUR/USD,1.1026047619047619,-1.659309503925296,-1.860628380622548,1.1149959219524437,1.1176400244682854,1.1088586900840705
2016-11-01,EUR/USD,1.0798954545454547,-2.059605412920277,0.5863873458881121,1.1012364357864357,1.1091044184076795,1.1093833112961917
2016-12-01,EUR/USD,1.0542904761904763,-2.371060851048389,-3.0731954458855304,1.0789302308802309,1.0976710129242737,1.1065976691605497
2017-01-01,EUR/USD,1.0614409090909092,0.678222279524886,-2.258276363334978,1.0652089466089467,1.090102434280695,1.1045539949181256
2017-02-01,EUR/USD,1.064265,0.2660619997687488,-4.059355575397487,1.0599987950937952,1.0806176154401155,1.1008014750768556
2017-03-01,EUR/USD,1.0684695652173912,0.3950675083171212,-3.7385898780091478,1.0647251581027668,1.0718276944914988,1.0973433832894162
2017-04-01,EUR/USD,1.0722666666666667,0.3553775954772203,-5.437106033436506,1.0683337439613527,1.0667713452851497,1.0922056848767177
2017-05-01,EUR/USD,1.10575,3.122668490425265,-2.241966854736332,1.082162077294686,1.0710804361942408,1.0900924273009602
2017-06-01,EUR/USD,1.1229454545454547,1.555094238793098,0.0048575916061081355,1.100320707070707,1.082522932586737,1.0900969727555054
2017-07-01,EUR/USD,1.1511142857142855,2.5084772421322112,3.9988986357710714,1.1266032467532467,1.0974684953573,1.0937854648189973
2017-08-01,EUR/USD,1.1806739130434782,2.5679142111289557,5.306937604219149,1.151577884434406,1.1168699808645461,1.098743798152331
2017-09-01,EUR/USD,1.191457142857143,0.9133114312544026,6.265383728836353,1.1744151138716354,1.1373679104711714,1.104597802481335
2017-10-01,EUR/USD,1.1755863636363633,-1.3320478471194708,6.6190174623883244,1.1825724731789948,1.1545878599661208,1.1106796026256351
2017-11-01,EUR/USD,1.1738,-0.15195511717554025,8.695707076021652,1.1802811688311687,1.1659295266327874,1.118504981413514
2017-12-01,EUR/USD,1.1836210526315791,0.8366887571629897,12.26707243988581,1.1776691387559808,1.1760421263138081,1.1292825294502726
2018-01-01,EUR/USD,1.21995,3.0693056099035885,14.933388147329746,1.1924570175438598,1.1875147453614274,1.1424916203593636
2018-02-01,EUR/USD,1.23478,1.2156235911307756,16.021855458931746,1.2127836842105264,1.1965324265208475,1.156701203692697
2018-03-01,EUR/USD,1.2336190476190476,-0.0940209900510515,15.456638895283367,1.2294496825396826,1.2035594106478316,1.1704636605595016
2018-04-01,EUR/USD,1.22763,-0.4854859878020533,14.489243969161897,1.2320096825396825,1.212233350041771,1.1834106050039461
2018-05-01,EUR/USD,1.1812227272727271,-3.7802328655435966,6.825478387766415,1.2141572582972584,1.2134704712538922,1.1896999989433399
2018-06-01,EUR/USD,1.1678285714285714,-1.1339229710793732,3.996909796592437,1.1922270995670994,1.210838391053391,1.1934402586835997
2018-07-01,EUR/USD,1.1685727272727278,0.06372132540360953,1.5166557982215445,1.172541341991342,1.2022755122655122,1.19489512881347
2018-08-01,EUR/USD,1.1548956521739129,-1.1704085487888383,-2.1833514389350346,1.1637656502917373,1.1889614542944977,1.1927469404076727
2018-09-01,EUR/USD,1.16587,0.9502458343686346,-2.147550418455207,1.16311279314888,1.1776699463579898,1.1906146785029108
2018-10-01,EUR/USD,1.148404347826087,-1.4980788744811118,-2.3122091792725388,1.15639,1.164465670995671,1.1883495105187212
2018-11-01,EUR/USD,1.1366863636363636,-1.0203709357166273,-3.1618364596725512,1.1503202371541503,1.1570429437229437,1.1852567074884182
2018-12-01,EUR/USD,1.1384210526315788,0.15260929054042657,-3.8187897975881615,1.1411705880313432,1.1521416905901116,1.1814900408217512
2019-01-01,EUR/USD,1.141640909090909,0.28283528768966215,-6.419041018819714,1.1389161084529504,1.1476530542264753,1.1749642832459937
2019-02-01,EUR/USD,1.1351149999999999,-0.5716253717734857,-8.07147832002463,1.1383923205741626,1.1443562788641566,1.1666588665793267
2019-03-01,EUR/USD,1.1302476190476192,-0.42880069000768267,-8.37952597853778,1.1356678427128426,1.138419215372093,1.158044580865041
2019-04-01,EUR/USD,1.1238249999999999,-0.5682488455964374,-8.455723630083995,1.1297292063492064,1.1343226574010783,1.1493941641983747
2019-05-01,EUR/USD,1.1184590909090908,-0.4774683861730306,-5.313446390296649,1.1241772366522367,1.1312847786131994,1.1441638611680718
2019-06-01,EUR/USD,1.1293399999999998,0.9728481961789879,-3.2957381220335855,1.1238746969696969,1.1297712698412699,1.1409564802156906
2019-07-01,EUR/USD,1.1218391304347828,-0.6641816959655202,-3.999203108822686,1.1232127404479577,1.126470973398582,1.1370620138125287
2019-08-01,EUR/USD,1.1126227272727272,-0.8215440977249294,-3.660324187870434,1.1212672859025032,1.12272226127737,1.1335392700707632
2019-09-01,EUR/USD,1.1003904761904761,-1.0994069042823562,-5.616365787739956,1.111617444632662,1.1177460708011795,1.1280826430866362
2019-10-01,EUR/USD,1.1052565217391306,0.4422108018873961,-3.757198078240879,1.1060899084007778,1.1146513244243679,1.124486990912723
2019-11-01,EUR/USD,1.105095238095238,-0.014592417300455487,-2.779229746371087,1.1035807453416149,1.1124240156220593,1.1218543971176294
2019-12-01,EUR/USD,1.111345,0.5655405696557269,-2.3783865002311435,1.107232253278123,1.1094248489553926,1.1195980593983312
2020-01-01,EUR/USD,1.1100363636363635,-0.11775248582902155,-2.7683438113401406,1.108825533910534,1.107457721155656,1.116964347277119
2020-02-01,EUR/USD,1.0905,-1.7599751031907074,-3.9304387661161955,1.1039604545454547,1.1037705999435348,1.1132464306104524
2020-03-01,EUR/USD,1.1063409090909089,1.4526280688591333,-2.1151745470479124,1.102292424242424,1.1047623387602734,1.1112542047807266
2020-04-01,EUR/USD,1.0861899999999998,-1.8214014256661002,-3.3488310012679987,1.0943436363636363,1.1015845851370851,1.1081179547807265
2020-05-01,EUR/USD,1.0901850000000004,0.36779937211727576,-2.527950386286281,1.0942386363636365,1.0990995454545454,1.1057617805383024
2020-06-01,EUR/USD,1.125459090909091,3.2356059667937545,-0.34364399480306024,1.1006113636363637,1.1014518939393938,1.1054383714473932
2020-07-01,EUR/USD,1.1463391304347825,1.85524642293535,2.1839138371385265,1.1206610737812912,1.1075023550724639,1.10748003811406
2020-08-01,EUR/USD,1.1828095238095238,3.181466322353383,6.3082296286396415,1.1515359150511324,1.1228872757073842,1.1133289378254596
2020-09-01,EUR/USD,1.179240909090909,-0.3017066270417833,7.165677512350991,1.169463187778405,1.1350372757073843,1.119899807233829
2020-10-01,EUR/USD,1.1775181818181817,-0.14608781458026646,6.537998976504275,1.179856204906205,1.150258639343748,1.1259216122404165
2020-11-01,EUR/USD,1.1837904761904763,0.532670702596683,7.121127246089569,1.1801831890331889,1.1658595520421609,1.132479548748353
2020-12-01,EUR/USD,1.2169727272727275,2.8030510254681342,9.504494758398833,1.192760461760462,1.1811118247694334,1.1412818593544136
2021-01-01,EUR/USD,1.2170850000000004,0.009225574637525687,9.643705365917631,1.2059494011544014,1.192902803030303,1.1502025790513832
2021-02-01,EUR/USD,1.2097900000000001,-0.5993829518891672,10.939018798716196,1.2146159090909094,1.197399549062049,1.1601434123847167
2021-03-01,EUR/USD,1.1899086956521738,-1.6433682166182815,7.553529465879863,1.2055945652173916,1.1991775134889266,1.1671073945981554
2021-04-01,EUR/USD,1.1979100000000005,0.6724301097271359,10.28549332989631,1.1992028985507248,1.2025761498525631,1.1764173945981555
2021-05-01,EUR/USD,1.2145904761904762,1.3924648922269403,11.411409640609234,1.2008030572808834,1.2077094831858963,1.1867845176140286
2021-06-01,EUR/USD,1.204709090909091,-0.8135569539766123,7.0415709144955025,1.2057365223665226,1.205665543791957,1.1933886842806951
2021-07-01,EUR/USD,1.1821818181818182,-1.8699346503871173,3.1267089114755517,1.200493795093795,1.1998483468222598,1.1963755749262814
2021-08-01,EUR/USD,1.177181818181818,-0.42294678560443916,-0.4757913691445655,1.1880242424242426,1.194413649852563,1.195906599457306
2021-09-01,EUR/USD,1.177031818181818,-0.012742296702456093,-0.1873316039208701,1.1787984848484847,1.1922675036075037,1.1957225085482153
2021-10-01,EUR/USD,1.160147619047619,-1.434472617764943,-1.4751842509761652,1.1714537518037516,1.1859737734487734,1.1942749616506685
2021-11-01,EUR/USD,1.1414045454545456,-1.6155766115746384,-3.5805264181826897,1.1595279942279941,1.1737761183261182,1.1907428007560075
2021-12-01,EUR/USD,1.130378260869565,-0.9660277444041224,-7.115563435609884,1.1439768084572433,1.1613876466528639,1.1835265952224103
2022-01-01,EUR/USD,1.131447619047619,0.0946017996870771,-7.036269525331538,1.1344101417905765,1.1529319467971642,1.1763901468097118
2022-02-01,EUR/USD,1.1341900000000003,0.24237807444321469,-6.249018424685266,1.132005293305728,1.145766643766861,1.170090146809712
2022-03-01,EUR/USD,1.101895652173913,-2.847349017897116,-7.3966215895264185,1.1225110904071773,1.1332439494322102,1.1627557265198567
2022-04-01,EUR/USD,1.081873684210526,-1.8170475510894168,-9.686563747650018,1.1059864454614798,1.1201982936260282,1.1530860335374007
2022-05-01,EUR/USD,1.05785,-2.22056276635076,-12.90480036383026,1.0805397787948132,1.1062725360502705,1.1400243271881942
2022-06-01,EUR/USD,1.0565818181818178,-0.11988295298786336,-12.295688132932915,1.0654351674641147,1.093973128935646,1.127680387794255
2022-07-01,EUR/USD,1.0178904761904761,-3.6619352449129186,-13.89729899957523,1.0441074314574312,1.0750469384594556,1.11398944262831
2022-08-01,EUR/USD,1.0128434782608693,-0.49582917294752227,-13.960319245736638,1.0291052575443878,1.0548225181696005,1.1002945809682307
2022-09-01,EUR/USD,0.9903772727272728,-2.2181320229432364,-15.858071342784411,1.007037075726206,1.0362361215951603,1.0847400355136854
2022-10-01,EUR/USD,0.9825666666666667,-0.788649565745537,-15.306754887514307,0.9952624725516029,1.019684952004517,1.0699416228152727
2022-11-01,EUR/USD,1.0201272727272725,3.8227030627885314,-10.62526631861067,0.9976904040404039,1.0133978307923959,1.059835183421333
2022-12-01,EUR/USD,1.0588809523809526,3.798906341369887,-6.325078158669798,1.020524963924964,1.0137810198255848,1.0538770743806156
2023-01-01,EUR/USD,1.0769,1.7017066534751193,-4.8210467837241815,1.0519694083694084,1.0236159404605056,1.0493314394599806
2023-02-01,EUR/USD,1.07151,-0.5005107252298269,-5.5264109188055155,1.0690969841269842,1.033393694083694,1.0441081061266473
2023-03-01,EUR/USD,1.0705826086956522,-0.08654994394338023,-2.8417430830663206,1.072997536231884,1.046761250078424,1.0414986858367923
2023-04-01,EUR/USD,1.096772222222222,2.446295438936561,1.3771051305835047,1.079621610305958,1.0657955093376834,1.0427402306711002
2023-05-01,EUR/USD,1.08675,-0.9137924921106622,2.7319563265113342,1.0847016103059584,1.076899297216471,1.0451485640044336
2023-06-01,EUR/USD,1.0839863636363638,-0.2543028629985094,2.5936983755507095,1.0891695286195286,1.0810835324257064,1.0474322761256456
2023-07-01,EUR/USD,1.1058142857142859,2.0136712794704947,8.637845778149977,1.09218354978355,1.085902580044754,1.05475926025263
2023-08-01,EUR/USD,1.0908869565217392,-1.3498947685329081,7.705383895533056,1.0935625352907963,1.0891320727983773,1.0612628834410358
2023-09-01,EUR/USD,1.0683809523809522,-2.063092239414677,7.876158086592098,1.0883607315389925,1.0887651300792605,1.0677631900788422
2023-10-01,EUR/USD,1.0562545454545453,-1.135026499619114,7.499529679534413,1.071840818119079,1.0820121839513146,1.0739038466444988
2023-11-01,EUR/USD,1.080822727272727,2.325971701036247,5.949792361024473,1.068486075036075,1.0810243051634356,1.0789618011899533
2023-12-01,EUR/USD,1.0903052631578947,0.8773442347104539,2.967690627193054,1.0757941786283889,1.0820774550836907,1.0815804937546984
2024-01-01,EUR/USD,1.0905136363636365,0.019111455551295085,1.2641504655619418,1.087213875598086,1.0795273468585824,1.0827149634516682
2024-02-01,EUR/USD,1.0794714285714286,-1.0125694373734366,0.7430101978916366,1.0867634426976533,1.077624758866864,1.0833784158326207
2024-03-01,EUR/USD,1.0872199999999999,0.7178116273837527,1.5540502123995665,1.0857350216450217,1.0807646001367053,1.084764865107983
2024-04-01,EUR/USD,1.0727761904761905,-1.328508445743208,-2.187877415185807,1.0798225396825396,1.083518207640313,1.0827651957958138
2024-05-01,EUR/USD,1.081222727272727,0.7873531190869557,-0.5086057259970597,1.0804063059163058,1.0835848743069796,1.0823045897352077
2024-06-01,EUR/USD,1.0759,-0.4922877718407761,-0.7459838894316932,1.0766329725829724,1.081183997113997,1.081630726098844
2024-07-01,EUR/USD,1.0844086956521737,0.7908444699482854,-1.935731011856618,1.0805104743083003,1.0801665069954198,1.0798469269270015
2024-08-01,EUR/USD,1.1012181818181814,1.5501061761496078,0.9470482009779515,1.0871756258234517,1.0837909658698788,1.0807078623683715
2024-09-01,EUR/USD,1.1105999999999998,0.8519490811828406,3.9516847922980913,1.0987422924901182,1.0876876325365454,1.0842261163366256
2024-10-01,EUR/USD,1.0904347826086958,-1.815704789420499,3.235984858123512,1.1007509881422923,1.0906307312252963,1.0870744694328047
2024-11-01,EUR/USD,1.0630142857142857,-2.514638869902039,-1.647674600938305,1.0880163561076603,1.087595990965556,1.0855904326362678
2024-12-01,EUR/USD,1.047875,-1.424184596363449,-3.8915948213440985,1.067108022774327,1.082925157632223,1.0820545773731098
2025-01-01,EUR/USD,1.0353727272727273,-1.1931072625334662,-5.056416284236377,1.0487540043290042,1.074752496235648,1.0774595016155342
2025-02-01,EUR/USD,1.0412500000000002,0.5676480143295068,-3.5407540727604623,1.0414992424242426,1.0647577992659514,1.074274382567915
2025-03-01,EUR/USD,1.0806809523809524,3.7868861830446265,-0.6014465902988766,1.0524345598845601,1.0597712913294435,1.0737294619329945
2025-04-01,EUR/USD,1.1213950000000001,3.767443807475897,4.532055237190562,1.081108650793651,1.0649313275613272,1.0777810293933119
2025-05-01,EUR/USD,1.1278047619047618,0.5715882365055678,4.308273721690357,1.109960238095238,1.0757297402597403,1.0816628656126481
2025-06-01,EUR/USD,1.1516190476190478,2.1115610182444877,7.037740275029991,1.1336062698412699,1.093020414862915,1.0879727862475688
2025-07-01,EUR/USD,1.1676869565217392,1.3952451495059506,7.6796009847081805,1.1490369220151828,1.1150727864044168,1.0949126413200325
2025-08-01,EUR/USD,1.1631428571428575,-0.3891539040923656,5.623288495149477,1.160816287094548,1.135388262594893,1.1000730309304223
2025-09-01,EUR/USD,1.1732227272727274,0.8666063732386289,5.638639228590632,1.1680175136457747,1.1508118917435224,1.105291591536483
2025-10-01,EUR/USD,1.1630434782608696,-0.8676314202947988,6.658692185007969,1.1664696875588183,1.1577533047870006,1.111342316174164
2025-11-01,EUR/USD,1.15602,-0.6038878504672907,8.749244063377734,1.1640954018445324,1.16245584446954,1.11909279236464
2025-12-01,EUR/USD,1.1708714285714283,1.284703428264934,11.737700448185945,1.163311635610766,1.1656645746282703,1.1293424947455926
2026-01-01,EUR/USD,1.1738238095238096,0.25215244648880364,13.37210055897222,1.1669050793650795,1.1666873834619487,1.1408800849331828
2026-02-01,EUR/USD,1.182395,0.7301939530147711,13.555342136854726,1.175696746031746,1.169896073938139,1.1526421682665162
2026-03-01,EUR/USD,1.1558318181818181,-2.246557353353317,6.954028905135563,1.1706835425685427,1.1669975890896545,1.1589047404165884
2026-04-01,EUR/USD,1.1706400000000001,1.2811709787913623,4.391405347803404,1.1696222727272727,1.1682636760461762,1.1630084904165885
2026-05-01,EUR/USD,1.17358,0.25114467299938004,4.0587909930374835,1.1666839393939394,1.1711903427128427,1.1668230935911914
2000-01-01,EUR/GBP,0.6183380952380952,,,0.6183380952380952,0.6183380952380952,0.6183380952380952
2000-02-01,EUR/GBP,0.6146571428571429,-0.59529768734934,,0.616497619047619,0.616497619047619,0.616497619047619
2000-03-01,EUR/GBP,0.6106260869565218,-0.655821858977083,,0.61454044168392,0.61454044168392,0.61454044168392
2000-04-01,EUR/GBP,0.5980166666666666,-2.064998623413373,,0.6077666321601104,0.6104094979296066,0.6104094979296066
2000-05-01,EUR/GBP,0.6015090909090909,0.5840011553341726,,0.6033839481774265,0.6086294165255035,0.6086294165255035
2000-06-01,EUR/GBP,0.6292681818181818,4.614907958770364,,0.6095979797979798,0.6120692107409499,0.6120692107409499
2000-07-01,EUR/GBP,0.6230428571428573,-0.9892959560321707,,0.6179400432900434,0.6128533377250769,0.6136368745126509
2000-08-01,EUR/GBP,0.607095652173913,-2.5595678990807813,,0.6198022303783174,0.6115930892778719,0.6128192217203087
2000-09-01,EUR/GBP,0.6077285714285715,0.10425362994975954,,0.6126223602484472,0.6111101700232136,0.6122535939101157
2000-10-01,EUR/GBP,0.5893272727272728,-3.0278811243057486,,0.6013838321099191,0.6096619376999811,0.6099609617918313
2000-11-01,EUR/GBP,0.6003863636363637,1.8765618733224223,,0.5991474025974027,0.60947481648786,0.609090543777698
2000-12-01,EUR/GBP,0.6134210526315789,2.171050141157092,,0.6010448963317384,0.6068336282900928,0.6094514195155214
2001-01-01,EUR/GBP,0.6347999999999999,3.485199485199485,2.662282154161294,0.6162024720893141,0.6087931520996166,0.6108232449123469
2001-02-01,EUR/GBP,0.633995,-0.12681159420288984,3.1461209501231697,0.627405350877193,0.6132763767372978,0.6124347330075849
2001-03-01,EUR/GBP,0.6291454545454547,-0.7649185647434603,3.0328490682795772,0.6326468181818182,0.6168458572567784,0.613978013639996
2001-04-01,EUR/GBP,0.6216842105263157,-1.1859330724291013,3.9576729510853803,0.6282748883572568,0.6222386802232854,0.6159503089616333
2001-05-01,EUR/GBP,0.6132818181818182,-1.3515531200935829,1.9571985611945706,0.6213704944178629,0.6243879226475278,0.6169313695676939
2001-06-01,EUR/GBP,0.608904761904762,-0.7137104259886189,-3.236047920710467,0.6146235968709653,0.6236352075263917,0.6152344179082423
2001-07-01,EUR/GBP,0.6085681818181818,-0.05527631045735709,-2.323223059012874,0.6102515873015874,0.6192632378294219,0.6140281949645193
2001-08-01,EUR/GBP,0.6267173913043479,2.9822803801445503,3.2320671479317187,0.6147301116757639,0.6180503030468133,0.6156633398920556
2001-09-01,EUR/GBP,0.62291,-0.6075132678899883,2.4980606943889234,0.6193985243741765,0.6170110606225709,0.6169284589396747
2001-10-01,EUR/GBP,0.6239347826086957,0.16451535674427484,5.872375415661186,0.6245207246376813,0.6173861559696343,0.6198124180964598
2001-11-01,EUR/GBP,0.618375,-0.8910839343576983,2.996176704394894,0.621739927536232,0.6182350196059979,0.621311471126763
2001-12-01,EUR/GBP,0.6201194444444444,0.2821013858005963,1.091972925306272,0.6208097423510467,0.6201041333626116,0.6218696704445018
2002-01-01,EUR/GBP,0.6165931818181819,-0.5686424861941991,-2.8681188062095178,0.6183625420875422,0.6214416333626116,0.6203524355960168
2002-02-01,EUR/GBP,0.6116024999999999,-0.8093962056903822,-3.531967917728064,0.6161050420875421,0.618922484811887,0.6184863939293502
2002-03-01,EUR/GBP,0.6157349999999998,0.6756839613964745,-2.131534838019875,0.6146435606060606,0.6177266514785537,0.6173688560505624
2002-04-01,EUR/GBP,0.6140714285714287,-0.27017652538366316,-1.2245416283682131,0.6138029761904762,0.6160827591390091,0.6167344575543218
2002-05-01,EUR/GBP,0.6282272727272726,2.305243901149411,2.4369635789567208,0.6193445670995671,0.6177248045935546,0.6179799120997763
2002-06-01,EUR/GBP,0.6440500000000001,2.5186310686636624,5.7718776882771685,0.6287829004329004,0.6217132305194805,0.6209086819410461
2002-07-01,EUR/GBP,0.6386999999999999,-0.8306808477602962,4.951264144601695,0.6369924242424242,0.6253977002164502,0.623419666789531
2002-08-01,EUR/GBP,0.6363318181818182,-0.3707815591328902,1.5340928799598754,0.6396939393939394,0.6295192532467532,0.6242208690293202
2002-09-01,EUR/GBP,0.6305880952380952,-0.902630165521881,1.2326171097101126,0.6352066378066378,0.631994769119769,0.6248607102991615
2002-10-01,EUR/GBP,0.6299413043478261,-0.10256947366329139,0.962684227030413,0.6322870725892465,0.6346397484158354,0.6253612537774224
2002-11-01,EUR/GBP,0.6370857142857143,1.1341389885974658,3.025787634641479,0.6325383712905451,0.6361161553422422,0.6269204799678985
2002-12-01,EUR/GBP,0.6421749999999999,0.7988384608485021,3.5566624709397283,0.6364006728778467,0.6358036553422423,0.6287584429308614
2003-01-01,EUR/GBP,0.6571090909090908,2.3255484734053513,6.570930442571127,0.6454566017316017,0.6388718371604241,0.6321347686884372
2003-02-01,EUR/GBP,0.6697725,1.9271395368141677,9.51107950016556,0.6563521969696969,0.644445284130121,0.6369822686884371
2003-03-01,EUR/GBP,0.6825476190476191,1.907381841986507,10.850872379776897,0.6698097366522365,0.6531052047650417,0.6425499869424053
2003-04-01,EUR/GBP,0.6890199999999999,0.9482680433948197,12.205187856228868,0.6804467063492062,0.662951654040404,0.6487957012281197
2003-05-01,EUR/GBP,0.7132190476190478,3.5120965456805173,13.528826044563006,0.6949288888888888,0.6756405429292928,0.6558783491357676
2003-06-01,EUR/GBP,0.7022404761904761,-1.5392986860378424,9.03508674644453,0.7014931746031746,0.6856514556277057,0.660727555484974
2003-07-01,EUR/GBP,0.7004478260869564,-0.2552758156642426,9.667735413645923,0.7053024499654935,0.6928745781573499,0.665873207658887
2003-08-01,EUR/GBP,0.6991928571428572,-0.17916665558234873,9.878657198166039,0.7006270531400967,0.6977779710144927,0.6711116275723069
2003-09-01,EUR/GBP,0.6969272727272727,-0.3240285412586166,10.520207721988376,0.6988559853190287,0.7001745799611016,0.6766398923630718
2003-10-01,EUR/GBP,0.6976304347826089,0.10089461022015803,10.745307533828226,0.6979168548842463,0.70160965242487,0.6822806532326369
2003-11-01,EUR/GBP,0.6927774999999999,-0.6956311738494027,8.741647232935684,0.6957784025032939,0.6982027278216952,0.686921635375494
2003-12-01,EUR/GBP,0.7019571428571428,1.3250492195752461,9.309322670166683,0.6974550258799171,0.6981555055994729,0.6919034806135893
2004-01-01,EUR/GBP,0.6921452380952381,-1.3977925663620736,5.331861584455615,0.695626626984127,0.6967717409341866,0.6948231595457682
2004-02-01,EUR/GBP,0.6768975000000002,-2.20296799804608,1.063794049472046,0.6903332936507937,0.6930558480770438,0.6954169095457683
2004-03-01,EUR/GBP,0.6712413043478261,-0.8356059303179597,-1.6564873108148848,0.6800946808143548,0.6887748533471361,0.6944747166541188
2004-04-01,EUR/GBP,0.6653249999999999,-0.8813975405721554,-3.4389422658268143,0.6711546014492754,0.6833906142167012,0.6925001333207855
2004-05-01,EUR/GBP,0.6715738095238094,0.9392115919001184,-5.83905298579215,0.6693800379572118,0.6798566658040027,0.689029696812849
2004-06-01,EUR/GBP,0.6642818181818183,-1.085806390687214,-5.40536458601425,0.6670602092352093,0.6735774450247819,0.6858664753121274
2004-07-01,EUR/GBP,0.6657568181818182,0.22204431306535863,-4.952689781184581,0.6672041486291486,0.669179375039212,0.6829755579866993
2004-08-01,EUR/GBP,0.6694181818181818,0.5499551091887853,-4.258435282984004,0.666485606060606,0.6679328220089089,0.6804943350429764
2004-09-01,EUR/GBP,0.6812977272727273,1.774607528926076,-2.242636508309197,0.6721575757575757,0.6696088924963925,0.6791918729217644
2004-10-01,EUR/GBP,0.6914404761904762,1.4887395791485905,-0.887283335633364,0.6807187950937951,0.6739614718614718,0.6786760430390865
2004-11-01,EUR/GBP,0.6986204545454545,1.038408742649364,0.8434099758514937,0.6904528860028861,0.678469246031746,0.6791629559178745
2004-12-01,EUR/GBP,0.695,-0.5182291073641914,-0.9911064981582146,0.6950203102453102,0.683588943001443,0.6785831940131125
2005-01-01,EUR/GBP,0.6986666666666668,0.5275779376499019,0.9422052211722851,0.6974290404040403,0.6890739177489178,0.679126646394065
2005-02-01,EUR/GBP,0.68968,-1.2862595419847531,1.888395214932808,0.694448888888889,0.6924508874458875,0.6801918547273983
2005-03-01,EUR/GBP,0.6923309523809523,0.3843742577648134,3.1418877081196244,0.6935592063492063,0.6942897582972583,0.6819493253968255
2005-04-01,EUR/GBP,0.6829333333333334,-1.357388257061188,2.6465762346722954,0.6883147619047619,0.6928719011544011,0.6834166865079365
2005-05-01,EUR/GBP,0.6839931818181818,0.15519062156116947,1.8492937214419607,0.6864191558441558,0.6904340223665225,0.6844516341991342
2005-06-01,EUR/GBP,0.6689477272727273,-2.199649783856155,0.7023990365534791,0.6786247474747474,0.686091976911977,0.68484045995671
2005-07-01,EUR/GBP,0.6875642857142856,2.782961610088317,3.275590566541041,0.6801683982683983,0.6842415800865801,0.686657748917749
2005-08-01,EUR/GBP,0.6852695652173914,-0.33374631937294036,2.3679343988172232,0.6805938594014681,0.6835065076228121,0.6879786975343497
2005-09-01,EUR/GBP,0.6775954545454546,-1.1198674304909924,-0.5434148066357349,0.683476435159044,0.6810505913168957,0.6876701748070769
2005-10-01,EUR/GBP,0.6813666666666667,0.5565580607003819,-1.4569308379676682,0.6814105621431708,0.6807894802057844,0.6868306906800928
2005-11-01,EUR/GBP,0.6793318181818181,-0.29864221195370827,-2.76096072454481,0.6794313131313131,0.6800125862663905,0.6852233043164566
2005-12-01,EUR/GBP,0.6792214285714286,-0.01624973355213943,-2.2702980472764476,0.6799733044733044,0.6817248698161742,0.6839084233640755
2006-01-01,EUR/GBP,0.6859840909090908,0.9956491437388489,-1.8152541637751791,0.6815124458874459,0.6814615040153083,0.6828515420509441
2006-02-01,EUR/GBP,0.6829725000000002,-0.43901760244899785,-0.9725524881103925,0.6827260064935065,0.6810786598124099,0.6822925837176109
2006-03-01,EUR/GBP,0.6893478260869565,0.9334674656675552,-0.43088154353589,0.6861014723320159,0.6830373884026603,0.6820439898597779
2006-04-01,EUR/GBP,0.6946277777777777,0.7659343354707487,1.7123844852271093,0.6889827012882449,0.6852475735878455,0.6830185268968149
2006-05-01,EUR/GBP,0.6832954545454545,-1.6314238495582647,-0.10200792804288376,0.6890903528033961,0.6859081796484515,0.6829603829574209
2006-06-01,EUR/GBP,0.6866590909090907,0.4922667553633606,2.6476453860710305,0.6881941077441076,0.6871477900380617,0.684436329927118
2006-07-01,EUR/GBP,0.6878190476190478,0.1689275981799571,0.0370528123777522,0.685924531024531,0.6874536161563879,0.6844575600858481
2006-08-01,EUR/GBP,0.676686956521739,-1.6184621719685635,-1.2524427074080846,0.6837216983499591,0.6864060255766776,0.6837423426945438
2006-09-01,EUR/GBP,0.6751071428571427,-0.23346299930425965,-0.36722673855318066,0.6798710489993098,0.6840325783717088,0.6835349833871845
2006-10-01,EUR/GBP,0.6725431818181817,-0.37978579638632276,-1.2949686681402486,0.6747790937323545,0.6803518123784428,0.682799692983144
2006-11-01,EUR/GBP,0.6739681818181819,0.21188230563095076,-0.7895458772991992,0.6738728354978355,0.6787972669238974,0.6823527232861744
2006-12-01,EUR/GBP,0.6728605263157895,-0.1643483375437967,-0.936499054368423,0.6731239633173844,0.6764975061583471,0.6818226480982045
2007-01-01,EUR/GBP,0.6634068181818181,-1.4050026363910288,-3.291223954968476,0.6700785087719298,0.6724288012521421,0.679941208704265
2007-02-01,EUR/GBP,0.6680025,0.6927396119890952,-2.1918891317000533,0.6680899481658692,0.6709813918318522,0.678693708704265
2007-03-01,EUR/GBP,0.6802113636363635,1.8276673569879485,-1.3253777127949589,0.6705402272727272,0.6718320952950557,0.6779323368333823
2007-04-01,EUR/GBP,0.6793368421052633,-0.12856614544411504,-2.201313590054297,0.675850235247209,0.6729643720095694,0.6766580921940061
2007-05-01,EUR/GBP,0.681355909090909,0.29721146572716506,-0.28385165474804436,0.6803013716108453,0.6741956598883573,0.6764964634061273
2007-06-01,EUR/GBP,0.6756238095238095,-0.8412783232110674,-1.6070975439458945,0.6787721869066606,0.674656207089694,0.6755768566240206
2007-07-01,EUR/GBP,0.6744,-0.1811377139997592,-1.9509560931031362,0.6771265728715729,0.6764884040593909,0.6744586026557665
2007-08-01,EUR/GBP,0.677663043478261,0.4838439321264839,0.14424497873273287,0.6758956176673568,0.6780984946391011,0.6745399432354767
2007-09-01,EUR/GBP,0.68887,1.653765338038312,2.038618208749958,0.6803110144927537,0.6795416006997071,0.6756868479973814
2007-10-01,EUR/GBP,0.6961413043478261,1.0555408637081134,3.50878920009986,0.687558115942029,0.682342344406801,0.6776533582081852
2007-11-01,EUR/GBP,0.7089590909090909,1.8412621807110123,5.191774631928939,0.6979901317523057,0.6869428747098313,0.6805692672990942
2007-12-01,EUR/GBP,0.7206368421052631,1.6471685525885484,7.100478319194941,0.7085790791207267,0.6944450468067401,0.6845506269482171
2008-01-01,EUR/GBP,0.7472499999999997,3.6930054557007015,12.638275567919013,0.7256153110047846,0.7065867134734068,0.6915375587663988
2008-02-01,EUR/GBP,0.7509380952380953,0.49355573611181625,12.415461804124272,0.739608312447786,0.718799222100046,0.6984488583695733
2008-03-01,EUR/GBP,0.7749394736842107,3.1961860236302724,13.926275730154991,0.7577091896407686,0.7331441343807477,0.7063428675402273
2008-04-01,EUR/GBP,0.7948659090909089,2.571353774503725,17.006153622939284,0.7735811593377383,0.7495982351712615,0.7159702897890311
2008-05-01,EUR/GBP,0.7920857142857143,-0.34976903316615576,16.25138987090391,0.7872970323536114,0.7634526724006987,0.7251977735552648
2008-06-01,EUR/GBP,0.7915238095238097,-0.07093989346989485,17.1545168133859,0.7928251443001443,0.7752671669704565,0.7348561068885981
2008-07-01,EUR/GBP,0.7930760869565219,0.19611253812390098,17.59728454278201,0.7922285369220153,0.7829048481298768,0.7447457808016419
2008-08-01,EUR/GBP,0.7927880952380952,-0.03631325205275383,16.988539196254308,0.7924626639061424,0.7898798481298769,0.7543395351149612
2008-09-01,EUR/GBP,0.7992431818181818,0.8142259727232534,16.02235281231318,0.7950357880042663,0.7939304661522053,0.7635373002664765
2008-10-01,EUR/GBP,0.7866804347826087,-1.5718303666969418,13.005855258021715,0.7929039039462952,0.7925662204341553,0.7710822278027084
2008-11-01,EUR/GBP,0.8306324999999999,5.587029151111005,17.162260933122162,0.8055187055335967,0.7989906847198696,0.7812216785602842
2008-12-01,EUR/GBP,0.9044761904761903,8.890055527106206,25.510678559516926,0.8405963750862663,0.8178160815452663,0.7965416242578613
2009-01-01,EUR/GBP,0.9181928571428574,1.516531536274655,22.87626057448748,0.8844338492063493,0.8386688765763223,0.8107868623530995
2009-02-01,EUR/GBP,0.8869100000000003,-3.407002886103905,18.10693925692946,0.903193015873016,0.8543558607033064,0.8221178544165917
2009-03-01,EUR/GBP,0.9196636363636365,3.693005644725636,18.675544038475596,0.9082554978354981,0.8744259364608822,0.8341782013065439
2009-04-01,EUR/GBP,0.8975600000000001,-2.4034479009123846,12.9196748450997,0.901377878787879,0.8929058639971141,0.8427360422156348
2009-05-01,EUR/GBP,0.884445,-1.4611836534605036,11.660264040688242,0.9005562121212122,0.9018746139971142,0.8504326493584918
2009-06-01,EUR/GBP,0.8566999999999999,-3.13699551696263,8.234267837805277,0.8795683333333334,0.8939119155844159,0.855863998564841
2009-07-01,EUR/GBP,0.8609195652173913,0.4925370861901972,8.554472814988403,0.8673548550724638,0.8843663669301712,0.8615176217532469
2009-08-01,EUR/GBP,0.862654761904762,0.2015515452866377,8.81277949130706,0.860091442374051,0.8803238272476316,0.867339843975469
2009-09-01,EUR/GBP,0.8913477272727274,3.326123802366853,11.523970119459621,0.8716406847982935,0.8756045090658136,0.875015222763348
2009-10-01,EUR/GBP,0.9155659090909093,2.7170296257200004,16.38345999337288,0.8898561327561328,0.8786054939142983,0.8857556789557063
2009-11-01,EUR/GBP,0.8989238095238095,-1.8176844945684179,8.221603359344787,0.9019458152958153,0.8810186288349332,0.8914466214160237
2009-12-01,EUR/GBP,0.899717272727273,0.08826812629246548,-0.526151799132696,0.904735663780664,0.8881881742894787,0.8910500449369473
2010-01-01,EUR/GBP,0.8830499999999999,-1.852501139246813,-3.8273938715022875,0.8938970274170274,0.8918765800865801,0.8881214735083756
2010-02-01,EUR/GBP,0.8760425,-0.7935564237585578,-1.2253216222616004,0.8862699242424243,0.8941078697691197,0.8872158485083759
2010-03-01,EUR/GBP,0.9016021739130436,2.9176294429829266,-1.9639204744473862,0.8868982246376812,0.8958169442091726,0.8857107266374932
2010-04-01,EUR/GBP,0.8745550000000002,-2.999901142169613,-2.5630598511520053,0.8840665579710146,0.888981792694021,0.8837936433041599
2010-05-01,EUR/GBP,0.8571442857142857,-1.990808386632573,-3.0867622391120246,0.8777671532091098,0.8820185387257671,0.8815185837803502
2010-06-01,EUR/GBP,0.8277068181818182,-3.434365488178723,-3.3842864267750286,0.853135367965368,0.8700167963015247,0.8791024852955016
2010-07-01,EUR/GBP,0.8356568181818183,0.9604850202229065,-2.9343910925283665,0.8401693073593073,0.8621179326651611,0.8769972563758706
2010-08-01,EUR/GBP,0.8236318181818182,-1.4389878402671898,-4.523587586392059,0.8289984848484848,0.8533828190287974,0.8737453443989583
2010-09-01,EUR/GBP,0.839865909090909,1.9710373677558772,-5.775727766686324,0.8330515151515151,0.8430934415584416,0.869455192883807
2010-10-01,EUR/GBP,0.8763761904761905,4.34715601503592,-4.280382026634359,0.8466246392496393,0.8433969733044733,0.8661893829992472
2010-11-01,EUR/GBP,0.8550954545454544,-2.4282649576745032,-4.875647358987231,0.857112518037518,0.8430555014430013,0.8625370200843842
2010-12-01,EUR/GBP,0.8481282608695652,-0.8147854884333169,-5.733913688388835,0.85986663529707,0.8464590752242925,0.8582379357629085
2011-01-01,EUR/GBP,0.8471171428571429,-0.11921758289077508,-4.0691758272869025,0.8501136194240542,0.8483691293368468,0.8552435310010038
2011-02-01,EUR/GBP,0.8463545,-0.0900280278322149,-3.3888766812112356,0.8471999679089026,0.8521562429732104,0.8527695310010038
2011-03-01,EUR/GBP,0.8665326086956524,2.384120211525123,-3.889693950624123,0.8533347505175984,0.8566006929073343,0.8498470672328878
2011-04-01,EUR/GBP,0.8829131578947368,1.8903557736553265,0.9557040889065402,0.8652667555301297,0.8576901874770919,0.8505435803907826
2011-05-01,EUR/GBP,0.8778772727272728,-0.5703715164322419,2.418844453441072,0.8757743464392206,0.8614871571740617,0.8522713293085317
2011-06-01,EUR/GBP,0.8874477272727274,1.0901813775998959,7.2176412926184375,0.882746052631579,0.8680404015745887,0.8572497383994407
2011-07-01,EUR/GBP,0.8847595238095236,-0.30291400615392233,5.875941482119496,0.8833615079365079,0.8743141317333188,0.8613416305350828
2011-08-01,EUR/GBP,0.8766847826086956,-0.9126481245503203,6.441344695011033,0.8829640112303155,0.879369178834768,0.8657627109039892
2011-09-01,EUR/GBP,0.8717227272727271,-0.5660022204563904,3.793083852671287,0.8777223445636487,0.880234198597614,0.868417445752474
2011-10-01,EUR/GBP,0.8703595238095239,-0.15638039717837904,-0.686539266133809,0.8729223445636488,0.8781419262500784,0.8679160568635852
2011-11-01,EUR/GBP,0.8573954545454545,-1.4895073713132023,0.26897581875495963,0.8664925685425685,0.8747282898864418,0.8681077235302519
2011-12-01,EUR/GBP,0.8440547619047619,-1.5559556060120616,-0.4802927991842633,0.8572699134199134,0.8674961289917812,0.867768265283185
2012-01-01,EUR/GBP,0.8321018181818182,-1.4161336754939666,-1.772520459765611,0.8445173448773448,0.8587198447204969,0.8665169882269078
2012-02-01,EUR/GBP,0.8369595238095238,0.5837874069690073,-1.1100521342388143,0.837705367965368,0.8520989682539682,0.8657340735443682
2012-03-01,EUR/GBP,0.8344818181818181,-0.2960364936679472,-3.6987402657678095,0.8345143867243867,0.84589215007215,0.863063174334882
2012-04-01,EUR/GBP,0.8218842105263158,-1.5096323707747392,-6.91222537830805,0.831108517505886,0.8378129311916153,0.8579774287208468
2012-05-01,EUR/GBP,0.8037077272727273,-2.211562531654994,-8.448737398580253,0.8200245853269538,0.8288649766461608,0.8517966332663013
2012-06-01,EUR/GBP,0.8057928571428571,0.25943882326543866,-9.201090680665677,0.8104615983139668,0.8224879925191768,0.8449920607554788
2012-07-01,EUR/GBP,0.7882659090909091,-2.1751183193772934,-10.906196782504287,0.7992554978354979,0.815182007670692,0.8369509261955942
2012-08-01,EUR/GBP,0.7888365217391305,0.07238834530844074,-10.020507098134015,0.7942984293242988,0.8071615073256263,0.8296302377897972
2012-09-01,EUR/GBP,0.798211,1.1883930323359966,-8.432925398505558,0.7917711436100131,0.8011163709619901,0.8235042605170699
2012-10-01,EUR/GBP,0.8066521739130436,1.0575115994447024,-7.3196590780826005,0.7978998985507247,0.7985776981931113,0.8181953146923634
2012-11-01,EUR/GBP,0.8038886363636365,-0.34259345462384694,-6.240623028516577,0.8029172700922267,0.7986078497082628,0.8137364131772119
2012-12-01,EUR/GBP,0.8123684210526317,1.0548456969553972,-3.7540622104452357,0.807636410443104,0.7997037770265586,0.8110958847728678
2013-01-01,EUR/GBP,0.8327090909090908,2.503872544688843,0.0729805792997302,0.8163220494417863,0.8071109739962555,0.8111464908334739
2013-02-01,EUR/GBP,0.8624975000000001,3.5772888054324583,3.051279717116683,0.8358583373205741,0.8193878037064004,0.8132746555160134
2013-03-01,EUR/GBP,0.859955,-0.29478346314048604,3.0525748150730574,0.8517205303030303,0.8296784703730672,0.8153974206675286
2013-04-01,EUR/GBP,0.8507571428571429,-1.0695742385191256,3.5130170358592903,0.8577365476190476,0.8370292985304171,0.817803498361764
2013-05-01,EUR/GBP,0.8491431818181819,-0.18970878499364596,5.653231019643626,0.8532851082251084,0.8445717227728412,0.821589786240552
2013-06-01,EUR/GBP,0.85191,0.32583647152341366,5.723200751699746,0.8506034415584415,0.851161985930736,0.8254328814786472
2013-07-01,EUR/GBP,0.8619239130434779,1.175466075463134,9.344309211280885,0.8543256982872199,0.8560311229531338,0.8315710484746948
2013-08-01,EUR/GBP,0.859040909090909,-0.33448473919106597,8.899738465075172,0.8576249407114623,0.8554550244682853,0.8374214140873429
2013-09-01,EUR/GBP,0.8417100000000001,-2.0174719163549044,5.449561582087952,0.8542249407114624,0.852414191134952,0.8410463307540096
2013-10-01,EUR/GBP,0.8471978260869565,0.6519853734607425,5.0264108230474704,0.8493162450592885,0.8518209716732543,0.8444251351018357
2013-11-01,EUR/GBP,0.8378023809523809,-1.1090025074747094,4.218711778555809,0.8422367356797791,0.8499308381956207,0.847251280484231
2013-12-01,EUR/GBP,0.8363864999999999,-0.168999394674848,2.956550048590835,0.840462235679779,0.8473435881956207,0.8492527870631782
2014-01-01,EUR/GBP,0.8267431818181818,-1.1529739159847836,-0.7164457739251834,0.8336440209235209,0.8414801329914047,0.8487556279722693
2014-02-01,EUR/GBP,0.825099,-0.19887455431636236,-4.336070539334909,0.8294095606060606,0.8358231481429197,0.8456390863056026
2014-03-01,EUR/GBP,0.8316976190476191,0.7997366434353996,-3.285913908562768,0.8278466002886002,0.8341544179841897,0.8432843045595707
2014-04-01,EUR/GBP,0.8251950000000001,-0.7818489434976539,-3.0046345272278354,0.8273305396825398,0.8304872803030302,0.8411541259881422
2014-05-01,EUR/GBP,0.8153466666666667,-1.1934552843065527,-3.980072604381079,0.8240797619047621,0.8267446612554114,0.838337749725516
2014-06-01,EUR/GBP,0.8040904761904761,-1.38054044204394,-5.613213110483949,0.8148773809523809,0.8213619906204905,0.8343527894080557
2014-07-01,EUR/GBP,0.7931043478260867,-1.3662801251468812,-7.984413029496691,0.8041804968944098,0.8157555182884747,0.8286178256399398
2014-08-01,EUR/GBP,0.7973009523809522,0.5291364958934405,-7.18707992327093,0.7981652587991718,0.8111225103519667,0.8234728292474434
2014-09-01,EUR/GBP,0.7911318181818181,-0.7737522676614704,-6.008979555688059,0.7938457061296189,0.804361543541,0.8192579807625947
2014-10-01,EUR/GBP,0.788608695652174,-0.31892567984976256,-6.915637485213392,0.7923471554049814,0.7982638261496957,0.8143755532263629
2014-11-01,EUR/GBP,0.790535,0.24426618149740223,-5.641829389246808,0.7900918379446639,0.7941285483719179,0.8104366048136645
2014-12-01,EUR/GBP,0.7882999999999999,-0.282719930173882,-5.749315657294807,0.7891478985507246,0.7914968023401717,0.8064293964803312
2015-01-01,EUR/GBP,0.7667976190476191,-2.7276900865635896,-7.2508082423770155,0.7818775396825396,0.7871123475437606,0.8014339329161175
2015-02-01,EUR/GBP,0.7405075000000001,-3.428560339072515,-10.252284877329863,0.7652017063492064,0.7776467721469352,0.794384641249451
2015-03-01,EUR/GBP,0.7235840909090909,-2.2853798362486764,-12.999138829125117,0.7436297366522368,0.7663888176014807,0.7853751805712403
2015-04-01,EUR/GBP,0.7211574999999999,-0.33535713949187707,-12.60762607626079,0.7284163636363635,0.7551469516594516,0.7767053889045736
2015-05-01,EUR/GBP,0.7212414999999999,0.011647940983761937,-11.541736848130055,0.7219943636363636,0.743598034992785,0.7688632916823513
2015-06-01,EUR/GBP,0.7207795454545456,-0.06404991191636637,-10.360890124035684,0.7210595151515151,0.732344625901876,0.7619207141210239
2015-07-01,EUR/GBP,0.70685,-1.9325666970420496,-10.875535868957405,0.7162903484848485,0.722353356060606,0.7547328518021833
2015-08-01,EUR/GBP,0.7142323809523808,1.0444055955833433,-10.41872221279889,0.7139539754689754,0.7179741695526696,0.7478104708498025
2015-09-01,EUR/GBP,0.7312886363636363,2.388054065612661,-7.564249148228373,0.7174570057720057,0.7192582604617604,0.7428235390316206
2015-10-01,EUR/GBP,0.7328704545454546,0.21630558758358515,-7.067921190068057,0.7261304906204905,0.7212104195526695,0.7381786856060605
2015-11-01,EUR/GBP,0.7065761904761906,-3.5878461065226652,-10.620505040739424,0.7235784271284271,0.7187662012987013,0.7311821181457433
2015-12-01,EUR/GBP,0.7259522727272728,2.742249528394651,-7.909137038275668,0.7217996392496393,0.7196283225108225,0.7259864742063492
2016-01-01,EUR/GBP,0.7545860000000001,3.9442988676315447,-1.5925478567325428,0.7290381544011545,0.7275843225108224,0.7249688392857143
2016-02-01,EUR/GBP,0.775585238095238,2.7828820167930437,4.7369862013872845,0.7520411702741704,0.7378097987012987,0.7278919841269841
2016-03-01,EUR/GBP,0.7802009523809523,0.5951266294147145,7.824503355336289,0.7701240634920635,0.7459618513708515,0.7326100559163059
2016-04-01,EUR/GBP,0.7922957142857143,1.5502111177706475,9.864449067743793,0.7826939682539682,0.7558660613275614,0.7385382404401154
2016-05-01,EUR/GBP,0.7777913636363636,-1.830673874391329,7.840628088700349,0.7834293434343435,0.7677352568542569,0.7432507290764793
2016-06-01,EUR/GBP,0.7904936363636362,1.6331208240583226,9.672040688269922,0.7868602380952381,0.7784921507936508,0.7490602366522366
2016-07-01,EUR/GBP,0.8410576190476191,6.396507240283825,18.986718405265492,0.8031142063492064,0.7929040873015873,0.7602442049062049
2016-08-01,EUR/GBP,0.8552086956521741,1.6825335487215578,19.73815784042314,0.8289199836878097,0.8061746635610766,0.7719922311311875
2016-09-01,EUR/GBP,0.8522768181818182,-0.34282596578604885,16.544518238352616,0.8495143776272038,0.818187307861221,0.7820745796160362
2016-10-01,EUR/GBP,0.8938995238095238,4.883707351855493,21.972378374012028,0.8671283458811722,0.8351212761151893,0.7954936687213752
2016-11-01,EUR/GBP,0.868943181818182,-2.791850910154371,22.979403145832812,0.8717065079365081,0.8503132458121588,0.8090242513332079
2016-12-01,EUR/GBP,0.8444142857142856,-2.8228423465584944,16.318154434860045,0.8690856637806638,0.8593000207039337,0.8188960857487922
2017-01-01,EUR/GBP,0.8610040909090911,1.964652360277437,14.102844594133874,0.8581205194805196,0.8626244326808458,0.8277642599912166
2017-02-01,EUR/GBP,0.8527305000000001,-0.9609235306135894,9.946716120361351,0.8527162922077922,0.86221140007215,0.8341930318166133
2017-03-01,EUR/GBP,0.8656034782608696,1.5096186029313512,10.946221690616108,0.8597793563899869,0.8644325100853253,0.8413099089732731
2017-04-01,EUR/GBP,0.8482350000000001,-2.0065166900398155,7.060404935386683,0.8555229927536233,0.8568217561170713,0.8459715161161303
2017-05-01,EUR/GBP,0.855543181818182,0.8615751316771808,9.996487723688494,0.856460553359684,0.854588422783738,0.8524508342979485
2017-06-01,EUR/GBP,0.8772381818181817,2.53581589580247,10.973465372040259,0.8603387878787879,0.8600590721343875,0.8596795464191606
2017-07-01,EUR/GBP,0.8861733333333335,1.0185547893768836,5.3641645071596455,0.8729848989898992,0.8642539458717612,0.8634391892763035
2017-08-01,EUR/GBP,0.9112073913043478,2.8249617799769404,6.547956766210109,0.8915396354852877,0.8740000944224858,0.8681057472473178
2017-09-01,EUR/GBP,0.8947009523809525,-1.811490894489692,4.9777411862073935,0.8973605590062114,0.8788496734424996,0.8716410917639125
2017-10-01,EUR/GBP,0.8907140909090909,-0.44560827405535186,-0.35635245523540454,0.8988741448647971,0.8859295219273481,0.8713756390222098
2017-11-01,EUR/GBP,0.8879450000000002,-0.3108843721406158,2.186773379366268,0.8911200144300145,0.891329824957651,0.8729591238706947
2017-12-01,EUR/GBP,0.8826489473684211,-0.5964392649971633,4.527950592616168,0.8871026794258374,0.8922316192160243,0.876145345675206
2018-01-01,EUR/GBP,0.8833113636363638,0.07504866684740025,2.590843988176582,0.8846351036682617,0.8917546242665293,0.8780042850691454
2018-02-01,EUR/GBP,0.883964,0.0738851995461127,3.662763323230483,0.8833081036682616,0.8872140590491381,0.880607076735812
2018-03-01,EUR/GBP,0.8828704761904762,-0.12370682624221875,1.9947930389904014,0.8833819466089468,0.885242313017392,0.8820459932299459
2018-04-01,EUR/GBP,0.8721214999999999,-1.2175031876541387,2.816023861311996,0.8796519920634921,0.8821435478658768,0.8840365348966125
2018-05-01,EUR/GBP,0.8772577272727272,0.5889348299207546,2.5381004624919017,0.8774165678210677,0.8803623357446647,0.885846080351158
2018-06-01,EUR/GBP,0.8788604761904764,0.1826998917104858,0.18493202939847686,0.8760799011544012,0.8797309238816741,0.8859812715488492
2018-07-01,EUR/GBP,0.8872549999999998,0.9551600096878268,0.12206039450517366,0.881124401154401,0.8803881966089465,0.8860714104377378
2018-08-01,EUR/GBP,0.8968686956521741,1.0835324289155084,-1.5735929920024674,0.8876613906142167,0.8825389792176423,0.8848765191333902
2018-09-01,EUR/GBP,0.8928069999999998,-0.45287517245997266,-0.21168552195150334,0.8923102318840579,0.8841950665192294,0.8847186897683107
2018-10-01,EUR/GBP,0.8827208695652173,-1.129710053212224,-0.8973947336698644,0.8907988550724637,0.8859616281134324,0.8840525879896545
2018-11-01,EUR/GBP,0.8811813636363635,-0.1744046144068351,-0.7617179401468275,0.8855697444005268,0.8866155675073718,0.8834889516260181
2018-12-01,EUR/GBP,0.8977415789473684,1.8793197398848789,1.7099246109050785,0.8872146040496497,0.8897624179668537,0.8847466709242638
2019-01-01,EUR/GBP,0.8860295454545454,-1.3046107886142202,0.3077263499692306,0.8883174960127591,0.8895581755426113,0.8849731860757789
2019-02-01,EUR/GBP,0.8726370000000001,-1.511523574270281,-1.28138702481095,0.885469374800638,0.8855195596005824,0.8840292694091124
2019-03-01,EUR/GBP,0.8582204761904764,-1.6520642385692719,-2.7920290308452547,0.872295673881674,0.8797551389656618,0.8819751027424455
2019-04-01,EUR/GBP,0.8617894999999999,0.41586327855586924,-1.184697315683653,0.8642156587301587,0.8762665773714589,0.8811141027424457
2019-05-01,EUR/GBP,0.8717581818181817,1.1567420835577344,-0.6269019107580719,0.8639227193362192,0.8746960470684285,0.8806558072879002
2019-06-01,EUR/GBP,0.8910730000000001,2.215616507496899,1.3895861903427915,0.8748735606060606,0.8735846172438674,0.8816735176053605
2019-07-01,EUR/GBP,0.8994204347826088,0.9367846161435356,1.3711317245446923,0.8874172055335968,0.8758164321318779,0.8826873038372446
2019-08-01,EUR/GBP,0.9155377272727274,1.7919642323908498,2.0815791331614952,0.9020103873517789,0.8829665533439991,0.8842430564722908
2019-09-01,EUR/GBP,0.8909161904761904,-2.689297891620642,-0.21178256037524107,0.9019581175105088,0.8884158390582847,0.8840854890119733
2019-10-01,EUR/GBP,0.8753856521739128,-1.7432097955225818,-0.8309781318433587,0.8939465233076103,0.8906818644206035,0.8834742208960312
2019-11-01,EUR/GBP,0.8576090476190479,-2.0307169201047497,-2.6750810888736805,0.8746369634230504,0.8883236753874145,0.8815098612279216
2019-12-01,EUR/GBP,0.8473075000000001,-1.2011939062032555,-5.617883824263092,0.8601007332643201,0.8810294253874145,0.877307021315641
2020-01-01,EUR/GBP,0.8492727272727275,0.23193790598187905,-4.148486737308643,0.8513964249639252,0.8726714741357676,0.8742439531338229
2020-02-01,EUR/GBP,0.8409460000000001,-0.9804538642689113,-3.631636064022041,0.845842075757576,0.8602395195903131,0.8716030364671562
2020-03-01,EUR/GBP,0.8945954545454545,6.379655120002288,4.238418840394222,0.8616047272727273,0.8608527302685237,0.8746342846634043
2020-04-01,EUR/GBP,0.8754690000000002,-2.1380004166433584,1.5873365827734371,0.8703368181818183,0.8608666215728716,0.8757742429967377
2020-05-01,EUR/GBP,0.886853,1.3003315936943327,1.7315373112226897,0.8856391515151515,0.8657406136363638,0.8770321445118893
2020-06-01,EUR/GBP,0.898781363636364,1.345021512738183,0.8650653354286176,0.8870344545454548,0.8743195909090912,0.8776745081482527
2020-07-01,EUR/GBP,0.9046669565217391,0.654841446818917,0.5833224970476025,0.8967671067193678,0.8835519624505929,0.8781117182931801
2020-08-01,EUR/GBP,0.9008090476190477,-0.42644521001676905,-1.6087463372541337,0.9014191225923835,0.8935291370537676,0.8768843283220402
2020-09-01,EUR/GBP,0.9094740909090911,0.961917879593492,2.0830130411011636,0.904983365016626,0.8960089097810404,0.878430820024782
2020-10-01,EUR/GBP,0.9074113636363638,-0.2268044019445924,3.658468856888275,0.9058981673881675,0.9013326370537675,0.8810996293133196
2020-11-01,EUR/GBP,0.8960533333333333,-1.251695841400343,4.482728560410713,0.9043129292929294,0.9028660259426565,0.88430331978951
2020-12-01,EUR/GBP,0.9062440909090909,1.1372936405300582,6.955749938374292,0.9032362626262627,0.9041098138214444,0.8892147023652677
2021-01-01,EUR/GBP,0.892665,-1.4983922152219578,5.10934489402695,0.898320808080808,0.9021094877344877,0.8928307250925404
2021-02-01,EUR/GBP,0.8726825,-2.238521729876271,3.773904626456389,0.8905305303030303,0.8974217297979799,0.8954754334258738
2021-03-01,EUR/GBP,0.8587321739130435,-1.5985568734283737,-4.008882501044369,0.8746932246376812,0.888964743631972,0.8924868267065061
2021-04-01,EUR/GBP,0.8652685,0.7611600316746037,-1.1651469098277798,0.8655610579710146,0.8819409330259114,0.8916367850398395
2021-05-01,EUR/GBP,0.8625833333333335,-0.31032756498896197,-2.7366053524841796,0.8621946690821257,0.876362599692578,0.8896143128176174
2021-06-01,EUR/GBP,0.8587204545454544,-0.4478267361080923,-4.457247414301938,0.8621907626262626,0.8684419936319719,0.886275903726708
2021-07-01,EUR/GBP,0.8561304545454547,-0.3016115414847922,-5.3651237758144115,0.8591447474747476,0.862352902722881,0.8822311952286843
2021-08-01,EUR/GBP,0.8528736363636363,-0.38041143899588004,-5.321373201358346,0.8559081818181817,0.8590514254501538,0.8782365776240667
2021-09-01,EUR/GBP,0.8568331818181818,0.46425933288636084,-5.788060332569849,0.8552790909090909,0.8587349267676768,0.8738498351998243
2021-10-01,EUR/GBP,0.8469442857142856,-1.1541215155687807,-6.66368973821996,0.8522170346320346,0.8556808910533911,0.8688109120396512
2021-11-01,EUR/GBP,0.8478636363636363,0.10854912948321258,-5.377994275232538,0.8505470346320346,0.853227608225108,0.864795103958843
2021-12-01,EUR/GBP,0.8487482608695652,0.10433570541166168,-6.344408820569433,0.8478520609824957,0.8515655759457933,0.8600037847888825
2022-01-01,EUR/GBP,0.8350338095238095,-1.6158444120645328,-6.456082682326582,0.843881902252337,0.8480494684421856,0.8552011855825333
2022-02-01,EUR/GBP,0.8378725000000001,0.33994916658637825,-3.988850469672521,0.8405515234644582,0.8455492790482464,0.8523003522492
2022-03-01,EUR/GBP,0.8363826086956522,-0.17781837980694634,-2.602623483355643,0.8364296394064872,0.8421408501944915,0.8504378884810841
2022-04-01,EUR/GBP,0.8365499999999998,0.020013723696224145,-3.3190275619648935,0.836935036231884,0.8404084692421105,0.8480446801477508
2022-05-01,EUR/GBP,0.8496849999999999,1.5701392624469692,-1.4953144623708123,0.840872536231884,0.8407120298481711,0.8469698190366395
2022-06-01,EUR/GBP,0.857590909090909,0.9304517663497704,-0.13153820298171046,0.8479419696969696,0.8421858045517284,0.846875690248761
2022-07-01,EUR/GBP,0.849552857142857,-0.9372827839992748,-0.7682938234091803,0.8522762554112552,0.8446056458215697,0.8463275571318777
2022-08-01,EUR/GBP,0.844988260869565,-0.5372939699883105,-0.9245655109814246,0.8507106757011104,0.8457916059664972,0.8456704425073718
2022-09-01,EUR/GBP,0.8746295454545456,3.507893062854767,2.076992816571404,0.8563902211556559,0.8521660954263126,0.8471534728104021
2022-10-01,EUR/GBP,0.8705766666666667,-0.4633823324334055,2.790311163437425,0.8633981576635924,0.8578372065374239,0.8491228378897673
2022-11-01,EUR/GBP,0.8689209090909089,-0.19019089749986653,2.4835683268106914,0.871375707070707,0.8610431913859088,0.8508776106170398
2022-12-01,EUR/GBP,0.8694999999999998,0.06664483533913118,2.4449816379209883,0.8696658585858584,0.8630280398707572,0.8526069222112428
2023-01-01,EUR/GBP,0.8821231818181817,1.4517747922003332,5.639217449318092,0.8735146969696969,0.8684564273166445,0.8565310365691072
2023-02-01,EUR/GBP,0.8855000000000001,0.3828057409009746,5.684337414105359,0.8790410606060606,0.8752083838383838,0.8604999949024404
2023-03-01,EUR/GBP,0.8819204347826088,-0.40424226057495455,5.444616568244216,0.8831812055335968,0.8764235320597278,0.8642948137430201
2023-04-01,EUR/GBP,0.8811500000000001,-0.0873587630156968,5.331420716036138,0.8828568115942032,0.8781857542819499,0.8680114804096868
2023-05-01,EUR/GBP,0.8704049999999999,-1.2194291550814533,2.438550757045254,0.8778251449275363,0.8784331027667984,0.8697381470763536
2023-06-01,EUR/GBP,0.8586063636363637,-1.3555340747854399,0.11840780198231612,0.8700537878787878,0.8766174967061923,0.8698227682884748
2023-07-01,EUR/GBP,0.8585561904761905,-0.005843557921082918,1.0597731804013597,0.862522518037518,0.8726896648158605,0.8705730460662527
2023-08-01,EUR/GBP,0.8589208695652174,0.04247585575321114,1.6488523380566895,0.8586944745592572,0.8682598097433968,0.8717340967908903
2023-09-01,EUR/GBP,0.8615842857142857,0.3100886523360992,-1.491518301440447,0.8596871152518979,0.8648704515653428,0.8706469918125354
2023-10-01,EUR/GBP,0.8679836363636363,0.7427422662479618,-0.29785203329176924,0.8628295972143798,0.8626760576259489,0.8704309059539493
2023-11-01,EUR/GBP,0.870454090909091,0.2846199446575408,0.17644664803683144,0.8666740043290043,0.8626842394441306,0.8705586711054646
2023-12-01,EUR/GBP,0.8616826315789474,-1.0076877599578815,-0.8990647982808979,0.8667067862838915,0.8631969507678946,0.8699072237370435
2024-01-01,EUR/GBP,0.8587309090909091,-0.3425533229826839,-2.651814758915848,0.8636225438596492,0.8632260705370145,0.8679578676764375
2024-02-01,EUR/GBP,0.854662380952381,-0.4737838239496025,-3.4825092092172847,0.8583586405407458,0.8625163224348751,0.8653880660891359
2024-03-01,EUR/GBP,0.8552375000000001,0.06729195767084219,-3.0255489872151586,0.8562102633477634,0.8614585248158275,0.863164488190585
2024-04-01,EUR/GBP,0.8565766666666667,0.15658418470501562,-2.7887798142578952,0.8554921825396825,0.8595573631996659,0.8611167104128074
2024-05-01,EUR/GBP,0.8556404545454545,-0.10929694417843884,-1.696284540477757,0.855818207070707,0.8570884238057265,0.8598863316249287
2024-06-01,EUR/GBP,0.8464314999999999,-1.0762645099975636,-1.4179796647209646,0.8528828737373737,0.8545465685425685,0.8588717596552317
2024-07-01,EUR/GBP,0.8433178260869567,-0.3678589363750263,-1.7748825945546953,0.8484632602108038,0.8519777213752432,0.8576018959561287
2024-08-01,EUR/GBP,0.8515036363636365,0.9706672885906351,-0.863552565131584,0.8470843208168644,0.8514512639437858,0.8569837931893304
2024-09-01,EUR/GBP,0.8402123809523809,-1.3260372509358933,-2.480535580356674,0.8450112811343247,0.8489470774358492,0.8552028011258382
2024-10-01,EUR/GBP,0.8349586956521741,-0.6252806337192763,-3.8047884001382988,0.8422249043227304,0.8453440822667672,0.8524507227332164
2024-11-01,EUR/GBP,0.8337876190476189,-0.14025563308140243,-4.212338392617364,0.8363195652173913,0.8417019430171279,0.8493951834114273
2024-12-01,EUR/GBP,0.828042,-0.6890986285190693,-3.9040628586541635,0.8322627715665977,0.8386370263504611,0.8465917974465148
2025-01-01,EUR/GBP,0.839080909090909,1.3331339582906543,-2.288260477406412,0.8336368427128426,0.8379308735177866,0.8449542974465148
2025-02-01,EUR/GBP,0.8307099999999998,-0.9976283574343927,-2.802554726427782,0.8326109696969697,0.8344652674571805,0.8429582657004832
2025-03-01,EUR/GBP,0.8370252380952382,0.7602217494960184,-2.129497584561234,0.8356053823953823,0.8339340769809901,0.8414405772084196
2025-04-01,EUR/GBP,0.8537865,2.0024798706075178,-0.32573461025088035,0.8405072460317461,0.8370720443722943,0.8412080633195308
2025-05-01,EUR/GBP,0.8434952380952383,-1.205367138595153,-1.4194299002222974,0.8447689920634923,0.838689980880231,0.8401959619486794
2025-06-01,EUR/GBP,0.8498095238095237,0.7485858163875542,0.39909003971659723,0.8490304206349206,0.8423179015151514,0.8404774639328064
2025-07-01,EUR/GBP,0.8646869565217391,1.7506785103469904,2.5339355784682493,0.8526639061421669,0.8465855760869565,0.8422582248023716
2025-08-01,EUR/GBP,0.8652761904761904,0.06814419368849403,1.6174392597276426,0.8599242236024844,0.8523466078329883,0.8434059376450844
2025-09-01,EUR/GBP,0.8689454545454546,0.42405697852899854,3.419739371193828,0.866302867181128,0.8576666439080243,0.8458003604445072
2025-10-01,EUR/GBP,0.8715521739130435,0.2999865358582851,4.382669280698588,0.8685912729782296,0.8606275895601981,0.8488498169662462
2025-11-01,EUR/GBP,0.8799649999999998,0.9652693595134815,5.538266567825304,0.8734875428194994,0.8667058832109918,0.8526979320456114
2025-12-01,EUR/GBP,0.875,-0.5642269863005661,5.6709683808309315,0.8755057246376811,0.8709042959094045,0.856611098712278
2026-01-01,EUR/GBP,0.8682809523809522,-0.7678911564626111,3.4800032957107208,0.8744153174603174,0.8715032952192735,0.8590444356531148
2026-02-01,EUR/GBP,0.870315,0.2342614580534265,4.767608431341879,0.8711986507936507,0.872343096806575,0.8623448523197815
2026-03-01,EUR/GBP,0.8663109090909092,-0.46007375594936406,3.4987799247624185,0.8683022871572871,0.8719040058974842,0.8647853249027541
2026-04-01,EUR/GBP,0.8693330000000001,0.3488459948244467,1.820888477388683,0.8686529696969698,0.8715341435786437,0.8660808665694208
2026-05-01,EUR/GBP,0.8637819999999999,-0.6385355209108815,2.4050831573836438,0.8664753030303031,0.8688369769119769,0.8677714300614845
2000-01-01,EUR/CHF,1.61027619047619,,,1.61027619047619,1.61027619047619,1.61027619047619
2000-02-01,EUR/CHF,1.6068857142857138,-0.210552463641255,,1.6085809523809518,1.6085809523809518,1.6085809523809518
2000-03-01,EUR/CHF,1.6042434782608694,-0.1644321062384256,,1.6071351276742576,1.6071351276742576,1.6071351276742576
2000-04-01,EUR/CHF,1.573955555555556,-1.8879878968339654,,1.59502824936738,1.5988402346445822,1.5988402346445822
2000-05-01,EUR/CHF,1.5561636363636366,-1.1303952725424564,,1.5781208900600205,1.590304914988393,1.590304914988393
2000-06-01,EUR/CHF,1.560781818181818,0.2967671079227208,,1.5636336700336704,1.5853843988539638,1.5853843988539638
2000-07-01,EUR/CHF,1.550504761904762,-0.6584556635230361,,1.5558167388167388,1.5754224940920594,1.5804015935755065
2000-08-01,EUR/CHF,1.5506347826086957,0.00838570168426406,,1.553973787565092,1.566047338812556,1.5766807422046552
2000-09-01,EUR/CHF,1.5306809523809524,-1.2868168863189173,,1.5439401656314702,1.5537869178325703,1.5715696544464661
2000-10-01,EUR/CHF,1.5130363636363635,-1.1527280532983015,,1.5314506995420036,1.5436337191793712,1.5657163253654558
2000-11-01,EUR/CHF,1.5216454545454545,0.5689943160652338,,1.5217875901875901,1.537880688876341,1.5617098825636375
2000-12-01,EUR/CHF,1.513657894736842,-0.5249291012405111,,1.5161132376395534,1.5300267016355116,1.557705550244738
2001-01-01,EUR/CHF,1.529090909090909,1.019584042585144,-5.041699173436381,1.5214647527910685,1.5264577261665362,1.5509401101292977
2001-02-01,EUR/CHF,1.5357550000000002,0.43582045184305956,-4.426619370210304,1.5261679346092505,1.5239777623984203,1.5450125506054881
2001-03-01,EUR/CHF,1.535463636363636,-0.018972012877325646,-4.287369269644552,1.533436515151515,1.5247748763955344,1.5392808971140524
2001-04-01,EUR/CHF,1.528657894736842,-0.4432369133085844,-2.877950438868985,1.5332921770334929,1.5273784649122806,1.5355060920458259
2001-05-01,EUR/CHF,1.5334409090909096,0.3128897819803473,-1.4601759571907467,1.5325208133971293,1.52934437400319,1.5336125314397655
2001-06-01,EUR/CHF,1.5224952380952381,-0.7137980296978331,-2.4530385759606443,1.5281980139743299,1.5308172645629226,1.530421983099217
2001-07-01,EUR/CHF,1.5135454545454545,-0.5878365544827899,-2.3836951854248936,1.523160533910534,1.5282263554720135,1.5273420408192748
2001-08-01,EUR/CHF,1.5143565217391306,0.05358723725411023,-2.3395748164846855,1.516799071459941,1.5246599424285352,1.5243188524134779
2001-09-01,EUR/CHF,1.4912850000000002,-1.5235198190076409,-2.5737533559604517,1.5063956587615284,1.517296836367929,1.5210358563817319
2001-10-01,EUR/CHF,1.4792521739130435,-0.8068763574338009,-2.23287361330329,1.4949645652173915,1.5090625495639627,1.5182205072381219
2001-11-01,EUR/CHF,1.4662772727272726,-0.8771257135589415,-3.6387045124596056,1.4789381488801052,1.4978686101700234,1.5136064920866066
2001-12-01,EUR/CHF,1.4749388888888892,0.5907215724285257,-2.5579760117912413,1.473489445176402,1.489942551968965,1.5103799082659437
2002-01-01,EUR/CHF,1.4745045454545453,-0.029448232575323873,-3.5698573127229536,1.4719069023569025,1.4834357337871469,1.5058310446295804
2002-02-01,EUR/CHF,1.47749,0.20247170852459453,-3.79389941755034,1.475644478114478,1.4772913134972916,1.5009756279629134
2002-03-01,EUR/CHF,1.46782,-0.6544883552511399,-4.405420927051927,1.473271515151515,1.4733804801639583,1.4953386582659436
2002-04-01,EUR/CHF,1.4657857142857142,-0.13859231474469996,-4.112900647528549,1.4703652380952381,1.47113607022607,1.4900993098950168
2002-05-01,EUR/CHF,1.4572363636363634,-0.5832606066512903,-4.9695130084747445,1.463614025974026,1.4696292520442518,1.4837489311071375
2002-06-01,EUR/CHF,1.4721050000000002,1.0203311373958464,-3.309714003327858,1.4650423593073594,1.4691569372294373,1.4795497445992007
2002-07-01,EUR/CHF,1.4623913043478256,-0.6598507343005161,-3.3797564548856878,1.463910889328063,1.4671380637116507,1.4752868987493988
2002-08-01,EUR/CHF,1.4636272727272728,0.0845169398759773,-3.3498881065073696,1.4660411923583663,1.464827609166196,1.4710594613317438
2002-09-01,EUR/CHF,1.4648904761904764,0.08630636274287393,-1.769918145057704,1.4636363510885249,1.464339355197942,1.4688599176809503
2002-10-01,EUR/CHF,1.464973913043478,0.005695774145421981,-0.9652350776538289,1.4644972206537423,1.4642040549909028,1.4676700626084866
2002-11-01,EUR/CHF,1.4672857142857143,0.15780494257631728,0.06877563863252202,1.465716701173223,1.4658789467657944,1.4677540994050233
2002-12-01,EUR/CHF,1.467925,0.04356927270956422,-0.47553759289465,1.466728209109731,1.4651822800991277,1.4671696086642827
2003-01-01,EUR/CHF,1.4620909090909089,-0.39743794193102777,-0.8418852557561773,1.4657672077922077,1.465132214222975,1.4661351389673127
2003-02-01,EUR/CHF,1.4673850000000004,0.3620904060188179,-0.6839301788844315,1.465800303030303,1.4657585021017632,1.4652930556339792
2003-03-01,EUR/CHF,1.4694714285714285,0.1421868542630704,0.11250892966635127,1.4663157792207793,1.4665219941652552,1.4654306746815984
2003-04-01,EUR/CHF,1.496385,1.8315137610219492,2.087568831928276,1.477747142857143,1.4717571753246752,1.4679806151577888
2003-05-01,EUR/CHF,1.515542857142857,1.28027594120878,4.001169265430391,1.4937997619047618,1.4798000324675324,1.4728394896166634
2003-06-01,EUR/CHF,1.5411190476190477,1.6875926903451335,4.688119911218799,1.5176823015873016,1.4919990404040406,1.4785906602515844
2003-07-01,EUR/CHF,1.5476260869565217,0.42222820797180055,5.82845250483131,1.534762663906142,1.5062549033816426,1.485693558802309
2003-08-01,EUR/CHF,1.5399809523809522,-0.49399106412092014,5.216743434372102,1.542908695652174,1.518354228778468,1.4920563654401156
2003-09-01,EUR/CHF,1.5473863636363634,0.4808768085060869,5.631539612464531,1.544997800991279,1.5313400512892903,1.498931022727273
2003-10-01,EUR/CHF,1.5484869565217394,0.07112592635168433,5.700650553207691,1.5452847575130184,1.54002371070958,1.5058904430171278
2003-11-01,EUR/CHF,1.5590300000000001,0.680860980704859,6.252653100963887,1.551634440052701,1.5472715678524376,1.5135358001599848
2003-12-01,EUR/CHF,1.5544142857142855,-0.29606321146575826,5.891941735053603,1.5539770807453417,1.5494874408683106,1.5207432406361754
2004-01-01,EUR/CHF,1.5656666666666665,0.723898452027563,7.084084644241338,1.5597036507936508,1.5524942041533345,1.5293745537674883
2004-02-01,EUR/CHF,1.5734350000000004,0.4961677666596011,7.227142161055207,1.5645053174603174,1.558069878756509,1.5382120537674886
2004-03-01,EUR/CHF,1.5670434782608693,-0.40621453947135056,6.639941940504218,1.5687150483091787,1.56134606452726,1.5463430579082755
2004-04-01,EUR/CHF,1.554695,-0.7880112091448745,3.8967244392318725,1.5650578260869565,1.5623807384403037,1.5512022245749417
2004-05-01,EUR/CHF,1.5400380952380952,-0.9427511352326168,1.6162682552849226,1.5539255244996548,1.559215420979986,1.553243494416212
2004-06-01,EUR/CHF,1.5192,-1.3530895958046711,-1.4222812736570516,1.5379776984126987,1.5533463733609383,1.5514169071146247
2004-07-01,EUR/CHF,1.527036363636364,0.5158217243525449,-1.3304068401075082,1.5287581529581533,1.5469079895225548,1.5497010968379445
2004-08-01,EUR/CHF,1.5387409090909088,0.7664876707109004,-0.08052328752029282,1.5283257575757576,1.5411256410377063,1.5495977598971076
2004-09-01,EUR/CHF,1.5431045454545453,0.28358486720253734,-0.27671293236394856,1.5362939393939392,1.5371358189033193,1.5492409417152897
2004-10-01,EUR/CHF,1.5426047619047618,-0.03238818466679514,-0.37986723699567737,1.5414834054834052,1.5351207792207793,1.5487507588305416
2004-11-01,EUR/CHF,1.5216454545454545,-1.3586958809479732,-2.397936245905827,1.5357849206349208,1.532055339105339,1.5456353800426623
2004-12-01,EUR/CHF,1.536382608695652,0.9685011778647066,-1.1600303203819038,1.5335442750486228,1.534919107221281,1.5441327402911098
2005-01-01,EUR/CHF,1.54687619047619,0.6830057643939894,-1.2001581556616865,1.5349680845724325,1.5382257450279189,1.542566867275237
2005-02-01,EUR/CHF,1.5501099999999999,0.20905419216610413,-1.4824253941218086,1.544456266390614,1.5401205935127675,1.5406231172752367
2005-03-01,EUR/CHF,1.5493809523809523,-0.04703199250682685,-1.127124175234702,1.5487890476190473,1.541166661333835,1.5391512401185772
2005-04-01,EUR/CHF,1.5474571428571429,-0.1241663337123835,-0.46554836433236574,1.5489826984126982,1.5419753914925654,1.5385480853566724
2005-05-01,EUR/CHF,1.54485,-0.1684791639740741,0.31245361895810203,1.547229365079365,1.5458428157349895,1.5389490774201644
2005-06-01,EUR/CHF,1.5391045454545453,-0.3719101883972373,1.3101991478768582,1.5438038961038962,1.5462964718614716,1.5406077895413766
2005-07-01,EUR/CHF,1.5578285714285716,1.2165532243617954,2.0164685350964042,1.5472610389610388,1.5481218686868685,1.5431738068573937
2005-08-01,EUR/CHF,1.5528347826086955,-0.32056086988420485,0.9159354531045367,1.5499226331639375,1.5485759991216514,1.5443482963172093
2005-09-01,EUR/CHF,1.5495909090909092,-0.20890010670270043,0.4203450540969823,1.5534180877093922,1.5486109919066442,1.5448888266202394
2005-10-01,EUR/CHF,1.5489714285714284,-0.039977036251730776,0.4127218341271852,1.5504657067570111,1.548863372859025,1.5454193821757949
2005-11-01,EUR/CHF,1.5448681818181818,-0.2649013840772388,1.5261588830273418,1.5478101731601732,1.5488664031620551,1.5473546094485222
2005-12-01,EUR/CHF,1.5478619047619047,0.19378500890603792,0.7471638901196792,1.5472338383838382,1.550325963046615,1.5483112174540434
2006-01-01,EUR/CHF,1.5494227272727272,0.10083732315013316,0.16462447429313865,1.5473842712842714,1.5489249890206411,1.5485234288537548
2006-02-01,EUR/CHF,1.55803,0.5555148105012763,0.5109314822819122,1.5517715440115438,1.5497908585858584,1.5491834288537547
2006-03-01,EUR/CHF,1.5690782608695648,0.709117338534225,1.2713018356359305,1.5588436627140974,1.5530387505489678,1.5508248712278059
2006-04-01,EUR/CHF,1.5748333333333333,0.36678046005041853,1.7691081528529118,1.5673138647342995,1.5573490680092856,1.5531062204341552
2006-05-01,EUR/CHF,1.5564,-1.170494232193881,0.7476454024662555,1.566770531400966,1.5592710377062549,1.5540687204341552
2006-06-01,EUR/CHF,1.5601272727272728,0.23948038597229512,1.3659063859446148,1.5637868686868686,1.5613152657004832,1.5558206143735491
2006-07-01,EUR/CHF,1.5686714285714285,0.5476576170109231,0.6960237693492638,1.5617329004329006,1.5645233825836,1.5567241858021204
2006-08-01,EUR/CHF,1.577526086956522,0.5644686467680049,1.5900792939701023,1.5687749294184077,1.567772730409687,1.5587817944977729
2006-09-01,EUR/CHF,1.5840571428571426,0.414006205958903,2.22421502114087,1.5767515527950309,1.5702692107409497,1.5616539806449588
2006-10-01,EUR/CHF,1.5898,0.3625410338732591,2.635850518316317,1.5837944099378882,1.5727636551853943,1.56505636159734
2006-11-01,EUR/CHF,1.5922318181818178,0.15296378046406478,3.0658691091619854,1.58869632034632,1.5787356248823639,1.5690033312943097
2006-12-01,EUR/CHF,1.5969263157894735,0.29483757038698094,3.1698183718214876,1.5929860446570971,1.584868798726064,1.5730920322132738
2007-01-01,EUR/CHF,1.6154545454545457,1.160243242401097,4.2617045057836975,1.6015375598086123,1.5926659848732505,1.5785946837284255
2007-02-01,EUR/CHF,1.621165,0.3534890264490543,4.0522326270996025,1.6111819537480063,1.5999391370471632,1.5838559337284253
2007-03-01,EUR/CHF,1.612413636363636,-0.5398194283964841,2.7618364599644214,1.616344393939394,1.6046652192982453,1.5874672150195976
2007-04-01,EUR/CHF,1.637463157894737,1.553541905512117,3.976917635394453,1.6236805980861242,1.6126090789473684,1.5926863670663813
2007-05-01,EUR/CHF,1.6505909090909088,0.801712767269218,6.051844583070468,1.6334892344497607,1.6223355940988835,1.6005356094906238
2007-06-01,EUR/CHF,1.6542619047619047,0.22240493696998484,6.0337790179178326,1.6474386572491835,1.6318915255942887,1.6083801621601763
2007-07-01,EUR/CHF,1.656709090909091,0.14793220711556054,5.612243630767045,1.6538539682539681,1.6387672831700462,1.6157166340216484
2007-08-01,EUR/CHF,1.6382652173913044,-1.113283775588252,3.850277401875791,1.6497454043541,1.6416173194019301,1.6207782282245466
2007-09-01,EUR/CHF,1.6474500000000003,0.5606407626306893,4.001929944807221,1.6474747694334653,1.6474567133413245,1.6260609663197847
2007-10-01,EUR/CHF,1.670621739130435,1.4065215411960716,5.083767714834249,1.6521123188405797,1.6529831435472742,1.6327961112473213
2007-11-01,EUR/CHF,1.648540909090909,-1.3217133191993093,3.536488234068258,1.655537549407115,1.6526414768806077,1.6374885354897453
2007-12-01,EUR/CHF,1.6591526315789473,0.643703922027042,3.896630368866514,1.659438426600097,1.6534565980167812,1.642674061805535
2008-01-01,EUR/CHF,1.6203227272727274,-2.3403455213922717,0.30135059088350513,1.6426720893141944,1.6473922040773872,1.6430797436237168
2008-02-01,EUR/CHF,1.6080380952380953,-0.7581595831411454,-0.8097204641048075,1.6291711513632567,1.6423543503851858,1.641985834893558
2008-03-01,EUR/CHF,1.572036842105263,-2.2388308610003205,-2.5041213586751847,1.6001325548720284,1.6297854907360627,1.6386211020386938
2008-04-01,EUR/CHF,1.5963863636363635,1.5489154502569886,-2.5085629597422674,1.5921537669932408,1.6174129281537173,1.6351980358504958
2008-05-01,EUR/CHF,1.624709523809524,1.774204592216878,-1.5680072596328218,1.5977109098503834,1.61344103060682,1.6330412537437138
2008-06-01,EUR/CHF,1.613919047619048,-0.66414802352947,-2.438722491688115,1.611671645021645,1.6059020999468367,1.629679348981809
2008-07-01,EUR/CHF,1.6192565217391304,0.330715107920476,-2.2606605695275737,1.619295031055901,1.6057243990245709,1.6265583015509792
2008-08-01,EUR/CHF,1.6211904761904763,0.11943471743864247,-1.0422452371916366,1.618122015182885,1.607916462516634,1.6251354064509105
2008-09-01,EUR/CHF,1.5942272727272728,-1.6631730730717367,-3.2306125996374684,1.61155809021896,1.6116148676203021,1.6207001791781828
2008-10-01,EUR/CHF,1.519404347826087,-4.693366258449769,-9.051563723997582,1.5782740322479454,1.598784531651923,1.6080987299028202
2008-11-01,EUR/CHF,1.5161700000000002,-0.21286945971389234,-8.029579876419618,1.5432672068511202,1.5806946110170026,1.597067820811911
2008-12-01,EUR/CHF,1.5393380952380955,1.5280671189968975,-7.221429424900423,1.5249708143547276,1.5682644522868436,1.58708327611684
2009-01-01,EUR/CHF,1.493466666666667,-2.9799449980047075,-7.8290613635704736,1.516324920634921,1.547299476441433,1.5765119377330021
2009-02-01,EUR/CHF,1.4904350000000002,-0.20299526827962447,-7.313452062258643,1.5077465873015876,1.5255068970763537,1.5667116797964942
2009-03-01,EUR/CHF,1.5083272727272723,1.2004731992520383,-4.0526766085628925,1.4974096464646465,1.511190230409687,1.5614025490149945
2009-04-01,EUR/CHF,1.5146549999999999,0.4195195158996316,-5.119773351746135,1.5044724242424241,1.5103986724386724,1.5545916020452977
2009-05-01,EUR/CHF,1.51178,-0.18981220145841537,-6.950751636189925,1.511587424242424,1.5096670057720056,1.5451808083945042
2009-06-01,EUR/CHF,1.5148181818181818,0.20096719219608278,-6.140386405815443,1.5137510606060605,1.5055803535353534,1.5369224029110986
2009-07-01,EUR/CHF,1.520217391304348,0.35642623985973326,-6.116333583045347,1.5156051910408432,1.5100388076416336,1.5286691420415333
2009-08-01,EUR/CHF,1.5236142857142856,0.22344793773363456,-6.0187986488471275,1.519549952945605,1.5155686885940147,1.5205377928351842
2009-09-01,EUR/CHF,1.5147727272727278,-0.5803016238727868,-4.98389074216631,1.5195348014304537,1.516642931018257,1.513916580713972
2009-10-01,EUR/CHF,1.5138318181818184,-0.06211552888223967,-0.36675751601221657,1.517406277056277,1.5165057340485602,1.5134522032436164
2009-11-01,EUR/CHF,1.5104809523809521,-0.22134993865374308,-0.37522491666818975,1.5130284992784995,1.5162892261120522,1.512978115942029
2009-12-01,EUR/CHF,1.5020499999999999,-0.5581634358025275,-2.4223460299881765,1.5087875901875902,1.514161195809022,1.509870774672188
2010-01-01,EUR/CHF,1.476515,-1.7000099863519766,-1.1350549058119979,1.4963486507936505,1.5068774639249638,1.5084581357832987
2010-02-01,EUR/CHF,1.4671249999999998,-0.6359569662346967,-1.563972934076319,1.4818966666666664,1.497462582972583,1.506515635783299
2010-03-01,EUR/CHF,1.4482434782608693,-1.2869743027438354,-3.983471992637438,1.4639611594202897,1.4863743748039397,1.5015086529110986
2010-04-01,EUR/CHF,1.433685,-1.0052507385258056,-5.345771809421933,1.449684492753623,1.4730165717736368,1.4947611529110987
2010-05-01,EUR/CHF,1.4181095238095236,-1.0863945839202127,-6.196038854229869,1.4333460006901309,1.4576213336783985,1.4869552798952252
2010-06-01,EUR/CHF,1.3767454545454547,-2.9168458831692314,-9.114805257156565,1.4095133261183264,1.436737242769308,1.4754492192891648
2010-07-01,EUR/CHF,1.3460272727272728,-2.2312172316794583,-11.458237458237457,1.3802940836940838,1.4149892882238533,1.4609333760744085
2010-08-01,EUR/CHF,1.3413181818181819,-0.3498510769064584,-11.964714797265207,1.3546969696969697,1.3940214851935504,1.4457420340830665
2010-09-01,EUR/CHF,1.3088772727272728,-2.418584160764507,-13.592498124531158,1.3320742424242427,1.3707937842712845,1.4285840795376121
2010-10-01,EUR/CHF,1.3452428571428572,2.7783800034827064,-11.136571382245377,1.3318127705627705,1.3560534271284272,1.414534999451032
2010-11-01,EUR/CHF,1.3442000000000003,-0.07752184948016086,-11.008477274661775,1.3327733766233767,1.3437351731601732,1.4006782534192859
2010-12-01,EUR/CHF,1.2810695652173913,-4.696506084110172,-14.711922691162648,1.3235041407867498,1.327789191605496,1.382263217187402
2011-01-01,EUR/CHF,1.2779428571428573,-0.24407012385806634,-13.448704744424727,1.3010708074534163,1.3164417890080935,1.3657155386159732
2011-02-01,EUR/CHF,1.2973599999999998,1.5194061885172379,-11.571270341654595,1.2854574741200828,1.3091154253717299,1.3515684552826401
2011-03-01,EUR/CHF,1.2866608695652173,-0.8246847779168885,-11.157143886447141,1.2873212422360247,1.3054126915113873,1.338103237891336
2011-04-01,EUR/CHF,1.297736842105263,0.8608307598402769,-9.482428699103151,1.2939192372234933,1.297495022338455,1.326774224733441
2011-05-01,EUR/CHF,1.2537227272727274,-3.3916055554940927,-11.591967600301949,1.279373479647736,1.2824154768839093,1.3130753250220413
2011-06-01,EUR/CHF,1.2091727272727273,-3.5534172772724206,-12.1716564757465,1.2535440988835724,1.2704326705597986,1.2991109310826474
2011-07-01,EUR/CHF,1.176590476190476,-2.694590305203141,-12.58791704818061,1.2131619769119768,1.253540607067735,1.2849911980379143
2011-08-01,EUR/CHF,1.120282608695652,-4.785681053371733,-16.47898135719833,1.1686819373862851,1.2240277085170106,1.2665715669443702
2011-09-01,EUR/CHF,1.2005272727272727,7.1628947382348125,-8.278087048928136,1.165800119204467,1.2096721090440197,1.2575424002777036
2011-10-01,EUR/CHF,1.2295333333333334,2.416110093039935,-8.601385481821303,1.183447738252086,1.1983048575820316,1.2478999399602433
2011-11-01,EUR/CHF,1.2307409090909092,0.09821415368235613,-8.440640597313726,1.2202671717171718,1.1944745545517284,1.2384450157178188
2011-12-01,EUR/CHF,1.227552380952381,-0.25907387289851525,-4.177539277964877,1.2292755411255412,1.1975378301650041,1.2339852503624014
2012-01-01,EUR/CHF,1.2107863636363634,-1.3658087081391888,-5.2550466659079005,1.2230265512265512,1.2032371447393186,1.2283888759035266
2012-02-01,EUR/CHF,1.207057142857143,-0.3079998991746436,-6.9605088135025595,1.2151319624819623,1.2176995670995672,1.2208636378082889
2012-03-01,EUR/CHF,1.2060863636363637,-0.0804252910911497,-6.262295515063034,1.2079766233766234,1.2186260822510822,1.2141490956475511
2012-04-01,EUR/CHF,1.2023263157894737,-0.3117561030665669,-7.352070405969902,1.20515660742766,1.2140915793271057,1.2061982184545688
2012-05-01,EUR/CHF,1.2012363636363637,-0.09065360533129008,-4.186441108118012,1.2032163476874003,1.2091741550846813,1.201824354818205
2012-06-01,EUR/CHF,1.201061904761905,-0.014523276162772034,-0.6707745161533729,1.2015415280625807,1.204759075719602,1.201148452942303
2012-07-01,EUR/CHF,1.201068181818182,0.0005226255409563087,2.0803929764040925,1.2011221500721503,1.2031393787499052,1.203188261744612
2012-08-01,EUR/CHF,1.2011130434782613,0.003735146826661321,7.215182504414693,1.2010810433527828,1.2021486955200915,1.2099241313098295
2012-09-01,EUR/CHF,1.20886,0.6449814664658535,0.6940889609111238,1.2036804084321477,1.2026109682473642,1.2106185252492234
2012-10-01,EUR/CHF,1.2097565217391306,0.07416257789409637,-1.6084811251588202,1.2065765217391307,1.2038493359056404,1.2089704576163733
2012-11-01,EUR/CHF,1.2051636363636364,-0.3796536983236518,-2.0782012313351528,1.207926719367589,1.2045038813601858,1.2068390182224336
2012-12-01,EUR/CHF,1.2091105263157893,0.32749826107115987,-1.502327307799588,1.2080102281395186,1.205845318285833,1.2053021970027176
2013-01-01,EUR/CHF,1.228781818181818,1.626922554877421,1.4862617457475085,1.2143519936204146,1.2104642576797726,1.2068018182148388
2013-02-01,EUR/CHF,1.2297799999999999,0.08123344628087596,1.8825005325821684,1.222557448165869,1.215242083766729,1.2086953896434103
2013-03-01,EUR/CHF,1.226595,-0.2589894127404716,1.7004285084363826,1.228385606060606,1.2181979171000623,1.2104044426737135
2013-04-01,EUR/CHF,1.2198857142857147,-0.5469845967320441,1.460451980934237,1.2254202380952381,1.2198861158578262,1.2118677258817334
2013-05-01,EUR/CHF,1.2418409090909088,1.7997747287375747,3.380229460555767,1.2294405411255411,1.225998994645705,1.2152514380029455
2013-06-01,EUR/CHF,1.232245,-0.7727164583371223,2.5962937559223116,1.2313238744588746,1.2298547402597404,1.2178500292727867
2013-07-01,EUR/CHF,1.2365869565217393,0.35236146397342233,2.9572654776174967,1.236890955204216,1.231155596649727,1.22080992716475
2013-08-01,EUR/CHF,1.2337681818181816,-0.22794795697072207,2.718739798658369,1.2342000461133071,1.231820293619424,1.2235311886930766
2013-09-01,EUR/CHF,1.2338333333333336,0.005280693416485223,2.065858191464149,1.2347294905577515,1.233026682508313,1.2256122998041876
2013-10-01,EUR/CHF,1.2316391304347825,-0.17783624734981227,1.808844036169665,1.2330802151954325,1.2349855851998244,1.2274358505288252
2013-11-01,EUR/CHF,1.231642857142857,0.00030258116866302165,2.1971473400173993,1.232371773636991,1.233285909875149,1.229642452260427
2013-12-01,EUR/CHF,1.2244599999999999,-0.5831931798410962,1.2694847452020017,1.2292473291925463,1.231988409875149,1.2309215750674447
2014-01-01,EUR/CHF,1.2316909090909092,0.5905386121971554,0.23674592723024385,1.2292645887445885,1.2311724019700108,1.2311639993098689
2014-02-01,EUR/CHF,1.2212349999999998,-0.8489068981297146,-0.6948397274309247,1.225795303030303,1.2290835383336471,1.2304519159765357
2014-03-01,EUR/CHF,1.2176666666666665,-0.29219055573525127,-0.727895787389778,1.2235308585858584,1.2263890938892024,1.2297078881987578
2014-04-01,EUR/CHF,1.2189450000000002,0.10498220640572525,-0.07711495222036742,1.2192822222222222,1.2242734054834052,1.229629495341615
2014-05-01,EUR/CHF,1.2204380952380953,0.12249077998557395,-1.7234746976149677,1.2190165873015875,1.2224059451659453,1.227845927520547
2014-06-01,EUR/CHF,1.2181142857142855,-0.19040781608480412,-1.146745516168826,1.2191657936507936,1.221348326118326,1.2266683679967374
2014-07-01,EUR/CHF,1.2149956521739131,-0.2560214240114273,-1.7460401174340394,1.2178493443754312,1.2185657832988268,1.2248690926344188
2014-08-01,EUR/CHF,1.211795238095238,-0.26340950874588925,-1.7809621002352765,1.2149683919944787,1.2169924896480333,1.2230380139908401
2014-09-01,EUR/CHF,1.2075681818181818,-0.34882595212211026,-2.128743875333114,1.211453024029111,1.2153094088399523,1.2208492513645772
2014-10-01,EUR/CHF,1.207813043478261,0.02027725338957849,-1.9345022716280997,1.2090588211305604,1.2134540827529958,1.2188637441182004
2014-11-01,EUR/CHF,1.2027299999999999,-0.4208468773961084,-2.347503334686543,1.2060370750988143,1.2105027335466465,1.2164543393562959
2014-12-01,EUR/CHF,1.2025666666666668,-0.013580216119417584,-1.787999063532749,1.2043699033816424,1.2079114637053767,1.2146298949118515
2015-01-01,EUR/CHF,1.0940476190476194,-9.023952736013033,-11.175148653559685,1.1664480952380953,1.1877534581843279,1.2031596207415773
2015-02-01,EUR/CHF,1.0618349999999999,-2.9443525571273543,-13.052360929714593,1.1194830952380952,1.1627600851684547,1.189876287408244
2015-03-01,EUR/CHF,1.0608090909090908,-0.09661662037030704,-12.881815693203585,1.07223056998557,1.1383002366836061,1.1768048227617796
2015-04-01,EUR/CHF,1.0379399999999999,-2.155815886673127,-14.8493164170656,1.05352803030303,1.1099880627705627,1.1617210727617795
2015-05-01,EUR/CHF,1.039125,0.11416844904331791,-14.85639426903688,1.0459580303030303,1.082720562770563,1.1466116481586048
2015-06-01,EUR/CHF,1.0454772727272725,0.6113097776756844,-14.172480777185942,1.0408474242424244,1.0565389971139971,1.1322252304096871
2015-07-01,EUR/CHF,1.0491782608695654,0.3539998657874575,-13.647570755307756,1.044593511198946,1.049060770750988,1.118407114467658
2015-08-01,EUR/CHF,1.0777,2.7184836165777644,-11.065833061534027,1.0574518445322794,1.0517049374176548,1.1072325112930548
2015-09-01,EUR/CHF,1.0912863636363637,1.260681417496851,-9.629420510793667,1.0727215415019764,1.0567844828722004,1.097542359777903
2015-10-01,EUR/CHF,1.0882272727272726,-0.28031972276255906,-9.901016667828426,1.0857378787878789,1.0651656949934123,1.0875768788819877
2015-11-01,EUR/CHF,1.0832904761904762,-0.45365491754529774,-9.930701305324023,1.087601370851371,1.0725266076918252,1.0776235852311942
2015-12-01,EUR/CHF,1.0826772727272729,-0.05660563594722778,-9.969459262637738,1.084731673881674,1.0787266076918252,1.0676328024029114
2016-01-01,EUR/CHF,1.094085,1.0536590690585883,0.0034167573449074467,1.0866842496392497,1.0862110642135643,1.0676359174822763
2016-02-01,EUR/CHF,1.1018047619047617,0.7055906903724808,3.7642159002822355,1.0928556782106782,1.0902285245310246,1.0709667309743398
2016-03-01,EUR/CHF,1.0919809523809523,-0.8916107339041082,2.9384987118792356,1.0959569047619047,1.0903442893217894,1.0735643860969948
2016-04-01,EUR/CHF,1.0929666666666669,0.09026845052245104,5.301526742072471,1.095584126984127,1.0911341883116883,1.0781499416525502
2016-05-01,EUR/CHF,1.1058636363636365,1.1799966174908927,6.422580186564312,1.0969370851370852,1.094896381673882,1.0837114946828534
2016-06-01,EUR/CHF,1.0893499999999996,-1.4932796251387714,4.196430512380147,1.096060101010101,1.0960085028860027,1.0873675552889142
2016-07-01,EUR/CHF,1.0866571428571428,-0.2471985259886016,3.5722129770888107,1.0939569264069264,1.0947705266955265,1.0904907954545455
2016-08-01,EUR/CHF,1.0881130434782604,0.13397975899644615,0.9662284010634064,1.088040062111801,1.0924885736244432,1.0913585490777338
2016-09-01,EUR/CHF,1.0918727272727269,0.34552327232915536,0.05373141788460994,1.08888097120271,1.0924705361064055,1.0914074127140976
2016-10-01,EUR/CHF,1.0886666666666667,-0.2936295161495875,0.04037703799619732,1.0895508124725513,1.0917538694397388,1.0914440288757137
2016-11-01,EUR/CHF,1.07575,-1.1864666258420105,-0.6960714929381889,1.085429797979798,1.0867349300457996,1.0908156558598407
2016-12-01,EUR/CHF,1.0750285714285714,-0.0670628465190369,-0.7064617953450054,1.0798150793650796,1.0843480252838948,1.0901782640849487
2017-01-01,EUR/CHF,1.0713499999999998,-0.34218359644928364,-2.0779921121302434,1.074042857142857,1.0817968348077043,1.0882836807516154
2017-02-01,EUR/CHF,1.06597,-0.5021701591449778,-3.252369489020156,1.0707828571428573,1.0781063275613276,1.0852974505928852
2017-03-01,EUR/CHF,1.0706434782608696,0.4384249332410388,-1.9540152301703175,1.0693211594202898,1.0745681193926846,1.083519327749545
2017-04-01,EUR/CHF,1.0726500000000003,0.18741268964623883,-1.85885510384579,1.0697544927536233,1.0718986749482402,1.0818262721939895
2017-05-01,EUR/CHF,1.0904045454545452,1.6552039765575823,-1.397920177565899,1.0778993412384716,1.0743410991906643,1.080538014618232
2017-06-01,EUR/CHF,1.0873909090909093,-0.2763778247439054,-0.179840355174214,1.0834818181818182,1.076401488801054,1.0803747570424742
2017-07-01,EUR/CHF,1.1059285714285716,1.7047836415296433,1.7734598900954672,1.0945746753246752,1.0821645840391494,1.0819807094234266
2017-08-01,EUR/CHF,1.1397782608695652,3.0607482540457984,4.748147970559369,1.1110325804630155,1.0944659608507434,1.0862861442060356
2017-09-01,EUR/CHF,1.146995238095238,0.6331913384772495,5.048437372384577,1.130900690131125,1.1071912541564715,1.0908796867745782
2017-10-01,EUR/CHF,1.154559090909091,0.6594493649698162,6.052580303958147,1.1471108632912979,1.1208427693079868,1.0963707221281134
2017-11-01,EUR/CHF,1.1639727272727274,0.8153447006531404,8.201043669321626,1.1551756854256856,1.1331041329443503,1.1037226160675073
2017-12-01,EUR/CHF,1.1689368421052633,0.42648033894807613,8.735420915548328,1.1624895534290272,1.146695121780076,1.111548305290565
2018-01-01,EUR/CHF,1.1722954545454547,0.2873219766212979,9.422266723802204,1.1684016746411485,1.1577562689662233,1.1199604265026863
2018-02-01,EUR/CHF,1.1542350000000001,-1.5406060371066888,8.280251789449986,1.1651557655502394,1.1601657254879625,1.127315843169353
2018-03-01,EUR/CHF,1.1684523809523812,1.2317579134561956,9.135525006922972,1.1649942784992786,1.1637419159641529,1.1354665850603123
2018-04-01,EUR/CHF,1.18899,1.7576770249617673,10.846035519507726,1.1705591269841271,1.1694804008126376,1.1451615850603123
2018-05-01,EUR/CHF,1.1779636363636363,-0.9273722770051612,8.029963858284473,1.1784686724386726,1.171812218994456,1.152458175969403
2018-06-01,EUR/CHF,1.1562047619047622,-1.8471601148948538,6.3283454219222115,1.1743861327561327,1.1696902056277056,1.1581926637038908
2018-07-01,EUR/CHF,1.1622045454545455,0.5189205015813259,5.0885722170356855,1.1654576479076482,1.1680083874458875,1.1628823282060552
2018-08-01,EUR/CHF,1.1413000000000004,-1.7986976162074138,0.13351185776031665,1.153236435786436,1.1658525541125544,1.1630091398002584
2018-09-01,EUR/CHF,1.128575,-1.1149566284062309,-1.605955934553616,1.1440265151515152,1.159206323953824,1.1614741199589884
2018-10-01,EUR/CHF,1.1413217391304349,1.1294543234109191,-1.1465287383630713,1.1370655797101452,1.1512616138088967,1.160371007310767
2018-11-01,EUR/CHF,1.1377045454545456,-0.3169302355219504,-2.2567695275584385,1.1358670948616603,1.144551765324048,1.158181992159252
2018-12-01,EUR/CHF,1.1292894736842105,-0.7396535246304222,-3.3917459860061885,1.136105252756397,1.1400658839539561,1.154878044790831
2019-01-01,EUR/CHF,1.1297,0.0363526204180501,-3.6335084624183507,1.1322313397129184,1.134648459711532,1.1513284235787096
2019-02-01,EUR/CHF,1.1367600000000002,0.6249446755776126,-1.513989785442298,1.1319164912280704,1.1338917930448653,1.1498721735787096
2019-03-01,EUR/CHF,1.131052380952381,-0.5020953453340453,-3.200815078960801,1.1325041269841272,1.1343046898702622,1.146755506912043
2019-04-01,EUR/CHF,1.131945,0.07891933765856592,-4.797769535488104,1.1332524603174603,1.1327419000151895,1.142001756912043
2019-05-01,EUR/CHF,1.1303818181818182,-0.13809697628257775,-4.039328270667407,1.1311263997113998,1.1315214454697349,1.1380366053968916
2019-06-01,EUR/CHF,1.116705,-1.2099290666066096,-3.4163292875294142,1.1263439393939394,1.1294240331890333,1.1347449585714946
2019-07-01,EUR/CHF,1.1075652173913044,-0.8184598984239915,-4.701352122304025,1.1182173451910409,1.1257349027542505,1.1301916812328914
2019-08-01,EUR/CHF,1.0892136363636364,-1.656930060596544,-4.563774961566982,1.1044946179183137,1.1178105088148567,1.125851150929861
2019-09-01,EUR/CHF,1.0903095238095237,0.10061271813910937,-3.3906010845957404,1.0956961258548215,1.1110200326243804,1.1226623612473212
2019-10-01,EUR/CHF,1.0980739130434785,0.7121270670759692,-3.7892755919909713,1.0925323577388795,1.1053748514649602,1.1190583757400747
2019-11-01,EUR/CHF,1.0977619047619047,-0.028414142059796393,-3.5108096255941947,1.0953817805383024,1.0999381992283082,1.1157298223490215
2019-12-01,EUR/CHF,1.092525,-0.47705287815034797,-3.255540279169484,1.0961202726017945,1.095908199228308,1.1126661162086706
2020-01-01,EUR/CHF,1.07645,-1.4713622113910494,-4.713640789590158,1.0889123015873017,1.0907223296630904,1.1082286162086705
2020-02-01,EUR/CHF,1.06478,-1.0841190951739375,-6.332031387452069,1.077918333333333,1.0866500569358177,1.1022302828753372
2020-03-01,EUR/CHF,1.0591136363636366,-0.5321628539570065,-6.360337133826609,1.0667812121212121,1.0814507423615032,1.096235387492942
2020-04-01,EUR/CHF,1.054465,-0.4389176197935945,-6.844855536267221,1.059452878787879,1.07418259018759,1.0897787208262752
2020-05-01,EUR/CHF,1.0574299999999996,0.2811852455984468,-6.453732447604217,1.057002878787879,1.067460606060606,1.0836994026444573
2020-06-01,EUR/CHF,1.0712409090909092,1.3060825861673628,-4.071271366125419,1.0610453030303029,1.0639132575757575,1.0799107284020328
2020-07-01,EUR/CHF,1.071108695652174,-0.012342082683096205,-3.291591426552559,1.0665932015810276,1.0630230401844531,1.076872684923772
2020-08-01,EUR/CHF,1.076742857142857,0.526012113761475,-1.1449341804435544,1.0730308206286467,1.0650168497082628,1.0758334533220404
2020-09-01,EUR/CHF,1.078568181818182,0.16952280325950284,-1.0768815400527396,1.075473244871071,1.068259273950687,1.0748550081560952
2020-10-01,EUR/CHF,1.073909090909091,-0.4319699938892237,-2.2006553336114743,1.07640670995671,1.0714999557688687,1.0728412729782295
2020-11-01,EUR/CHF,1.0785238095238097,0.4297122218056897,-1.752483407799402,1.0770003607503609,1.0750155906895038,1.0712380983750551
2020-12-01,EUR/CHF,1.0813909090909093,0.2658355375914707,-1.0191154352614977,1.07794126984127,1.0767072573561705,1.070310257465964
2021-01-01,EUR/CHF,1.079365,-0.18734290013705593,0.27079752891448755,1.0797599062049061,1.078083308080808,1.0705531741326306
2021-02-01,EUR/CHF,1.0857649999999999,0.5929412200692038,1.9708296549521787,1.0821736363636363,1.0795869985569986,1.0723019241326308
2021-03-01,EUR/CHF,1.1064695652173913,1.9069103551313031,4.47127930637798,1.090533188405797,1.0842372291235336,1.0762482515371103
2021-04-01,EUR/CHF,1.1031300000000002,-0.30182169689728067,4.61513658585161,1.0984548550724638,1.089107380638685,1.0803036682037768
2021-05-01,EUR/CHF,1.0968285714285713,-0.5712317289375596,3.7258798623617286,1.102142712215321,1.0921581742894786,1.0835868824894912
2021-06-01,EUR/CHF,1.0939999999999999,-0.25788637370079737,2.1245539370228865,1.0979861904761905,1.094259689440994,1.085483473398582
2021-07-01,EUR/CHF,1.0855954545454547,-0.7682399867043113,1.3525012869454858,1.092141341991342,1.095298098531903,1.0866907033063555
2021-08-01,EUR/CHF,1.0761772727272727,-0.8675590689651,-0.05252734316576554,1.0852575757575758,1.0937001439864484,1.0866435712717235
2021-09-01,EUR/CHF,1.0857318181818179,0.8878226382101346,0.6641802052383756,1.0825015151515152,1.0902438528138527,1.0872405409686932
2021-10-01,EUR/CHF,1.0708190476190478,-1.3735224770093974,-0.28773788360682784,1.077576046176046,1.084858694083694,1.0869830373611897
2021-11-01,EUR/CHF,1.0522454545454545,-1.7345221038878083,-2.4365113450724474,1.0695987734487735,1.0774281746031746,1.0847931744463268
2021-12-01,EUR/CHF,1.040813043478261,-1.086477591117943,-3.752377171984997,1.0546258485475877,1.0685636818495514,1.081411685645273
2022-01-01,EUR/CHF,1.0400761904761904,-0.07079590390298501,-3.6399929147053625,1.0443782294999686,1.0609771378380073,1.0781376181849553
2022-02-01,EUR/CHF,1.0461449999999999,0.5834966302834939,-3.649040077733211,1.0423447446514837,1.0559717590501287,1.0748359515182886
2022-03-01,EUR/CHF,1.0245391304347828,-2.065284407535957,-7.404671340102456,1.0369201069703244,1.0457729777589562,1.0680084152864042
2022-04-01,EUR/CHF,1.0210894736842104,-0.3367032696065476,-7.437067826619684,1.0305912013729979,1.0374847154364832,1.0611717047600886
2022-05-01,EUR/CHF,1.035459090909091,1.4072828674879345,-5.59517522775224,1.027029231676028,1.034686988163756,1.0560575813834652
2022-06-01,EUR/CHF,1.0244727272727272,-1.0610137795707861,-6.355326574704997,1.0270070972886762,1.0319636021295002,1.050263641989526
2022-07-01,EUR/CHF,0.9875857142857141,-3.600585160057009,-9.028201053105725,1.0158391774891775,1.0232151894310875,1.0420961636345474
2022-08-01,EUR/CHF,0.9690391304347827,-1.877972066895016,-9.95543624713223,0.9936991906644078,1.010364211170218,1.0331679851101734
2022-09-01,EUR/CHF,0.9639636363636364,-0.5237656469939597,-11.215309322158049,0.973529493694711,1.0002682954916935,1.023020636625325
2022-10-01,EUR/CHF,0.9790523809523812,1.565281512657905,-8.569764132484247,0.9706850492502669,0.993262113369722,1.0153734144031028
2022-11-01,EUR/CHF,0.9841545454545454,0.5211329446133405,-6.471010047776617,0.975723520923521,0.9847113557939644,1.0096991719788604
2022-12-01,EUR/CHF,0.9864904761904763,0.23735405650664101,-5.219243516227066,0.9832324675324676,0.9783809806135894,1.0051722913715448
2023-01-01,EUR/CHF,0.996090909090909,0.9731906320582743,-4.229044159269049,0.9889119769119769,0.9797985130811218,1.0015068512561047
2023-02-01,EUR/CHF,0.990485,-0.5627909099205974,-5.3204861658756615,0.9910221284271284,0.9833728246753246,0.9968685179227714
2023-03-01,EUR/CHF,0.9907869565217393,0.030485723836238415,-3.2943762624976696,0.9924542885375495,0.9878433780350084,0.9940558367633511
2023-04-01,EUR/CHF,0.984561111111111,-0.6283737759815485,-3.5773909647017343,0.9886110225442835,0.9887614997281301,0.9910118065489262
2023-05-01,EUR/CHF,0.9750636363636365,-0.964640451495825,-5.832722420006939,0.9834705679988289,0.9872463482129786,0.9859788520034716
2023-06-01,EUR/CHF,0.9763999999999999,0.1370539918140369,-4.692436020303127,0.9786749158249158,0.9855646021812327,0.9819727913974109
2023-07-01,EUR/CHF,0.9663142857142857,-1.0329490255749953,-2.1538817607151457,0.9725926406926407,0.980601831618462,0.9802001723497918
2023-08-01,EUR/CHF,0.9587521739130436,-0.782572700521788,-1.0615625518779284,0.9671554865424431,0.975313027270636,0.9793429259729803
2023-09-01,EUR/CHF,0.9599952380952381,0.12965437951719272,-0.41167510046003764,0.9616872325741891,0.9701810741995525,0.9790122261172804
2023-10-01,EUR/CHF,0.954731818181818,-0.5482756272691008,-2.484092091876151,0.9578264100633666,0.9652095253780036,0.9769855125530671
2023-11-01,EUR/CHF,0.9634454545454545,0.9126789531567827,-2.1042519190444953,0.9593908369408369,0.96327316174164,0.9752597549773093
2023-12-01,EUR/CHF,0.9441315789473683,-2.0046672602963596,-4.2938982448857494,0.9541029505582136,0.9578950915662015,0.9717298468737171
2024-01-01,EUR/CHF,0.9368227272727271,-0.7741348597607577,-5.950077575978839,0.9481332535885166,0.9529798318259415,0.9667908317222017
2024-02-01,EUR/CHF,0.9462190476190473,1.002998760894147,-4.46911890447131,0.942391117946381,0.950890977443609,0.9631020023571225
2024-03-01,EUR/CHF,0.965565,2.04455325958958,-2.5456488254834935,0.9495355916305913,0.9518192710944025,0.9610001726469775
2024-04-01,EUR/CHF,0.9760666666666666,1.087618820759517,-0.8627645707901348,0.9626169047619046,0.9553750791752105,0.9602923022766071
2024-05-01,EUR/CHF,0.9830045454545455,0.7107996845719775,0.8143990602011951,0.9748787373737374,0.9586349276600591,0.9609540447008494
2024-06-01,EUR/CHF,0.9615500000000001,-2.182547939757971,-1.520893076607928,0.9735404040404041,0.9615379978354976,0.9597165447008495
2024-07-01,EUR/CHF,0.9675999999999998,0.629192449690569,0.13305342834331904,0.9707181818181819,0.9666675432900432,0.9598236875579923
2024-08-01,EUR/CHF,0.945009090909091,-2.3347363673944583,-1.4334343512215089,0.9580530303030304,0.9664658838383838,0.9586784306409962
2024-09-01,EUR/CHF,0.9413571428571428,-0.38644581169426584,-1.9414778843149132,0.9513220779220779,0.9624312409812409,0.9571252560378216
2024-10-01,EUR/CHF,0.938582608695652,-0.2947376755510331,-1.6914917025516483,0.9416496141539619,0.956183897986072,0.9557794885806411
2024-11-01,EUR/CHF,0.9355380952380953,-0.32437352123833835,-2.896620579369039,0.9384926155969634,0.9482728229499968,0.9534538753050281
2024-12-01,EUR/CHF,0.933925,-0.17242432417300338,-1.081054714719726,0.9360152346445824,0.9436686562833302,0.952603327059414
2025-01-01,EUR/CHF,0.9413954545454547,0.7998987654741758,0.48811019839790976,0.93695284992785,0.939301232040906,0.9529843876654747
2025-02-01,EUR/CHF,0.9413449999999999,-0.005359548446002122,-0.5151077471238704,0.9388884848484849,0.9386905502227242,0.9525782170305542
2025-03-01,EUR/CHF,0.9547619047619048,1.4252909147979684,-1.118836664346284,0.9458341197691199,0.940924677206851,0.9516779590940461
2025-04-01,EUR/CHF,0.9369949999999999,-1.8608728179551268,-4.002971108530844,0.9443673015873015,0.9406600757575757,0.9484219868718239
2025-05-01,EUR/CHF,0.935604761904762,-0.1483719865354523,-4.821929234097856,0.9424538888888888,0.9406711868686869,0.9444720049093419
2025-06-01,EUR/CHF,0.9380333333333335,0.25957236724909466,-2.445703984885511,0.9368776984126986,0.9413559090909093,0.9425122826871197
2025-07-01,EUR/CHF,0.9324695652173913,-0.5931311732996875,-3.630677426892153,0.9353692201518289,0.9398682608695652,0.9395847464552357
2025-08-01,EUR/CHF,0.9386666666666665,0.664590210816205,-0.6711495480242546,0.9363898550724638,0.9394218719806763,0.9390562111017001
2025-09-01,EUR/CHF,0.9349590909090907,-0.39498321280992765,-0.6796625485448772,0.9353651075977162,0.9361214030052074,0.9385230401060292
2025-10-01,EUR/CHF,0.9289304347826091,-0.6448042684541169,-1.0283776647488263,0.9341853974527888,0.9347773088023089,0.9377186922799424
2025-11-01,EUR/CHF,0.9289649999999996,0.0037209694177611336,-0.7026004896596781,0.9309515085638997,0.9336706818181818,0.9371709343434343
2025-12-01,EUR/CHF,0.9331619047619047,0.45178287254150085,-0.08170840678804585,0.9303524465148377,0.9328587770562771,0.9371073430735931
2026-01-01,EUR/CHF,0.9271952380952381,-0.6394031556816568,-1.5084220325955462,0.9297740476190475,0.9319797225359182,0.9359239917027417
2026-02-01,EUR/CHF,0.9140349999999999,-1.4193599745263543,-2.901168009603275,0.924797380952381,0.9278744447581403,0.9336481583694084
2026-03-01,EUR/CHF,0.9094272727272726,-0.5041084064316237,-4.748265699387908,0.9168858369408369,0.9236191417278373,0.9298702723665225
2026-04-01,EUR/CHF,0.921345,1.3104651279026824,-1.6702330321933352,0.9149357575757575,0.9223549025974025,0.9285661056998559
2026-05-01,EUR/CHF,0.91632,-0.5453983035670619,-2.0612081821282007,0.9156974242424242,0.9202474025974025,0.9269590422077923
2000-01-01,EUR/PLN,4.160295238095238,,,4.160295238095238,4.160295238095238,4.160295238095238
2000-02-01,EUR/PLN,4.0781761904761895,-1.9738754804489882,,4.119235714285714,4.119235714285714,4.119235714285714
2000-03-01,EUR/PLN,3.9459739130434786,-3.241700977545904,,4.061481780538302,4.061481780538302,4.061481780538302
2000-04-01,EUR/PLN,4.006505555555555,1.534010204983572,,4.010218553025074,4.047737724292616,4.047737724292616
2000-05-01,EUR/PLN,4.073068181818182,1.6613636332122115,,4.0085158834724055,4.052803815797729,4.052803815797729
2000-06-01,EUR/PLN,4.17305909090909,2.454928437909755,,4.084210942760943,4.072846361649623,4.072846361649623
2000-07-01,EUR/PLN,4.0528,-2.881796981285779,,4.0996424242424245,4.054930488633749,4.069982595699677
2000-08-01,EUR/PLN,3.944586956521739,-2.670081017525206,,4.056815349143609,4.032665616308008,4.054308140802434
2000-09-01,EUR/PLN,3.9173904761904774,-0.6894633235628495,,3.971592477570739,4.027901710165841,4.039095066956661
2000-10-01,EUR/PLN,3.9669545454545454,1.2652317803219675,,3.942977326055587,4.021309875149005,4.03188101480645
2000-11-01,EUR/PLN,3.899977272727273,-1.688380140478719,,3.9281074314574322,3.992461390300521,4.019889765526525
2000-12-01,EUR/PLN,3.874415789473684,-0.6554264670294758,,3.9137825358851672,3.942687506727953,4.007766934188788
2001-01-01,EUR/PLN,3.8590999999999998,-0.3953057778490251,-7.239756335974334,3.877831020733652,3.9104041733946198,3.9826673310141847
2001-02-01,EUR/PLN,3.7671350000000006,-2.3830685911222615,-7.626967937348242,3.833550263157895,3.8808288473076633,3.9567472318078356
2001-03-01,EUR/PLN,3.6944500000000007,-1.9294503647997716,-6.374190975060976,3.773561666666667,3.843672101275917,3.9357869057208794
2001-04-01,EUR/PLN,3.5903526315789467,-2.817668893097862,-10.38692991201664,3.683979210526316,3.7809051156299844,3.901107495389495
2001-05-01,EUR/PLN,3.484159090909091,-2.957746816728543,-14.458611165360043,3.5896539074960128,3.7116020853269536,3.8520317378137374
2001-06-01,EUR/PLN,3.3876,-2.7713743370971233,-18.822141594404794,3.487370574162679,3.6304661204146726,3.7865768135713123
2001-07-01,EUR/PLN,3.617127272727273,6.775512832898609,-10.749919247747906,3.496295454545455,3.5901373325358854,3.750270752965252
2001-08-01,EUR/PLN,3.8243000000000005,5.727548732796493,-3.0494183002573507,3.609675757575758,3.5996648325358858,3.740246839921774
2001-09-01,EUR/PLN,3.8468199999999997,0.5888659362497505,-1.8014664767119413,3.7627490909090913,3.6250598325358854,3.7343659669059015
2001-10-01,EUR/PLN,3.746539130434783,-2.606851102084758,-5.556287890223524,3.8058863768115945,3.651090915678525,3.7159980156542542
2001-11-01,EUR/PLN,3.634777272727273,-2.983069275844986,-6.800039627270557,3.742712134387352,3.6761939459815545,3.693898015654254
2001-12-01,EUR/PLN,3.5881277777777774,-1.2834210035239149,-7.389191745339168,3.656481393646611,3.709615242277851,3.670040681346262
2002-01-01,EUR/PLN,3.592172727272727,0.11273147851648853,-6.916827051055238,3.6050259259259256,3.7054561513687596,3.6477967419523227
2002-02-01,EUR/PLN,3.6419650000000003,1.3861324749012522,-3.322684214927264,3.6074218350168348,3.675066984702093,3.6373659086189893
2002-03-01,EUR/PLN,3.6229199999999997,-0.5229319886380194,-1.9361474644399295,3.6190192424242427,3.6377503180354265,3.631405075285656
2002-04-01,EUR/PLN,3.5943571428571435,-0.7883932613156301,0.11153531948296967,3.619747380952381,3.6123866534391538,3.631738784558839
2002-05-01,EUR/PLN,3.712640909090909,3.290818400414776,6.557732073084025,3.6433060173160174,3.6253639261664254,3.65077893607399
2002-06-01,EUR/PLN,3.8501649999999996,3.704212022561727,13.654652261187852,3.719054350649351,3.669036796536797,3.689326019407323
2002-07-01,EUR/PLN,4.088239130434782,6.183478641429192,13.02447556268308,3.883681679841897,3.7517145303971393,3.728585340882949
2002-08-01,EUR/PLN,4.083618181818181,-0.11303029175079139,6.780801239917916,4.007340770750988,3.8253233940335023,3.750195189367797
2002-09-01,EUR/PLN,4.070299999999999,-0.3261368038148198,5.8094737991379635,4.080719104084321,3.899886727366836,3.7688185227011304
2002-10-01,EUR/PLN,4.043408695652174,-0.6606713104150623,7.923834634630925,4.065775625823452,3.9747286528326744,3.7935576531359136
2002-11-01,EUR/PLN,3.9569238095238086,-2.1389103263630487,8.862896200372145,4.023544168391994,4.01544246957149,3.820403197868958
2002-12-01,EUR/PLN,3.9857600000000004,0.7287527348084584,11.081885786923877,3.9953641683919945,4.038041636238158,3.853539216387477
2003-01-01,EUR/PLN,4.0704045454545446,2.1236739155027933,13.313163215982204,4.004362784992785,4.035069205408118,3.8933918679026287
2003-02-01,EUR/PLN,4.16556,2.3377394920540886,14.37671696460564,4.073908181818182,4.048726175105087,3.9370247845692954
2003-03-01,EUR/PLN,4.3363,4.098848654202543,19.690746690514832,4.190754848484848,4.093059508438421,3.9964731179026285
2003-04-01,EUR/PLN,4.297059999999999,-0.9049189401102412,19.550167921941096,4.266306666666666,4.135334725829725,4.055031689331201
2003-05-01,EUR/PLN,4.334290476190477,0.8664174154067519,16.744133955357047,4.3225501587301585,4.19822917027417,4.10683581992283
2003-06-01,EUR/PLN,4.4339047619047625,2.298283565937637,15.161421962559082,4.35508507936508,4.272919963924964,4.155480800081561
2003-07-01,EUR/PLN,4.436769565217391,0.06461129560658233,8.525196879702662,4.401654934437543,4.333980800552105,4.184525002980111
2003-08-01,EUR/PLN,4.369871428571429,-1.5078118361255115,7.009794599009174,4.41351525189786,4.36803270531401,4.208379440209549
2003-09-01,EUR/PLN,4.463459090909091,2.141657114343464,9.659216542001637,4.423366694899304,4.389225887132191,4.241142697785306
2003-10-01,EUR/PLN,4.595186956521739,2.9512506540262335,13.646363808409593,4.476172492000753,4.438913713219148,4.287124219524436
2003-11-01,EUR/PLN,4.617445,0.48437732107223747,16.692795269052223,4.558697015810277,4.486106133854069,4.342167652064119
2003-12-01,EUR/PLN,4.659480952380951,0.9103725627690478,16.90319919867104,4.624037636300897,4.5237021656001,4.398311064762532
2004-01-01,EUR/PLN,4.712819047619048,1.1447218216621609,15.782571363376968,4.663248333333333,4.569710412667043,4.451845606609575
2004-02-01,EUR/PLN,4.856895,3.0571076658192533,16.596448016593197,4.743065,4.650881007905139,4.5094568566095745
2004-03-01,EUR/PLN,4.7642304347826085,-1.9078972309961653,9.868561556686783,4.777981494133885,4.701009565217391,4.545117726174792
2004-04-01,EUR/PLN,4.759714999999999,-0.09477784176103893,10.766780077541387,4.79361347826087,4.728430905797102,4.583672309508125
2004-05-01,EUR/PLN,4.720947619047619,-0.8144895430163333,8.920886705244218,4.748297684610075,4.745681342305038,4.615893738079554
2004-06-01,EUR/PLN,4.590604545454545,-2.7609514892132716,3.5341260573776125,4.690422388167388,4.734201941150637,4.628952053375369
2004-07-01,EUR/PLN,4.465104545454545,-2.733844720392356,0.6386398892403465,4.592218903318902,4.692916190789886,4.631313301728466
2004-08-01,EUR/PLN,4.431004545454545,-0.7636999235485586,1.3989683193745968,4.495571212121212,4.621934448365644,4.636407728135392
2004-09-01,EUR/PLN,4.374836363636363,-1.2676173369264823,-1.9855167364080866,4.423648484848484,4.5570354365079355,4.629022500862663
2004-10-01,EUR/PLN,4.3182190476190465,-1.294158485284605,-6.027347995267194,4.374686652236651,4.483452777777777,4.605941841787439
2004-11-01,EUR/PLN,4.257309090909091,-1.4105342049181022,-7.799462886746,4.316788167388167,4.40617968975469,4.575930516029863
2004-12-01,EUR/PLN,4.135369565217392,-2.8642394312427233,-11.248278349453138,4.23696590124851,4.330307193048497,4.532254567099567
2005-01-01,EUR/PLN,4.079414285714286,-1.3530901802282926,-13.44003993161509,4.157364313946923,4.266025483091787,4.479470836940837
2005-02-01,EUR/PLN,3.986654999999999,-2.2738383311330006,-17.917620207972394,4.0671462836438925,4.19196722551603,4.406950836940836
2005-03-01,EUR/PLN,4.012266666666666,0.6424349904034149,-15.783530591342071,4.026111984126984,4.1315389426877465,4.344287189597842
2005-04-01,EUR/PLN,4.1559285714285705,3.5805672129279627,-12.685348357442173,4.051616746031745,4.104490529989334,4.293971653883555
2005-05-01,EUR/PLN,4.174913636363637,0.4568188458672409,-11.566194475043465,4.114369624819624,4.0907579542317585,4.2484688219932245
2005-06-01,EUR/PLN,4.060636363636363,-2.737236807293813,-11.54462721784515,4.130492857142857,4.0783024206349205,4.204304806841709
2005-07-01,EUR/PLN,4.098628571428571,0.935622015613948,-8.207556403109189,4.111392857142857,4.081504801587301,4.173765142339543
2005-08-01,EUR/PLN,4.043617391304348,-1.3421850544766125,-8.742648538864401,4.0676274421230945,4.090998533471359,4.141482879493694
2005-09-01,EUR/PLN,3.9160090909090908,-3.1557956168077252,-10.487872793164202,4.019418351214003,4.07495560417843,4.103247273433088
2005-10-01,EUR/PLN,3.9228666666666667,0.17511644121295908,-9.155449887850567,3.9608310496267016,4.03611195338478,4.070301241687057
2005-11-01,EUR/PLN,3.970118181818182,1.2045149419178673,-6.745831767398953,3.9363313131313133,4.001979377627204,4.046368665929481
2005-12-01,EUR/PLN,3.8501428571428584,-3.0219585206498554,-6.897248325121322,3.914375901875902,3.966897126544953,4.022599773589936
2006-01-01,EUR/PLN,3.8200999999999983,-0.780304997959337,-6.356654841906622,3.8801203463203464,3.9204756979735245,4.000990249780412
2006-02-01,EUR/PLN,3.79414,-0.6795633622156022,-4.828985703553453,3.8214609523809524,3.8788961327561324,3.984947333113745
2006-03-01,EUR/PLN,3.8836565217391295,2.35933628540669,-3.205423657306014,3.832632173913043,3.8735040378944725,3.9742298210364506
2006-04-01,EUR/PLN,3.9176722222222233,0.875867891320662,-5.732926952699004,3.8651562479871173,3.8726382971537316,3.954375125269255
2006-05-01,EUR/PLN,3.8953863636363635,-0.5688545983874739,-6.695402517852873,3.8989050358659054,3.8601829941234285,3.931081185875316
2006-06-01,EUR/PLN,4.026086363636363,3.3552512587734804,-0.8508518593144903,3.94638164983165,3.889506911872346,3.928202019208649
2006-07-01,EUR/PLN,3.9962238095238085,-0.7417266152627359,-2.498512859121296,3.9725655122655117,3.918860880126314,3.9196682890499197
2006-08-01,EUR/PLN,3.904573913043478,-2.2934125026208623,-3.4385913602973024,3.97562802873455,3.937266532300228,3.9080813325281802
2006-09-01,EUR/PLN,3.9649190476190475,1.5454985849796032,1.248974544607157,3.955238923395445,3.9508102866135473,3.9121571622540103
2006-10-01,EUR/PLN,3.901363636363637,-1.6029434773347002,-0.548145836455396,3.923618865675387,3.9480921889704494,3.91036524306209
2006-11-01,EUR/PLN,3.8248363636363636,-1.9615519049283592,-3.65938270672044,3.8970396825396825,3.9363338556371166,3.898258424880272
2006-12-01,EUR/PLN,3.81252105263158,-0.3219826898182729,-0.9771534695519655,3.8462403508771934,3.90073963713632,3.8951232745043325
2007-01-01,EUR/PLN,3.8794909090909098,1.7565766991136809,1.5546951412505305,3.838949441786285,3.8812841537308365,3.9000725169285757
2007-02-01,EUR/PLN,3.89433,0.3825009841965986,2.6406511093423015,3.86211398724083,3.879576834890256,3.908421683595242
2007-03-01,EUR/PLN,3.8859409090909085,-0.21541807985177341,0.05882053005954513,3.886587272727273,3.8664138118022326,3.9086120492078904
2007-04-01,EUR/PLN,3.8143631578947366,-1.8419670517562527,-2.637001220813892,3.8648780223285484,3.8519137320574166,3.9000029605139335
2007-05-01,EUR/PLN,3.781877272727272,-0.8516725813122232,-2.913936649999722,3.8273937799043054,3.8447538835725674,3.8905438696048424
2007-06-01,EUR/PLN,3.8074095238095227,0.6751210904270901,-5.431498981291881,3.8012166514771777,3.843901962102225,3.872320799619273
2007-07-01,EUR/PLN,3.7682136363636363,-1.0294633976402092,-5.705640725546401,3.7858334776334774,3.8253557499810125,3.8533199518559247
2007-08-01,EUR/PLN,3.8116347826086954,1.1523005443757415,-2.380263058263882,3.7957526475939516,3.8115732137491283,3.845575024319692
2007-09-01,EUR/PLN,3.78913,-0.5904233719184636,-4.433610005848909,3.7896594729907775,3.7954380622339774,3.8309259370181046
2007-10-01,EUR/PLN,3.7062347826086954,-2.187711094401741,-5.0015551469284745,3.768999855072464,3.777416666352971,3.814665199205193
2007-11-01,EUR/PLN,3.657536363636363,-1.313959363849451,-4.374043333998852,3.7176337154150194,3.756693181504486,3.8007235325385262
2007-12-01,EUR/PLN,3.6014736842105264,-1.5327989622527942,-5.535638112093275,3.655081610151862,3.7223705415713195,3.783136251836772
2008-01-01,EUR/PLN,3.60915,0.2131437423277025,-6.968463528485476,3.6227200159489628,3.6958599355107133,3.7606078427458627
2008-02-01,EUR/PLN,3.5767904761904763,-0.8965968111473278,-8.153893578857565,3.5958047201336676,3.6567192177743437,3.734146215761736
2008-03-01,EUR/PLN,3.5362842105263153,-1.132475215805846,-8.997993195073912,3.5740748955722634,3.614578252862063,3.7050081575480203
2008-04-01,EUR/PLN,3.4421272727272734,-2.6625953173890466,-9.75879510573166,3.518400653148021,3.5705603345484924,3.6739885004507324
2008-05-01,EUR/PLN,3.40377619047619,-1.1141680481993594,-9.99770894147544,3.4607292245765926,3.52826697235513,3.6424800769298087
2008-06-01,EUR/PLN,3.3735523809523804,-0.8879493783514986,-11.395074266217739,3.4064852813852813,3.4902800884787726,3.6063253150250465
2008-07-01,EUR/PLN,3.2590826086956524,-3.393152360788669,-13.51120389658428,3.345470393374741,3.4319355232613815,3.5638977293860474
2008-08-01,EUR/PLN,3.291961904761905,1.0088512631906454,-13.633858107757229,3.3081989648033123,3.3844640946899527,3.5205916562321486
2008-09-01,EUR/PLN,3.3747045454545455,2.51347503666282,-10.937219217747995,3.308583019637368,3.357534150511324,3.4860562016866936
2008-10-01,EUR/PLN,3.5767260869565214,5.9863475092681115,-3.494346776407327,3.414464179057657,3.3799672862161994,3.475263810382346
2008-11-01,EUR/PLN,3.7325950000000008,4.357865524337931,2.052163776411877,3.561341877470356,3.434770421136834,3.4815186967459826
2008-12-01,EUR/PLN,4.004433333333333,7.282824237114721,11.188743399388155,3.771251473429952,3.5399172465336597,3.515098667506216
2009-01-01,EUR/PLN,4.230019047619048,5.633399173059394,17.20263905958599,3.9890157936507937,3.701739986354226,3.5668377548078034
2009-02-01,EUR/PLN,4.6466899999999995,9.85033276896196,29.912278366079708,4.293714126984127,3.927528002227241,3.6559960484585967
2009-03-01,EUR/PLN,4.621036363636364,-0.5520840934866693,30.674914360138544,4.499248470418471,4.135249971924211,3.7463920612177675
2009-04-01,EUR/PLN,4.4325600000000005,-4.078660040840891,28.77385549105468,4.566762121212121,4.277888957431458,3.8289281218238282
2009-05-01,EUR/PLN,4.410270000000001,-0.5028696735069558,29.569917444630857,4.487955454545455,4.39083479076479,3.9128026059508136
2009-06-01,EUR/PLN,4.50840909090909,2.2252399719085174,33.63981292729568,4.4504130303030305,4.47483075036075,4.007373998447205
2009-07-01,EUR/PLN,4.29648695652174,-4.700596820609681,31.83117681822974,4.40505534914361,4.4859087351778655,4.093824360766046
2009-08-01,EUR/PLN,4.131061904761905,-3.8502398222978877,25.48935936306617,4.311985984064245,4.39997071930485,4.1637493607660465
2009-09-01,EUR/PLN,4.158431818181818,0.6625394160364155,23.22358186238524,4.195326893155154,4.322869961729093,4.229059966826652
2009-10-01,EUR/PLN,4.214613636363636,1.351033770378927,17.834397543981375,4.168035786435786,4.286545567789698,4.282217262610579
2009-11-01,EUR/PLN,4.164604761904762,-1.1865589298007837,11.57397901204822,4.179216738816739,4.245601361440492,4.318218076102641
2009-12-01,EUR/PLN,4.1438999999999995,-0.49716030904437974,3.4828065560670196,4.174372799422799,4.1848498462889765,4.329840298324863
2010-01-01,EUR/PLN,4.07034,-1.7751393614710693,-3.7749013851114106,4.126281587301587,4.1471586868686865,4.316533711023276
2010-02-01,EUR/PLN,4.01438,-1.3748237247993975,-13.607750893646866,4.076206666666667,4.127711702741702,4.263841211023277
2010-03-01,EUR/PLN,3.890565217391304,-3.084281572962598,-15.807517811226242,3.991761739130435,4.083067269276617,4.202968615502855
2010-04-01,EUR/PLN,3.8781800000000004,-0.3183397963858895,-12.506993701156894,3.9277084057971017,4.026994996549345,4.156770282169522
2010-05-01,EUR/PLN,4.056733333333332,4.604049665908533,-8.016213670969545,3.9418261835748787,4.009016425120773,4.127308893280633
2010-06-01,EUR/PLN,4.10549090909091,1.2018925512541567,-8.937036850330166,4.013468080808081,4.002614909969258,4.0937323781291175
2010-07-01,EUR/PLN,4.081372727272728,-0.5874615813854533,-5.006746940601892,4.08119898989899,4.004453697848046,4.075806192358367
2010-08-01,EUR/PLN,3.989895454545455,-2.2413359141643694,-3.417195226576655,4.0589196969696975,4.000372940272288,4.064042321506996
2010-09-01,EUR/PLN,3.954772727272727,-0.8802919192460149,-4.897497417623549,4.008680303030304,4.0110741919191915,4.047070730597905
2010-10-01,EUR/PLN,3.949628571428572,-0.13007462625298424,-6.287291974969573,3.9647655844155847,4.022982287157287,4.024988641853316
2010-11-01,EUR/PLN,3.9520318181818173,0.060847411592828686,-5.104276537054156,3.9521443722943723,4.0055320346320356,4.007274229876404
2010-12-01,EUR/PLN,3.9961608695652173,1.1166168040545332,-3.5652194897266383,3.9659404197252024,3.987310361377753,3.9949626356735046
2011-01-01,EUR/PLN,3.8896333333333337,-2.6657469433525036,-4.439596364595246,3.94594200702679,3.955353795721187,3.979903746784616
2011-02-01,EUR/PLN,3.9263650000000005,0.9443477962790022,-2.1924929877091732,3.9373864009661843,3.9447653866302783,3.9725691634512827
2011-03-01,EUR/PLN,4.014478260869565,2.244143396489222,3.1849625068448657,3.943492198067633,3.9547163088964177,3.9828952504078052
2011-04-01,EUR/PLN,3.969410526315788,-1.1226299315920183,2.3524056726554146,3.9700845957284514,3.9580133013776204,3.9904977942674544
2011-05-01,EUR/PLN,3.9403863636363634,-0.731195790584139,-2.86799649217684,3.9747583836072384,3.956072392286712,3.9808022134593735
2011-06-01,EUR/PLN,3.9702454545454553,0.7577706385506977,-3.2942578010823613,3.9600141148325356,3.9517531564500845,3.9695317589139187
2011-07-01,EUR/PLN,3.995080952380952,0.6255406150534873,-2.1142831262421464,3.9685709235209234,3.969327759624688,3.9623407776729374
2011-08-01,EUR/PLN,4.119504347826086,3.114414874897126,3.2484283048814113,4.028276918250831,4.001517650929035,3.973141518779656
2011-09-01,EUR/PLN,4.33794090909091,5.302496194235,9.688753519912671,4.150842069765982,4.05542809229926,4.005072200597838
2011-10-01,EUR/PLN,4.35164761904762,0.31597272171194196,10.1786545329157,4.269697625321538,4.119134274421231,4.038573787899426
2011-11-01,EUR/PLN,4.432359090909092,1.8547336302734863,12.153932327099918,4.37398253968254,4.201129728966686,4.078601060626699
2011-12-01,EUR/PLN,4.477399999999999,1.01618366578845,12.042536477945667,4.420468903318904,4.285655486542443,4.1187043214962635
2012-01-01,EUR/PLN,4.376013636363637,-2.264402636270214,12.5045283539229,4.42859090909091,4.349144267206224,4.159236013415456
2012-02-01,EUR/PLN,4.183490476190477,-4.399510060328372,6.54869010370856,4.345634704184705,4.359808621933623,4.180663136431329
2012-03-01,EUR/PLN,4.137045454545455,-1.110197857730402,3.0531288429331687,4.23218318903319,4.326326046176047,4.190877069237653
2012-04-01,EUR/PLN,4.178168421052631,0.9940177587846791,5.25916614955425,4.1662347839295215,4.297412846510215,4.208273560465724
2012-05-01,EUR/PLN,4.293649999999999,2.763928288900172,8.96520299693728,4.202954625199362,4.274294664692033,4.23771219682936
2012-06-01,EUR/PLN,4.297295238095238,0.08489835210693004,8.23752050834413,4.256371219715956,4.244277204374574,4.264966345458508
2012-07-01,EUR/PLN,4.1836590909090905,-2.644364440654913,4.720258256988544,4.258201443001442,4.212218113465482,4.280681190335853
2012-08-01,EUR/PLN,4.093360869565218,-2.1583551475330984,-0.6346267913193181,4.191438399523182,4.1971965123612724,4.278502567147447
2012-09-01,EUR/PLN,4.134525000000001,1.0056316006938202,-4.689227293636376,4.137181653491436,4.196776436603696,4.2615512413898715
2012-10-01,EUR/PLN,4.107069565217391,-0.6640529391552764,-5.620355213498561,4.111651811594204,4.1849266272978225,4.24116973690402
2012-11-01,EUR/PLN,4.132122727272728,0.6100009181122997,-6.773737359235128,4.12457243083004,4.158005415176611,4.216150039934322
2012-12-01,EUR/PLN,4.095568421052631,-0.8846374764919798,-8.527975587335694,4.11158690451425,4.124384279002843,4.184330741688709
2013-01-01,EUR/PLN,4.142390909090909,1.1432476087469137,-5.338711134978609,4.123360685805423,4.117506248699813,4.164862181082648
2013-02-01,EUR/PLN,4.17001,0.6667427462839987,-0.3222303544659244,4.1359897767145135,4.130281103772277,4.163738808066774
2013-03-01,EUR/PLN,4.15645,-0.32517907630916987,0.46904356424764737,4.156283636363637,4.133935270438943,4.165355853521319
2013-04-01,EUR/PLN,4.135885714285714,-0.49475599885205535,-1.0119914399301453,4.154115238095238,4.138737961950331,4.161832294624076
2013-05-01,EUR/PLN,4.17985909090909,1.0632154672815908,-2.6502138993841857,4.157398268398268,4.146694022556391,4.152349718866501
2013-06-01,EUR/PLN,4.283894999999999,2.4889812509991263,-0.31182958937627253,4.199879935064934,4.178081785714286,4.151233032358564
2013-07-01,EUR/PLN,4.274547826086956,-0.21819334771377621,2.1724699169529145,4.246100638998681,4.200107938546959,4.158807093623387
2013-08-01,EUR/PLN,4.229868181818182,-1.0452484353105418,3.334846758025104,4.262770335968379,4.210084302183323,4.170182702977801
2013-09-01,EUR/PLN,4.2371285714285705,0.17164576526514955,2.481629000394714,4.24718152644457,4.223530730754752,4.178733000596848
2013-10-01,EUR/PLN,4.190182608695652,-1.1079664433475098,2.023658040324957,4.2190597873141344,4.232580213156408,4.185659087553369
2013-11-01,EUR/PLN,4.188733333333333,-0.03458740340602717,1.3700126980006055,4.205348171152519,4.234059253560448,4.19037663805842
2013-12-01,EUR/PLN,4.176020000000001,-0.30351259728475377,1.9643568529784852,4.184978647342995,4.216080086893783,4.197080936304034
2014-01-01,EUR/PLN,4.1799,0.09291143241648202,0.9054937530587304,4.181551111111111,4.200305449212623,4.2002066938797915
2014-02-01,EUR/PLN,4.174080000000001,-0.13923778080813054,0.09760168440844175,4.176666666666667,4.191007418909593,4.200545860546458
2014-03-01,EUR/PLN,4.198666666666667,0.5890319942757706,1.0156904730398915,4.184215555555556,4.184597101449276,4.204063916102014
2014-04-01,EUR/PLN,4.185315,-0.31799777707209126,1.195131808007964,4.186020555555555,4.183785833333334,4.208183023244871
2014-05-01,EUR/PLN,4.179995238095238,-0.12710541272908885,0.0032572195183369515,4.187992301587301,4.182329484126984,4.208194368843716
2014-06-01,EUR/PLN,4.135209523809524,-1.0714297920138662,-3.4708011328586497,4.166839920634921,4.175527738095238,4.195803912494511
2014-07-01,EUR/PLN,4.144443478260869,0.22330076379873434,-3.043698494425047,4.15321608005521,4.169618317805383,4.184961883509003
2014-08-01,EUR/PLN,4.191895238095239,1.1449488956303098,-0.8977335011565285,4.157182746721877,4.172587524154589,4.181797471532091
2014-09-01,EUR/PLN,4.189872727272726,-0.04824812424063296,-1.1152799203332187,4.175403814542945,4.1711218675889326,4.177859484519105
2014-10-01,EUR/PLN,4.206639130434783,0.4001649752490388,0.3927399656754699,4.196135698600916,4.174675889328063,4.179230861330699
2014-11-01,EUR/PLN,4.2121,0.12981549868892586,0.5578456494405702,4.202870619235836,4.180026682978856,4.181178083552921
2014-12-01,EUR/PLN,4.215480952380952,0.08026761902499509,0.944941652122141,4.211406694271912,4.193405254407428,4.184466496251333
2015-01-01,EUR/PLN,4.278328571428572,1.4908765988403498,2.354806847737319,4.2353031746031755,4.215719436602046,4.192668877203714
2015-02-01,EUR/PLN,4.175995,-2.391905383611098,0.04587837319839209,4.223268174603175,4.213069396919505,4.192828460537047
2015-03-01,EUR/PLN,4.125940909090911,-1.1986147231758995,-1.732115534513085,4.193421493506494,4.202414093889203,4.186767980739067
2015-04-01,EUR/PLN,4.018010000000001,-2.6159102000976233,-3.997429106291854,4.106648636363637,4.170975905483406,4.172825897405734
2015-05-01,EUR/PLN,4.08108,1.5696825045233544,-2.366395951692802,4.075010303030304,4.14913923881674,4.164582960897799
2015-06-01,EUR/PLN,4.158640909090911,1.9004996003732115,0.5666311500414813,4.085910303030304,4.1396658982684,4.166535576337915
2015-07-01,EUR/PLN,4.152373913043479,-0.1506981772273811,0.19135101791610756,4.130698274044796,4.118673455204218,4.167196445903132
2015-08-01,EUR/PLN,4.195257142857142,1.0327400834245142,0.08020011405223712,4.168757321663843,4.1218838123470745,4.16747660463329
2015-09-01,EUR/PLN,4.217563636363637,0.5317074197579003,0.6609009603242852,4.1883982307547525,4.137154266892527,4.169784180390866
2015-10-01,EUR/PLN,4.250777272727271,0.7875076519834388,1.0492495534772979,4.22119935064935,4.175948812347073,4.1734623589152395
2015-11-01,EUR/PLN,4.249447619047619,-0.031280248160327144,0.8866745577649856,4.239262842712843,4.204010082188343,4.176574660502541
2015-12-01,EUR/PLN,4.29,0.9542977014379392,1.7677472264928302,4.263408297258297,4.225903264006524,4.182784581137462
2016-01-01,EUR/PLN,4.407375,2.7360139860139863,3.016281391598171,4.3156075396825395,4.268403445165944,4.193538450185081
2016-02-01,EUR/PLN,4.396995238095237,-0.23550893456451408,5.2921576317796575,4.364790079365079,4.3020264610389605,4.2119551366930175
2016-03-01,EUR/PLN,4.293166666666666,-2.361352828609142,4.053033265873913,4.3658456349206345,4.314626966089466,4.225890616490997
2016-04-01,EUR/PLN,4.310566666666667,0.4052952366163561,7.281133363696607,4.33357619047619,4.324591865079365,4.250270338713219
2016-05-01,EUR/PLN,4.403927272727272,2.165854591289736,7.910829308106486,4.3358868686868695,4.350338474025974,4.277174278107158
2016-06-01,EUR/PLN,4.399586363636364,-0.09856904581033406,5.7938509193890475,4.371360101010101,4.368602867965368,4.297253065985946
2016-07-01,EUR/PLN,4.396361904761905,-0.07329004610773626,5.875867559807384,4.399958513708514,4.366767352092352,4.317585398629148
2016-08-01,EUR/PLN,4.3004869565217385,-2.1807792515061144,2.5083042607712667,4.365478408306669,4.350682638496768,4.326354549767864
2016-09-01,EUR/PLN,4.320695454545454,0.46991185482075243,2.4452937068363356,4.3391814386097,4.3552707698099,4.3349488679496835
2016-10-01,EUR/PLN,4.307647619047619,-0.30198461416920835,1.3378811137723958,4.30961001003827,4.354784261873392,4.339688063476379
2016-11-01,EUR/PLN,4.3910954545454555,1.9372019923088857,3.3333234856906424,4.339812842712843,4.352645625509756,4.351492049767866
2016-12-01,EUR/PLN,4.435685714285715,1.0154700621254347,3.3959373959374197,4.37814292929293,4.358662183951314,4.363632525958342
2017-01-01,EUR/PLN,4.367104545454545,-1.546123265908935,-0.9137061072737191,4.397961904761906,4.3537859574000874,4.36027665474622
2017-02-01,EUR/PLN,4.308114999999999,-1.350770169126008,-2.0213858165045653,4.3703017532467525,4.355057297979798,4.352869968238283
2017-03-01,EUR/PLN,4.2871,-0.4878003488764656,-0.1413098334562625,4.320773181818182,4.349458055555556,4.352364412682729
2017-04-01,EUR/PLN,4.237444444444443,-1.1582551271385477,-1.6963482501656617,4.277553148148147,4.337757526455026,4.34627089416421
2017-05-01,EUR/PLN,4.199772727272727,-0.8890197303024525,-4.635738349242,4.241439057239057,4.305870405242905,4.329258015376332
2017-06-01,EUR/PLN,4.211259090909092,0.27349964824939965,-4.2805676979963865,4.216158754208753,4.268465968013468,4.313564075982391
2017-07-01,EUR/PLN,4.236242857142857,0.593261200378241,-3.642080681429246,4.2157582251082255,4.246655686628187,4.300220822014137
2017-08-01,EUR/PLN,4.266595652173914,0.716502713716659,-0.7880806218102412,4.238032533408621,4.239735795323838,4.297396546651819
2017-09-01,EUR/PLN,4.269342857142858,0.06438868814635768,-1.1885261977576418,4.2573937888198765,4.236776271514315,4.293117163534935
2017-10-01,EUR/PLN,4.262745454545455,-0.1545296973834012,-1.0423824897750318,4.266227987954076,4.240993106531151,4.2893753164930875
2017-11-01,EUR/PLN,4.226759090909091,-0.8442062520526757,-3.7424912607229,4.252949134199135,4.245490833803879,4.275680619523391
2017-12-01,EUR/PLN,4.203236842105263,-0.5565079129875098,-5.240427008428925,4.23091379585327,4.244153792336573,4.25630988017502
2018-01-01,EUR/PLN,4.16323181818182,-0.951767064912914,-4.668372949416198,4.197742583732058,4.231985285843067,4.239320486235626
2018-02-01,EUR/PLN,4.16532,0.05015771183005031,-3.3145586875001873,4.177262886762361,4.215106010480748,4.227420902902293
2018-03-01,EUR/PLN,4.209214285714286,1.053803446416743,-1.8167459188195623,4.179255367965369,4.205084581909319,4.220930426711817
2018-04-01,EUR/PLN,4.19366,-0.36952943372533376,-1.0332747725305707,4.189398095238096,4.193570339485077,4.2172817230081145
2018-05-01,EUR/PLN,4.285031818181818,2.178808443741694,2.0300882082363922,4.229302034632035,4.203282460697198,4.2243866472505385
2018-06-01,EUR/PLN,4.3037761904761895,0.43743834561127315,2.19689877943667,4.260822669552669,4.220039018759019,4.2320964055477965
2018-07-01,EUR/PLN,4.323913636363636,0.46790179126898435,2.0695409157894322,4.304240548340548,4.246819321789322,4.2394023038161945
2018-08-01,EUR/PLN,4.285769565217392,-0.8821654259108253,0.44939606671443083,4.304486464019072,4.266894249325554,4.241000129903151
2018-09-01,EUR/PLN,4.3006150000000005,0.34638901034464126,0.73248141232842,4.303432733860343,4.282127701706506,4.243606141807914
2018-10-01,EUR/PLN,4.304600000000001,0.09266116590301915,0.9818682795125612,4.296994855072465,4.300617701706506,4.247094020595791
2018-11-01,EUR/PLN,4.301759090909091,-0.0659970517797254,1.7744091486384734,4.3023246969696975,4.303405580494385,4.253344020595791
2018-12-01,EUR/PLN,4.290005263157894,-0.27323305426460365,2.064323860683799,4.298788118022329,4.301110425941336,4.260574722350177
2019-01-01,EUR/PLN,4.291595454545455,0.03706735283559249,3.083269007578211,4.29445326953748,4.295724062304973,4.271271692047147
2019-02-01,EUR/PLN,4.317519999999999,0.6040771020736921,3.653980966648391,4.2997069059011155,4.3010158014354065,4.28395502538048
2019-03-01,EUR/PLN,4.296871428571429,-0.47825074182794286,2.082506066622551,4.301995627705627,4.300391872863978,4.2912597872852425
2019-04-01,EUR/PLN,4.286405,-0.24358254012056502,2.211552677136436,4.300265476190476,4.297359372863977,4.2989885372852426
2019-05-01,EUR/PLN,4.295759090909091,0.21822695030196648,0.250342895512608,4.29301183982684,4.296359372863978,4.2998824766791826
2019-06-01,EUR/PLN,4.263505,-0.7508356550382146,-0.9357175813487973,4.281889696969698,4.291942662337662,4.2965265441395
2019-07-01,EUR/PLN,4.259595652173914,-0.09169328583140673,-1.4874946541210847,4.2729532476943355,4.286609361942406,4.291166712123689
2019-08-01,EUR/PLN,4.346640909090909,2.043509854569668,1.4203130370689738,4.289913853754942,4.29146284679089,4.296239324113149
2019-09-01,EUR/PLN,4.353128571428571,0.1492569198456939,1.2210712055966526,4.319788377564464,4.300839037267081,4.30061545506553
2019-10-01,EUR/PLN,4.301273913043478,-1.1912043840247875,-0.07726820044887717,4.333681131187653,4.303317189440993,4.300338281152485
2019-11-01,EUR/PLN,4.285466666666667,-0.3675015052837277,-0.3787386484950813,4.3132897170462385,4.30160178540059,4.298980579132284
2019-12-01,EUR/PLN,4.272575,-0.3008229364363448,-0.406299342044726,4.286438526570048,4.303113452067256,4.2975280572024595
2020-01-01,EUR/PLN,4.250740909090909,-0.5110288504962711,-0.9519663697861996,4.269594191919192,4.301637661553422,4.294123511747913
2020-02-01,EUR/PLN,4.2765699999999995,0.607637385140342,-0.9484611536252201,4.266628636363635,4.289959176704937,4.290711011747914
2020-03-01,EUR/PLN,4.440622727272727,3.836081889755745,3.3454875504406254,4.322644545454545,4.304541536012297,4.302690286639689
2020-04-01,EUR/PLN,4.543695000000001,2.3211220375521058,6.002465935906689,4.4202959090909095,4.34494505050505,4.324131119973022
2020-05-01,EUR/PLN,4.525095,-0.40935846266091924,5.338658528972019,4.5031375757575764,4.384883106060606,4.343242445730598
2020-06-01,EUR/PLN,4.4449818181818195,-1.7704198877190607,4.256517071794665,4.504590606060607,4.413617575757576,4.358365513912417
2020-07-01,EUR/PLN,4.449278260869566,0.09665827361029601,4.4530660697534925,4.473118359683795,4.446707134387352,4.374172397970387
2020-08-01,EUR/PLN,4.3995428571428565,-1.1178308213294073,1.2170765692032244,4.431267645398081,4.467202610577829,4.378580893641383
2020-09-01,EUR/PLN,4.472745454545455,1.6638682649437315,2.747837128036616,4.440522190852626,4.472556398456615,4.388548967234456
2020-10-01,EUR/PLN,4.541436363636364,1.535766114771877,5.583519102668638,4.471241558441559,4.472179959062676,4.408562504783863
2020-11-01,EUR/PLN,4.4948523809523815,-1.0257543859247664,4.885948965940254,4.5030113997114,4.46713952255474,4.426011314307673
2020-12-01,EUR/PLN,4.478563636363638,-0.3623866416118553,4.821182457034408,4.504950793650795,4.47273649225171,4.443177034004643
2021-01-01,EUR/PLN,4.533344999999999,1.223190470970752,6.648349004398145,4.502253672438672,4.486747615440116,4.4667273749137335
2021-02-01,EUR/PLN,4.49681,-0.8059170435958191,5.149921549278989,4.502906212121212,4.502958805916306,4.485080708247067
2021-03-01,EUR/PLN,4.5990652173913045,2.273950142240933,3.568024122956454,4.543073405797101,4.524012099723947,4.498284249090282
2021-04-01,EUR/PLN,4.561450000000001,-0.8178883232414785,0.390761263685157,4.552441739130435,4.527347705784554,4.499763832423615
2021-05-01,EUR/PLN,4.528095238095238,-0.7312315580519899,0.06630221233450041,4.5628701518288475,4.5328881819750295,4.500013852264886
2021-06-01,EUR/PLN,4.5005227272727275,-0.6089207353798759,1.2495193762935695,4.5300226551226555,4.536548030459878,4.504642261355794
2021-07-01,EUR/PLN,4.561618181818182,1.3575190760669205,2.524902115847004,4.530078715728716,4.541260227429576,4.514003921434846
2021-08-01,EUR/PLN,4.568713636363636,0.15554687531138595,3.845189937089107,4.543618181818182,4.553244166823515,4.52810148636991
2021-09-01,EUR/PLN,4.568072727272727,-0.014028217610484488,2.13129214921889,4.566134848484849,4.548078751803752,4.53604542576385
2021-10-01,EUR/PLN,4.590866666666666,0.4989837236577305,1.088428837759229,4.5758843434343435,4.55298152958153,4.540164617683042
2021-11-01,EUR/PLN,4.646209090909092,1.2054896876935142,3.3673343889580702,4.601716161616161,4.572667171717172,4.5527776768461
2021-12-01,EUR/PLN,4.613665217391306,-0.7004392803040642,3.016627472493923,4.616913658322354,4.591524253403602,4.56403614193174
2022-01-01,EUR/PLN,4.552195238095239,-1.3323458985353938,0.4158130055232948,4.604023182131878,4.589953762783111,4.565606995106343
2022-02-01,EUR/PLN,4.548730000000001,-0.07612235227169145,1.1545962582364133,4.571530151828848,4.586623156722504,4.5699336617730095
2022-03-01,EUR/PLN,4.752213043478261,4.473403422015823,3.329977263810704,4.6177127605245,4.617313209423427,4.58269598061359
2022-04-01,EUR/PLN,4.648526315789474,-2.181861939693182,1.9089613125096927,4.649823119755912,4.626923150943895,4.5899523402627125
2022-05-01,EUR/PLN,4.648486363636363,-0.0008594584691376418,2.6587586879415497,4.683075240968033,4.6273026963984405,4.599984934057807
2022-06-01,EUR/PLN,4.647068181818181,-0.030508464632185917,3.2561874125732615,4.648026953748006,4.632869857136253,4.612197055269927
2022-07-01,EUR/PLN,4.768242857142856,2.6075510533453197,4.529635473399422,4.687932467532466,4.66887779364419,4.629415778213651
2022-08-01,EUR/PLN,4.723334782608696,-0.9418160081105584,3.384347511176633,4.712881940523244,4.697978590745638,4.642300873734072
2022-09-01,EUR/PLN,4.741445454545454,0.3834297751546491,3.7953145149734864,4.744341031432335,4.6961839925901705,4.656748601006799
2022-10-01,EUR/PLN,4.803995238095238,1.3192133949325446,4.642447426671193,4.756258491749796,4.722095479641131,4.674509315292514
2022-11-01,EUR/PLN,4.696418181818182,-2.2393247899993702,1.0806463920732974,4.747286291486291,4.730084116004768,4.678693406201605
2022-12-01,EUR/PLN,4.683185714285715,-0.2817565859806903,1.5068387847551235,4.727866378066379,4.736103704749357,4.684486780942805
2023-01-01,EUR/PLN,4.697418181818181,0.3039056830279178,3.1901738859449087,4.692340692640693,4.724299592195244,4.696588692919717
2023-02-01,EUR/PLN,4.741529999999999,0.9390651731318587,4.238545703965684,4.707377965367965,4.727332128427128,4.712655359586383
2023-03-01,EUR/PLN,4.689347826086957,-1.100534509178311,-1.32286193434821,4.709432002635046,4.718649190350713,4.707416591470441
2023-04-01,EUR/PLN,4.632011111111112,-1.2227012604371013,-0.3552782872771042,4.687629645732689,4.689985169186691,4.706040324413911
2023-05-01,EUR/PLN,4.534449999999999,-2.1062365519177337,-2.453193463757031,4.618602979066022,4.662990472216994,4.696537294110881
2023-06-01,EUR/PLN,4.4608,-1.6242322663167286,-4.00829457478076,4.54242037037037,4.625926186502707,4.681014945626032
2023-07-01,EUR/PLN,4.443080952380951,-0.3972168135547154,-6.819323480447531,4.47944365079365,4.58353664826317,4.653918120229207
2023-08-01,EUR/PLN,4.4601173913043475,0.3834375089264778,-5.572702410879588,4.454666114561767,4.536634546813894,4.631983337620511
2023-09-01,EUR/PLN,4.5980904761904755,3.0934855023127144,-3.023444637912042,4.500429606625258,4.521424988497814,4.620037089424264
2023-10-01,EUR/PLN,4.512436363636365,-1.8628192071826164,-6.069091662432107,4.523548077043729,4.501495863918689,4.5957405165526914
2023-11-01,EUR/PLN,4.401959090909091,-2.448284337427099,-6.26986523578899,4.504161976911977,4.479414045736871,4.571202258976933
2023-12-01,EUR/PLN,4.333515789473683,-1.5548372899865517,-7.466497084354126,4.415970414673047,4.458200010649152,4.54206309857593
2024-01-01,EUR/PLN,4.3647909090909085,0.7217031421275575,-7.0810658079099476,4.366755263157894,4.445151670100812,4.51434415918199
2024-02-01,EUR/PLN,4.325580952380953,-0.8983238264240679,-8.772464744903989,4.341295883648515,4.422728930280246,4.479681738547069
2024-03-01,EUR/PLN,4.3069,-0.4318715240012051,-8.155671966992733,4.332423953823954,4.374197184248501,4.447811086373157
2024-04-01,EUR/PLN,4.302609523809524,-0.0996186628543877,-7.1114161732347805,4.311696825396825,4.33922604427736,4.420360954098024
2024-05-01,EUR/PLN,4.27964090909091,-0.5338298674679164,-5.61940457848447,4.296383477633478,4.318839680640996,4.3991268631889335
2024-06-01,EUR/PLN,4.320939999999999,0.9650129949305116,-3.13531205164994,4.301063477633478,4.316743715728716,4.387471863188934
2024-07-01,EUR/PLN,4.2817304347826095,-0.9074313741313196,-3.6315007385106806,4.294103781291173,4.302900303343999,4.374025986722406
2024-08-01,EUR/PLN,4.291722727272727,0.2333704244654353,-3.7755657364519184,4.298131054018445,4.297257265825961,4.359993098053104
2024-09-01,EUR/PLN,4.276057142857143,-0.36501855807305805,-7.003631942452289,4.283170101637493,4.292116789635486,4.333156986941993
2024-10-01,EUR/PLN,4.316952173913043,0.9563724171509796,-4.3321206986682075,4.294910681347638,4.294507231319405,4.316866637798382
2024-11-01,EUR/PLN,4.331657142857144,0.34063312151016684,-1.597060458765603,4.308222153209109,4.303176603613777,4.311008142127387
2024-12-01,EUR/PLN,4.270390000000001,-1.4144042530737186,-1.4566876536372122,4.306333105590062,4.294751603613778,4.305747659671247
2025-01-01,EUR/PLN,4.246654545454545,-0.5558146807541179,-2.7065755518852272,4.282900562770563,4.288905622059101,4.29590296270155
2025-02-01,EUR/PLN,4.172225,-1.7526630588356062,-3.545326143914624,4.229756515151515,4.268989334180313,4.283123300003138
2025-03-01,EUR/PLN,4.182009523809523,0.23451572744812807,-2.899776549037057,4.200296356421355,4.25331473100571,4.272715760320597
2025-04-01,EUR/PLN,4.265219999999999,1.989724693756259,-0.8689964451252394,4.206484841269841,4.244692702020202,4.269599966669804
2025-05-01,EUR/PLN,4.2538,-0.26774703297835334,-0.6038102177221903,4.233676507936507,4.231716511544011,4.267446557578894
2025-06-01,EUR/PLN,4.265771428571427,0.2814290415963888,-1.2767724483230996,4.261597142857142,4.230946749639249,4.2628491766265135
2025-07-01,EUR/PLN,4.254147826086958,-0.2724853564965209,-0.6441930223253836,4.257906418219462,4.232195629744651,4.2605506259018755
2025-08-01,EUR/PLN,4.2613047619047615,0.16823430003810974,-0.7087588667988277,4.260408005521049,4.247042256728778,4.258015795454545
2025-09-01,EUR/PLN,4.258886363636364,-0.05675253011747517,-0.40155635547250096,4.258112983876027,4.259855063366585,4.256584897186147
2025-10-01,EUR/PLN,4.248791304347826,-0.23703518776018256,-1.5789118530686301,4.25632747662965,4.257116947424556,4.250904824722379
2025-11-01,EUR/PLN,4.237635,-0.26257595510538323,-2.1705813677378694,4.24843755599473,4.254422780757889,4.24306964615095
2025-12-01,EUR/PLN,4.223857142857144,-0.32513081336302907,-1.0896629381123772,4.2367611490683235,4.247437066472176,4.2391919080557114
2026-01-01,EUR/PLN,4.212657142857142,-0.26516048297091355,-0.800569065213753,4.224716428571429,4.24052195260054,4.236358791172594
2026-02-01,EUR/PLN,4.218359999999999,0.13537434805313228,1.1057649096105484,4.218291428571428,4.23336449228308,4.240203374505928
2026-03-01,EUR/PLN,4.271463636363635,1.2588692374201487,2.1390222103709147,4.234160259740258,4.23546070440429,4.247657883885437
2026-04-01,EUR/PLN,4.250185,-0.49815796586647504,-0.35250233282220483,4.246669545454545,4.235692987012986,4.246404967218771
2026-05-01,EUR/PLN,4.24062,-0.22504902727764242,-0.3098406130988808,4.254089545454545,4.236190487012987,4.245306633885438
